rid,fac,hosp,Y,x1,x2,x3
1,F01,H7,1,-0.59375,-0.578125,0.0
2,F01,H2,0,-0.578125,-0.96875,0.0
3,F01,H2,0,0.09375,0.1875,0.0
4,F01,H2,0,-0.34375,0.390625,0.0
5,F01,H7,0,0.140625,-0.109375,0.0
6,F01,H7,1,1.5,0.203125,1.0
7,F01,H2,0,-0.40625,0.90625,1.0
8,F01,H8,1,0.703125,-0.5,0.0
9,F01,H2,1,0.015625,-0.09375,0.0
10,F01,H7,0,-0.65625,0.34375,0.0
11,F01,H2,1,-0.421875,0.390625,0.0
12,F01,H8,0,1.75,-0.53125,0.0
13,F01,H2,0,-0.171875,-0.546875,0.0
14,F01,H2,0,-0.75,0.046875,0.0
15,F01,H2,0,0.03125,0.890625,0.0
16,F01,H7,1,-1.65625,-0.296875,1.0
17,F01,H8,0,0.171875,0.859375,1.0
18,F01,H2,1,0.671875,-0.96875,1.0
19,F01,H8,0,-1.515625,-0.515625,1.0
20,F01,H2,1,0.265625,-0.421875,0.0
21,F01,H7,1,1.703125,-0.765625,0.0
22,F01,H2,0,0.3125,-0.21875,0.0
23,F01,H8,0,1.703125,-0.515625,0.0
24,F01,H2,0,0.375,0.59375,0.0
25,F01,H7,0,-1.265625,-0.953125,0.0
26,F01,H2,1,0.078125,0.578125,1.0
27,F01,H2,0,1.78125,-0.0625,0.0
28,F01,H2,1,0.25,0.921875,0.0
29,F01,H2,0,0.03125,-0.171875,0.0
30,F01,H2,1,1.0625,0.984375,0.0
31,F01,H8,0,-0.109375,0.078125,1.0
32,F01,H7,0,-1.6875,-0.28125,0.0
33,F01,H8,1,-0.765625,0.75,1.0
34,F01,H2,1,0.171875,0.71875,0.0
35,F01,H7,0,-1.0625,-0.125,0.0
36,F01,H8,1,-0.390625,-0.90625,0.0
37,F01,H2,0,-0.875,0.6875,0.0
38,F01,H8,1,-0.015625,0.625,0.0
39,F01,H2,0,1.171875,0.359375,0.0
40,F01,H7,1,0.6875,-0.703125,0.0
41,F01,H2,0,0.625,0.34375,1.0
42,F01,H2,1,0.625,-0.28125,0.0
43,F01,H2,1,-0.203125,-0.53125,0.0
44,F01,H7,0,0.578125,0.765625,0.0
45,F01,H2,0,0.359375,-0.46875,0.0
46,F01,H7,1,-0.0625,-0.921875,0.0
47,F01,H8,0,0.25,0.40625,0.0
48,F01,H2,0,-1.015625,0.8125,0.0
49,F01,H2,0,0.828125,0.125,1.0
50,F01,H2,0,0.1875,0.890625,0.0
51,F01,H7,0,0.453125,-0.09375,0.0
52,F01,H2,1,1.078125,-0.921875,1.0
53,F01,H2,1,0.640625,0.671875,0.0
54,F02,H3,0,0.453125,0.625,1.0
55,F02,H4,0,-0.890625,0.328125,0.0
56,F02,H4,0,1.1875,0.953125,1.0
57,F02,H3,1,-0.203125,-0.53125,1.0
58,F02,H3,0,0.484375,0.125,0.0
59,F02,H1,1,2.296875,-1.0,1.0
60,F02,H3,0,0.5625,-0.875,1.0
61,F02,H3,1,1.125,-0.40625,0.0
62,F02,H3,0,0.15625,-0.3125,0.0
63,F02,H5,1,0.96875,-0.359375,1.0
64,F02,H3,1,0.046875,0.0,0.0
65,F02,H3,0,-1.328125,-0.65625,0.0
66,F02,H3,0,-0.578125,-1.0,1.0
67,F02,H4,0,0.25,-0.0625,0.0
68,F02,H3,0,0.625,-0.171875,0.0
69,F02,H3,0,-0.0,0.34375,1.0
70,F02,H3,1,0.625,-0.84375,0.0
71,F02,H3,0,-0.640625,0.4375,1.0
72,F02,H3,1,-0.296875,0.328125,0.0
73,F02,H3,1,-0.421875,-0.171875,0.0
74,F02,H1,0,0.359375,-0.171875,0.0
75,F02,H5,1,0.625,-0.734375,0.0
76,F02,H4,1,1.078125,0.53125,1.0
77,F02,H4,0,-0.96875,0.125,1.0
78,F02,H4,0,1.328125,-0.5625,0.0
79,F02,H3,0,0.265625,-0.78125,1.0
80,F02,H3,0,0.046875,-0.828125,1.0
81,F02,H1,1,1.75,-0.4375,0.0
82,F02,H3,0,0.578125,0.75,0.0
83,F02,H4,0,1.390625,0.1875,0.0
84,F02,H3,1,0.34375,0.1875,0.0
85,F02,H5,0,1.09375,-0.78125,0.0
86,F02,H3,0,0.578125,0.578125,0.0
87,F02,H3,0,-1.59375,-0.390625,0.0
88,F02,H1,0,0.9375,-0.359375,1.0
89,F02,H1,0,2.546875,0.984375,0.0
90,F02,H4,0,-0.546875,0.984375,0.0
91,F02,H5,0,0.140625,0.609375,0.0
92,F02,H3,1,-0.3125,0.390625,0.0
93,F02,H1,0,-1.9375,0.65625,1.0
94,F02,H3,0,-0.203125,0.046875,1.0
95,F02,H3,1,1.53125,-0.125,1.0
96,F02,H5,0,-1.25,-0.3125,1.0
97,F02,H3,0,0.875,-0.265625,0.0
98,F02,H1,0,-0.765625,0.15625,0.0
99,F02,H4,0,0.125,-0.265625,0.0
100,F02,H3,0,0.703125,-0.671875,0.0
101,F02,H3,0,0.59375,0.984375,0.0
102,F02,H3,1,-0.765625,0.78125,1.0
103,F02,H5,0,-2.375,-0.125,1.0
104,F02,H3,0,0.5,0.46875,0.0
105,F02,H3,0,0.5,-0.8125,0.0
106,F02,H3,1,0.40625,0.5625,1.0
107,F02,H3,0,0.609375,-0.125,0.0
108,F02,H4,0,-1.890625,0.734375,0.0
109,F02,H3,0,-1.78125,0.125,0.0
110,F02,H4,0,1.09375,0.265625,1.0
111,F02,H4,0,0.890625,-0.671875,0.0
112,F02,H1,0,-0.6875,0.046875,1.0
113,F02,H3,0,0.59375,0.78125,0.0
114,F02,H3,0,1.75,-0.4375,1.0
115,F02,H3,1,0.21875,-0.90625,0.0
116,F02,H3,1,0.765625,0.9375,1.0
117,F02,H1,0,-0.96875,-0.734375,0.0
118,F02,H4,0,-0.21875,-0.234375,1.0
119,F02,H3,1,-0.21875,-0.390625,0.0
120,F03,H1,1,1.1875,-0.84375,1.0
121,F03,H1,0,-1.921875,0.140625,1.0
122,F03,H4,0,-0.90625,-0.890625,0.0
123,F03,H1,1,0.125,0.609375,1.0
124,F03,H4,1,0.078125,0.65625,1.0
125,F03,H1,0,-0.734375,-0.03125,0.0
126,F03,H1,0,-0.0625,0.25,0.0
127,F03,H4,0,0.5,-0.8125,0.0
128,F03,H4,0,0.421875,0.609375,0.0
129,F03,H4,0,0.640625,0.390625,0.0
130,F03,H4,0,0.34375,0.6875,0.0
131,F03,H4,0,-0.65625,0.71875,0.0
132,F03,H4,1,0.296875,0.0625,0.0
133,F03,H1,0,0.046875,0.71875,0.0
134,F03,H1,1,1.0,0.140625,0.0
135,F03,H4,0,-1.0,-0.96875,0.0
136,F03,H1,1,0.71875,-0.9375,1.0
137,F03,H1,1,1.328125,-0.265625,0.0
138,F03,H4,0,1.421875,-0.6875,0.0
139,F03,H4,1,1.890625,-0.71875,0.0
140,F03,H1,0,-2.265625,-0.0625,0.0
141,F03,H1,0,0.34375,0.0625,0.0
142,F03,H4,0,-1.71875,0.0625,1.0
143,F03,H4,0,-0.296875,0.796875,0.0
144,F03,H4,0,0.078125,-0.84375,1.0
145,F03,H4,0,-1.6875,0.546875,0.0
146,F03,H1,1,1.046875,-0.703125,0.0
147,F03,H4,0,-1.796875,-0.8125,0.0
148,F03,H4,0,0.734375,-0.078125,0.0
149,F03,H1,0,0.859375,-0.421875,1.0
150,F03,H4,0,-0.375,0.125,0.0
151,F03,H1,0,-1.125,0.5,0.0
152,F03,H1,1,-0.25,0.78125,1.0
153,F03,H4,0,1.609375,0.59375,1.0
154,F03,H4,0,-1.875,0.578125,0.0
155,F03,H4,0,-1.203125,0.703125,1.0
156,F03,H4,0,-0.5625,0.828125,0.0
157,F03,H1,0,-1.625,-0.140625,1.0
158,F03,H4,0,0.9375,-0.84375,1.0
159,F03,H1,0,-1.171875,0.90625,0.0
160,F03,H4,1,1.203125,-0.59375,0.0
161,F03,H4,1,-0.984375,-0.1875,0.0
162,F03,H4,0,1.03125,-0.234375,1.0
163,F03,H4,0,0.1875,0.609375,1.0
164,F03,H4,0,-1.921875,0.78125,1.0
165,F03,H4,1,0.25,-0.6875,0.0
166,F03,H4,1,0.859375,0.296875,0.0
167,F03,H1,0,0.03125,0.765625,0.0
168,F03,H4,0,1.53125,0.640625,0.0
169,F03,H4,0,0.859375,-0.703125,1.0
170,F03,H4,1,2.125,-0.328125,1.0
171,F03,H1,0,-0.375,0.296875,1.0
172,F03,H1,1,-2.0625,0.984375,0.0
173,F03,H4,0,0.984375,-0.28125,0.0
174,F03,H1,1,0.234375,-0.859375,0.0
175,F03,H4,0,-0.296875,-0.640625,1.0
176,F03,H1,1,0.796875,0.921875,1.0
177,F03,H4,1,-0.96875,-0.921875,1.0
178,F03,H1,0,-1.25,-0.34375,1.0
179,F03,H1,0,-1.1875,0.421875,0.0
180,F03,H4,0,-0.578125,0.75,1.0
181,F03,H4,1,-2.21875,-0.859375,0.0
182,F03,H4,1,0.0,0.875,1.0
183,F03,H1,1,-0.65625,-0.40625,0.0
184,F03,H4,0,-0.125,0.3125,0.0
185,F03,H1,0,0.390625,0.421875,0.0
186,F03,H4,0,-0.96875,0.359375,0.0
187,F03,H1,1,0.78125,-0.59375,1.0
188,F03,H4,0,0.75,0.34375,0.0
189,F03,H4,0,-1.203125,-0.9375,1.0
190,F03,H4,0,-0.03125,-0.125,0.0
191,F03,H4,0,-1.59375,0.078125,0.0
192,F03,H4,1,2.65625,-0.625,1.0
193,F03,H4,0,-1.046875,0.4375,0.0
194,F03,H4,0,0.515625,0.703125,0.0
195,F03,H4,0,1.6875,-0.140625,0.0
196,F03,H1,0,-1.328125,0.5,0.0
197,F03,H4,0,-1.71875,0.28125,0.0
198,F03,H4,0,-0.890625,0.875,1.0
199,F04,H5,0,0.859375,0.765625,0.0
200,F04,H5,1,0.734375,-0.40625,0.0
201,F04,H5,1,0.96875,-0.421875,0.0
202,F04,H5,0,1.140625,-0.625,0.0
203,F04,H5,1,-1.859375,-0.484375,1.0
204,F04,H5,1,0.953125,0.5,1.0
205,F04,H7,1,-0.46875,-0.421875,1.0
206,F04,H3,0,-0.296875,0.5625,1.0
207,F04,H7,0,-1.34375,-0.984375,1.0
208,F04,H3,0,-1.71875,0.390625,0.0
209,F04,H5,0,-0.453125,-0.9375,0.0
210,F04,H3,0,0.71875,-0.03125,0.0
211,F04,H5,0,2.140625,0.890625,1.0
212,F04,H5,0,-1.015625,-0.90625,1.0
213,F04,H3,1,0.078125,-0.421875,0.0
214,F04,H7,0,-0.734375,0.890625,1.0
215,F04,H3,0,-1.953125,0.390625,1.0
216,F04,H7,0,0.84375,0.515625,0.0
217,F04,H3,1,1.140625,0.578125,0.0
218,F04,H3,0,-0.046875,-0.390625,0.0
219,F04,H7,0,-2.015625,0.875,0.0
220,F04,H5,0,-0.421875,0.609375,0.0
221,F04,H3,0,0.234375,0.578125,0.0
222,F04,H5,1,1.3125,0.375,0.0
223,F04,H3,0,-0.859375,0.171875,0.0
224,F04,H5,0,-0.71875,-0.109375,0.0
225,F04,H3,1,1.109375,0.59375,1.0
226,F04,H7,1,1.1875,-0.015625,0.0
227,F04,H7,0,1.15625,-0.046875,1.0
228,F04,H3,0,0.28125,0.515625,1.0
229,F04,H3,0,-0.28125,0.765625,0.0
230,F04,H5,1,0.484375,0.734375,0.0
231,F04,H7,0,-0.140625,-0.734375,0.0
232,F04,H7,0,-1.375,0.359375,0.0
233,F04,H3,0,-0.640625,-0.609375,0.0
234,F04,H5,0,0.515625,0.03125,1.0
235,F04,H5,0,-0.90625,0.59375,1.0
236,F04,H7,0,1.28125,0.796875,0.0
237,F04,H3,0,1.140625,-0.5625,0.0
238,F04,H7,0,-0.765625,0.375,0.0
239,F04,H3,0,-0.984375,0.828125,0.0
240,F04,H7,0,-0.375,-0.125,0.0
241,F05,H6,1,-0.234375,0.359375,0.0
242,F05,H6,1,0.9375,-0.984375,0.0
243,F05,H2,0,-0.390625,0.078125,1.0
244,F05,H6,0,-0.765625,0.375,1.0
245,F05,H6,0,-0.546875,0.484375,0.0
246,F05,H2,1,2.0,-0.03125,1.0
247,F05,H6,1,0.640625,-0.671875,1.0
248,F05,H6,0,-1.484375,-0.765625,1.0
249,F05,H6,0,0.21875,0.921875,1.0
250,F05,H6,0,-0.75,0.890625,0.0
251,F05,H6,0,0.203125,-0.90625,0.0
252,F05,H6,1,1.171875,0.09375,0.0
253,F05,H2,1,1.234375,-0.171875,0.0
254,F05,H6,0,2.796875,-0.75,0.0
255,F05,H6,0,-1.515625,-0.390625,1.0
256,F05,H2,1,-0.953125,0.734375,0.0
257,F05,H6,1,-0.40625,0.6875,0.0
258,F05,H2,1,2.34375,-0.640625,0.0
259,F05,H6,0,-0.453125,0.890625,0.0
260,F05,H7,0,-1.703125,0.109375,0.0
261,F05,H6,1,-0.359375,-0.359375,0.0
262,F05,H6,1,1.671875,0.09375,1.0
263,F05,H4,0,-0.421875,0.734375,0.0
264,F05,H6,0,1.015625,0.046875,0.0
265,F05,H4,1,0.78125,-0.828125,0.0
266,F05,H6,1,-0.859375,0.21875,1.0
267,F05,H4,0,0.5625,0.328125,0.0
268,F05,H6,0,-0.546875,-0.453125,1.0
269,F05,H6,0,-1.4375,0.59375,0.0
270,F05,H7,1,0.375,-0.921875,0.0
271,F05,H7,1,1.28125,-0.71875,0.0
272,F05,H7,1,0.21875,-0.203125,0.0
273,F05,H6,1,1.28125,-0.09375,1.0
274,F05,H6,1,-0.0625,-0.375,0.0
275,F05,H7,0,1.5,0.796875,0.0
276,F05,H6,0,1.703125,-0.25,0.0
277,F05,H7,0,-0.921875,0.390625,0.0
278,F05,H6,0,0.703125,0.390625,1.0
279,F05,H6,1,-0.4375,0.890625,1.0
280,F05,H2,0,-0.765625,0.703125,0.0
281,F05,H2,0,-1.859375,0.015625,0.0
282,F05,H6,1,0.46875,-0.140625,0.0
283,F05,H6,1,0.53125,0.09375,0.0
284,F05,H6,0,0.734375,0.3125,0.0
285,F05,H2,0,0.078125,0.46875,1.0
286,F05,H6,0,-2.328125,0.578125,1.0
287,F05,H7,0,0.171875,0.046875,0.0
288,F05,H6,0,-1.96875,-0.375,0.0
289,F05,H2,1,0.65625,-0.671875,1.0
290,F05,H6,1,-0.359375,0.421875,1.0
291,F05,H2,1,0.734375,0.796875,1.0
292,F05,H4,1,1.578125,0.296875,0.0
293,F05,H7,1,-0.109375,-0.25,1.0
294,F05,H6,0,-0.484375,0.921875,0.0
295,F05,H2,0,-1.484375,-0.15625,0.0
296,F06,H7,1,1.75,-0.421875,0.0
297,F06,H7,0,-0.859375,-0.84375,1.0
298,F06,H2,0,0.703125,-0.234375,0.0
299,F06,H2,0,-0.53125,-0.28125,1.0
300,F06,H7,1,-0.578125,0.890625,0.0
301,F06,H2,0,-0.640625,-0.375,1.0
302,F06,H2,0,-1.4375,-0.859375,1.0
303,F06,H7,1,0.21875,-0.0,1.0
304,F06,H7,0,0.984375,0.5,0.0
305,F06,H7,0,-0.140625,-0.65625,0.0
306,F06,H2,1,-0.90625,0.65625,0.0
307,F06,H7,0,-0.3125,-0.078125,0.0
308,F06,H7,1,0.28125,-0.25,0.0
309,F06,H7,0,0.421875,-0.8125,0.0
310,F06,H7,1,0.0625,0.5625,1.0
311,F06,H7,0,-1.390625,0.625,1.0
312,F06,H7,0,0.5625,0.65625,0.0
313,F06,H2,0,0.578125,0.1875,0.0
314,F06,H7,1,0.578125,0.796875,0.0
315,F06,H7,1,0.65625,0.109375,0.0
316,F06,H2,1,0.0625,0.71875,0.0
317,F06,H2,0,-0.828125,-0.046875,0.0
318,F06,H7,0,-1.609375,-0.03125,0.0
319,F06,H2,1,-0.984375,-0.75,0.0
320,F06,H2,1,-0.921875,0.6875,0.0
321,F06,H2,0,-1.484375,0.359375,0.0
322,F06,H7,0,0.921875,0.796875,0.0
323,F06,H2,0,0.84375,-0.9375,0.0
324,F06,H7,1,0.984375,0.796875,1.0
325,F06,H2,1,0.0625,0.0625,0.0
326,F06,H7,0,0.171875,0.15625,0.0
327,F06,H2,1,0.796875,-0.453125,1.0
328,F06,H7,0,0.84375,0.046875,0.0
329,F06,H2,0,0.859375,-0.859375,1.0
330,F06,H2,0,-0.765625,-0.359375,0.0
331,F06,H7,1,0.015625,-0.5,1.0
332,F06,H7,0,-0.25,0.4375,0.0
333,F06,H7,0,-1.390625,-0.609375,0.0
334,F06,H7,0,0.3125,0.359375,0.0
335,F06,H7,0,-0.765625,-0.1875,0.0
336,F06,H7,0,-0.984375,0.375,0.0
337,F06,H2,0,-1.1875,-0.203125,0.0
338,F06,H2,0,-0.703125,-0.265625,0.0
339,F06,H7,0,-0.453125,-0.625,0.0
340,F06,H2,0,-0.15625,-0.140625,1.0
341,F06,H2,0,-0.5,0.921875,0.0
342,F06,H7,1,-0.328125,0.265625,1.0
343,F06,H2,0,-0.046875,0.0,0.0
344,F06,H7,1,0.5,0.328125,0.0
345,F06,H2,0,-1.515625,-0.828125,0.0
346,F06,H2,1,0.609375,-0.25,0.0
347,F06,H7,1,0.21875,-0.84375,0.0
348,F06,H2,0,1.40625,0.671875,0.0
349,F06,H2,0,-1.640625,0.453125,0.0
350,F06,H2,0,-1.0625,0.78125,0.0
351,F06,H7,0,0.15625,-0.265625,0.0
352,F06,H7,0,0.65625,0.484375,1.0
353,F06,H7,1,0.3125,-0.0625,1.0
354,F06,H2,1,1.5625,0.546875,0.0
355,F06,H7,0,-1.328125,0.609375,0.0
356,F06,H2,1,-0.8125,-0.203125,0.0
357,F06,H7,0,0.53125,-0.8125,0.0
358,F06,H2,1,-0.703125,-0.0625,0.0
359,F06,H2,0,1.21875,-0.078125,0.0
360,F06,H2,0,-1.171875,-0.828125,0.0
361,F06,H2,1,0.578125,-0.953125,1.0
362,F06,H7,1,0.6875,-0.90625,0.0
363,F06,H7,1,-0.0625,0.78125,1.0
364,F07,H8,0,-0.875,0.9375,1.0
365,F07,H8,1,-0.0625,-0.203125,0.0
366,F07,H3,1,0.0625,-0.296875,1.0
367,F07,H8,1,0.9375,-0.375,0.0
368,F07,H8,0,1.265625,0.421875,1.0
369,F07,H3,1,-1.140625,-0.40625,0.0
370,F07,H8,1,2.796875,-0.421875,0.0
371,F07,H8,1,2.375,-0.328125,1.0
372,F07,H8,1,1.640625,-0.671875,0.0
373,F07,H2,0,1.765625,0.734375,0.0
374,F07,H2,1,0.84375,-0.921875,1.0
375,F07,H8,1,-0.28125,-0.328125,1.0
376,F07,H2,0,-2.578125,-0.578125,0.0
377,F07,H8,0,-0.828125,-0.59375,0.0
378,F07,H3,0,-0.09375,-0.625,0.0
379,F07,H8,0,-1.1875,-0.640625,1.0
380,F07,H2,0,-1.171875,-0.6875,0.0
381,F07,H8,1,-0.46875,0.5625,0.0
382,F07,H8,1,0.28125,0.90625,0.0
383,F07,H8,1,-0.09375,0.09375,0.0
384,F07,H8,0,-0.171875,0.0,0.0
385,F07,H2,0,-0.796875,-0.6875,0.0
386,F07,H8,0,0.390625,-0.078125,0.0
387,F07,H2,0,0.109375,0.890625,0.0
388,F07,H8,0,-0.796875,-0.21875,0.0
389,F07,H8,1,-0.125,0.15625,0.0
390,F07,H8,0,-0.171875,0.28125,0.0
391,F07,H2,0,0.59375,-0.25,0.0
392,F07,H8,0,-1.421875,-0.875,0.0
393,F07,H3,0,0.703125,-0.359375,0.0
394,F07,H2,1,0.0,0.1875,0.0
395,F07,H8,0,0.578125,0.34375,0.0
396,F07,H8,0,-1.484375,0.265625,1.0
397,F07,H8,0,0.421875,0.46875,1.0
398,F07,H8,0,0.34375,0.296875,0.0
399,F07,H8,0,1.125,0.671875,0.0
400,F07,H8,0,-1.703125,0.984375,0.0
401,F07,H8,0,-0.15625,0.796875,0.0
402,F07,H8,0,-0.625,-0.890625,0.0
403,F07,H8,1,-0.25,-0.4375,0.0
404,F07,H3,1,-0.1875,0.65625,0.0
405,F07,H2,0,1.203125,0.828125,0.0
406,F07,H3,0,-1.09375,-0.5,0.0
407,F07,H8,1,-0.921875,-0.875,0.0
408,F07,H8,1,0.796875,-0.265625,0.0
409,F07,H3,1,-1.03125,0.046875,1.0
410,F07,H8,0,0.375,-0.78125,1.0
411,F07,H2,1,-0.734375,-0.3125,1.0
412,F07,H3,0,-1.59375,-0.0625,1.0
413,F07,H8,0,-0.109375,0.390625,0.0
414,F07,H3,1,0.953125,-0.3125,0.0
415,F07,H8,0,1.71875,-0.5625,0.0
416,F07,H2,0,0.109375,-0.015625,1.0
417,F07,H8,0,1.5625,-0.53125,1.0
418,F07,H8,0,-0.53125,0.46875,0.0
419,F07,H8,0,-0.09375,0.984375,0.0
420,F07,H8,1,1.6875,0.671875,1.0
421,F07,H8,1,0.75,-0.015625,1.0
422,F07,H8,0,-0.1875,-0.5625,0.0
423,F07,H2,1,1.328125,0.78125,1.0
424,F07,H2,0,0.203125,0.984375,1.0
425,F07,H8,0,-3.21875,-0.96875,0.0
426,F07,H3,1,-1.203125,-0.140625,1.0
427,F07,H8,0,-0.015625,0.65625,0.0
428,F07,H8,0,0.15625,0.9375,1.0
429,F07,H8,0,-1.109375,0.875,0.0
430,F07,H2,1,2.390625,-0.484375,1.0
431,F07,H2,0,0.078125,-0.328125,0.0
432,F07,H3,1,-1.125,0.453125,1.0
433,F07,H2,1,-0.65625,-0.9375,1.0
434,F07,H8,0,1.453125,-0.65625,0.0
435,F07,H2,0,0.125,0.15625,0.0
436,F07,H8,0,-0.625,0.9375,0.0
437,F07,H8,0,1.90625,-0.671875,0.0
438,F07,H8,0,0.5,-0.59375,0.0
439,F07,H2,1,0.109375,-0.125,0.0
440,F07,H8,0,-0.140625,-0.0625,0.0
441,F07,H8,0,-1.421875,-0.46875,0.0
442,F07,H2,0,-0.640625,0.09375,0.0
443,F07,H2,0,-0.03125,-0.140625,0.0
444,F07,H8,1,-0.796875,0.921875,0.0
445,F08,H1,0,-1.4375,-0.78125,0.0
446,F08,H2,0,-0.25,0.5,0.0
447,F08,H2,0,0.515625,-0.03125,1.0
448,F08,H1,0,-1.84375,-0.796875,1.0
449,F08,H6,1,0.171875,0.96875,0.0
450,F08,H1,0,-1.0625,0.5,0.0
451,F08,H8,0,0.640625,0.6875,0.0
452,F08,H6,0,-0.171875,0.625,0.0
453,F08,H8,0,-0.8125,-0.0625,0.0
454,F08,H2,1,0.4375,0.953125,0.0
455,F08,H6,0,1.078125,-0.171875,0.0
456,F08,H2,0,-0.75,0.03125,0.0
457,F08,H2,1,0.546875,-0.671875,0.0
458,F08,H1,0,-1.125,-0.3125,0.0
459,F08,H1,0,0.4375,0.875,1.0
460,F08,H1,1,0.609375,-0.375,1.0
461,F08,H6,0,0.15625,0.609375,0.0
462,F08,H1,0,-1.640625,0.6875,0.0
463,F08,H1,0,-0.671875,0.96875,1.0
464,F08,H1,1,0.53125,1.0,0.0
465,F08,H1,0,1.5,0.71875,0.0
466,F08,H6,0,1.453125,0.25,1.0
467,F08,H1,0,-0.875,0.875,0.0
468,F08,H1,1,-0.40625,-0.40625,0.0
469,F08,H1,0,0.21875,-0.171875,1.0
470,F08,H1,0,-0.15625,-0.921875,0.0
471,F08,H6,0,-0.265625,-0.453125,0.0
472,F08,H2,0,-0.75,0.84375,0.0
473,F08,H2,0,1.5625,0.375,0.0
474,F08,H1,0,-0.125,-0.96875,0.0
475,F08,H2,0,0.0,-0.140625,1.0
476,F08,H1,0,-1.109375,0.34375,0.0
477,F08,H8,1,0.109375,0.421875,0.0
478,F08,H2,1,0.03125,-0.5625,0.0
479,F08,H1,0,0.65625,0.890625,0.0
480,F08,H1,0,0.609375,-0.828125,0.0
481,F08,H1,0,-0.203125,0.421875,1.0
482,F08,H2,0,0.09375,0.71875,0.0
483,F08,H1,0,-0.6875,0.9375,1.0
484,F08,H6,0,1.90625,-0.84375,0.0
485,F08,H1,0,0.296875,0.625,1.0
486,F08,H2,0,0.875,0.796875,0.0
487,F08,H1,0,-0.125,0.8125,1.0
488,F08,H1,0,-0.171875,-0.5625,0.0
489,F09,H6,1,-0.109375,-0.0,0.0
490,F09,H6,0,-0.625,-0.109375,0.0
491,F09,H6,0,-1.5,0.40625,0.0
492,F09,H2,1,0.078125,-0.828125,0.0
493,F09,H6,1,0.421875,0.375,0.0
494,F09,H6,1,-1.09375,0.453125,0.0
495,F09,H2,1,1.046875,0.234375,0.0
496,F09,H2,1,0.3125,-0.71875,0.0
497,F09,H6,1,0.0625,-0.734375,0.0
498,F09,H6,1,1.375,0.5625,0.0
499,F09,H2,1,2.9375,-0.234375,0.0
500,F09,H2,1,1.375,0.1875,0.0
501,F09,H2,0,3.40625,0.5,0.0
502,F09,H6,0,0.671875,-0.46875,0.0
503,F09,H6,0,0.046875,-0.625,0.0
504,F09,H2,1,-0.5625,0.234375,0.0
505,F09,H6,0,0.0625,-0.578125,1.0
506,F09,H6,1,0.640625,0.640625,0.0
507,F09,H2,0,-2.09375,0.328125,0.0
508,F09,H2,1,0.03125,0.859375,0.0
509,F09,H6,1,2.40625,-0.171875,0.0
510,F09,H6,1,-1.828125,0.4375,0.0
511,F09,H2,1,0.515625,0.8125,0.0
512,F09,H6,1,-1.625,0.078125,0.0
513,F09,H2,1,0.5625,0.578125,0.0
514,F09,H2,1,0.046875,-0.453125,0.0
515,F09,H6,1,-0.765625,0.890625,1.0
516,F09,H2,1,-0.59375,-0.90625,0.0
517,F09,H6,1,1.84375,-0.59375,0.0
518,F09,H6,1,0.484375,-0.375,1.0
519,F09,H2,1,1.1875,-0.296875,0.0
520,F09,H2,0,-0.390625,0.703125,0.0
521,F09,H6,0,-0.40625,-0.359375,0.0
522,F09,H2,1,-0.390625,-0.046875,1.0
523,F09,H2,1,0.140625,0.640625,0.0
524,F09,H2,0,-0.25,-0.15625,0.0
525,F09,H6,0,-0.96875,0.03125,0.0
526,F09,H2,0,0.109375,-0.15625,0.0
527,F09,H2,0,-1.84375,0.984375,0.0
528,F09,H6,1,-0.40625,-0.375,1.0
529,F09,H2,0,-2.90625,-0.59375,0.0
530,F09,H2,0,1.265625,0.6875,0.0
531,F09,H2,1,0.328125,-0.328125,0.0
532,F09,H2,1,-0.765625,0.90625,1.0
533,F09,H6,0,-0.703125,0.046875,0.0
534,F09,H2,1,-0.3125,0.453125,1.0
535,F09,H2,1,-0.234375,0.078125,0.0
536,F09,H6,0,-0.28125,0.140625,0.0
537,F09,H6,1,-1.359375,0.265625,1.0
538,F09,H6,0,0.875,0.734375,1.0
539,F09,H2,1,-0.125,-0.53125,0.0
540,F09,H2,1,-0.53125,-0.125,0.0
541,F09,H6,0,0.421875,-0.75,0.0
542,F09,H2,0,0.234375,0.625,1.0
543,F09,H2,1,-0.390625,-0.59375,1.0
544,F09,H2,1,1.671875,-0.25,0.0
545,F09,H6,1,-1.703125,-0.96875,1.0
546,F10,H3,0,-0.90625,0.1875,0.0
547,F10,H3,0,0.78125,0.21875,1.0
548,F10,H3,1,-1.625,0.109375,0.0
549,F10,H3,1,0.828125,-0.046875,0.0
550,F10,H5,1,0.109375,-0.671875,1.0
551,F10,H2,0,-0.3125,0.828125,0.0
552,F10,H2,0,-0.28125,-0.0625,0.0
553,F10,H2,0,-0.15625,-0.609375,1.0
554,F10,H3,0,-1.1875,0.25,0.0
555,F10,H5,0,-0.078125,0.421875,0.0
556,F10,H3,0,-0.90625,0.921875,0.0
557,F10,H5,1,0.390625,0.40625,1.0
558,F10,H3,1,0.875,0.015625,0.0
559,F10,H3,0,-0.375,-0.734375,0.0
560,F10,H3,0,-2.8125,0.09375,1.0
561,F10,H3,0,1.078125,0.515625,0.0
562,F10,H5,1,-1.28125,-0.609375,0.0
563,F10,H2,0,1.328125,-0.828125,0.0
564,F10,H3,0,-0.6875,0.796875,0.0
565,F10,H2,0,-0.09375,0.453125,1.0
566,F10,H3,0,0.328125,0.65625,1.0
567,F10,H5,0,-0.90625,-0.15625,1.0
568,F10,H3,0,1.375,0.78125,1.0
569,F10,H3,1,1.0625,-0.109375,0.0
570,F10,H3,0,-0.078125,-0.0625,0.0
571,F10,H3,1,0.828125,-0.625,1.0
572,F10,H3,1,-0.34375,0.484375,1.0
573,F10,H2,0,-0.609375,0.8125,1.0
574,F10,H3,0,0.5,-0.71875,1.0
575,F10,H3,1,0.546875,0.875,0.0
576,F10,H3,0,-0.28125,-0.203125,0.0
577,F10,H5,0,-0.3125,-0.40625,0.0
578,F10,H5,0,0.609375,-0.109375,1.0
579,F10,H5,1,-0.671875,-0.21875,0.0
580,F10,H5,0,0.65625,0.984375,1.0
581,F10,H3,1,0.03125,-0.0,0.0
582,F10,H5,0,0.203125,0.5,0.0
583,F10,H3,1,0.03125,-0.171875,1.0
584,F10,H3,1,0.75,-0.984375,0.0
585,F10,H5,1,0.375,-0.515625,1.0
586,F10,H3,0,0.921875,-0.28125,0.0
587,F10,H3,0,-0.203125,-0.40625,0.0
588,F10,H2,0,0.125,0.875,1.0
589,F10,H2,0,1.1875,0.5,0.0
590,F10,H3,0,-0.40625,-0.796875,0.0
591,F10,H5,1,0.75,-0.578125,0.0
592,F10,H5,0,-0.859375,-0.703125,0.0
593,F10,H3,1,-1.484375,0.640625,1.0
594,F10,H3,0,0.03125,0.375,0.0
595,F10,H5,0,-1.3125,-0.0,0.0
596,F10,H5,1,0.0,-0.484375,0.0
597,F10,H2,0,-0.046875,0.578125,0.0
598,F10,H3,0,-0.71875,0.265625,0.0
599,F10,H3,0,-1.484375,-0.6875,1.0
600,F10,H3,0,-0.140625,0.671875,0.0
601,F10,H3,0,-0.953125,0.1875,0.0
602,F10,H5,1,-0.640625,0.984375,1.0
603,F10,H5,1,-0.390625,0.6875,1.0
604,F10,H3,0,-1.8125,0.0625,1.0
605,F10,H3,1,-0.09375,-0.8125,0.0
606,F10,H5,0,0.703125,-0.53125,1.0
607,F10,H3,0,0.828125,-0.90625,0.0
608,F10,H3,1,-0.546875,-0.234375,0.0
609,F10,H5,0,0.5625,-0.15625,1.0
610,F10,H2,0,-1.484375,0.625,1.0
611,F10,H3,0,-1.0625,-0.640625,1.0
612,F10,H3,0,0.8125,-0.8125,0.0
613,F10,H3,1,0.46875,0.1875,0.0
614,F10,H3,1,-0.8125,1.0,0.0
615,F10,H3,0,1.90625,-0.046875,1.0
616,F11,H4,0,-0.09375,-0.234375,1.0
617,F11,H4,0,0.0,-0.4375,1.0
618,F11,H4,0,-0.109375,0.046875,1.0
619,F11,H4,0,-0.375,0.375,1.0
620,F11,H4,0,-0.5625,0.734375,0.0
621,F11,H8,0,-1.03125,0.3125,0.0
622,F11,H8,0,-0.65625,0.953125,1.0
623,F11,H4,0,-0.84375,-0.109375,1.0
624,F11,H8,0,-0.28125,0.203125,0.0
625,F11,H4,0,-1.046875,0.125,0.0
626,F11,H4,0,-1.328125,-0.75,0.0
627,F11,H4,0,0.953125,-0.3125,0.0
628,F11,H1,0,-2.578125,0.53125,0.0
629,F11,H3,0,-0.078125,0.234375,1.0
630,F11,H4,0,-0.515625,-0.90625,0.0
631,F11,H4,1,-2.046875,-0.40625,0.0
632,F11,H3,0,0.65625,0.828125,0.0
633,F11,H4,0,-1.84375,0.546875,0.0
634,F11,H4,1,0.15625,0.453125,1.0
635,F11,H4,1,-0.125,-0.59375,0.0
636,F11,H3,0,-0.234375,0.125,1.0
637,F11,H1,0,0.171875,0.796875,0.0
638,F11,H3,0,-1.59375,-0.40625,0.0
639,F11,H4,0,-0.390625,-0.75,0.0
640,F11,H3,0,-0.203125,0.203125,1.0
641,F11,H4,1,1.3125,0.859375,0.0
642,F11,H4,0,-0.59375,0.390625,1.0
643,F11,H4,0,-0.78125,-0.78125,1.0
644,F11,H4,0,1.09375,-0.4375,1.0
645,F11,H4,1,0.6875,-0.515625,1.0
646,F11,H4,1,0.625,-0.3125,1.0
647,F11,H3,0,0.234375,-0.921875,0.0
648,F11,H3,1,-0.296875,-0.28125,0.0
649,F11,H4,0,-0.984375,0.34375,0.0
650,F11,H4,0,-0.9375,0.328125,0.0
651,F11,H3,0,1.25,-0.953125,0.0
652,F11,H3,1,-0.5625,0.609375,0.0
653,F11,H4,0,-2.078125,0.265625,0.0
654,F11,H8,0,0.578125,-0.03125,0.0
655,F11,H3,1,1.734375,-0.625,0.0
656,F11,H4,0,-0.375,0.8125,0.0
657,F11,H4,0,0.203125,-0.359375,1.0
658,F11,H4,0,-0.109375,0.171875,0.0
659,F11,H8,1,0.984375,0.4375,1.0
660,F11,H4,0,-0.296875,-0.28125,0.0
661,F11,H8,0,-2.484375,0.03125,0.0
662,F11,H3,0,-0.234375,0.859375,0.0
663,F11,H3,0,0.78125,-0.453125,1.0
664,F11,H4,0,-0.15625,-0.46875,0.0
665,F11,H3,0,1.03125,-0.15625,1.0
666,F11,H4,1,-0.75,-0.578125,0.0
667,F11,H3,0,-0.140625,-0.921875,0.0
668,F11,H1,0,-0.71875,0.109375,0.0
669,F11,H4,0,0.21875,0.265625,1.0
670,F11,H8,1,0.875,0.359375,1.0
671,F11,H8,0,-0.984375,-0.0,1.0
672,F11,H4,0,-0.65625,-0.71875,0.0
673,F11,H4,0,1.421875,-0.265625,0.0
674,F11,H4,0,-3.8125,0.59375,0.0
675,F11,H1,0,0.078125,-0.0625,0.0
676,F11,H4,1,0.953125,0.359375,1.0
677,F11,H1,0,-1.140625,-0.390625,0.0
678,F11,H8,1,-0.09375,0.09375,0.0
679,F11,H3,1,0.90625,-0.9375,1.0
680,F11,H4,0,0.78125,-0.671875,0.0
681,F11,H4,0,1.359375,-0.578125,0.0
682,F11,H4,0,1.171875,-0.765625,0.0
683,F11,H4,1,1.546875,-0.65625,0.0
684,F11,H4,0,-0.375,-0.09375,0.0
685,F11,H4,0,-0.65625,-0.46875,0.0
686,F11,H4,0,-1.0,-0.90625,0.0
687,F11,H4,0,-0.390625,-0.953125,0.0
688,F11,H8,1,1.078125,-0.015625,1.0
689,F11,H1,0,0.203125,-0.796875,1.0
690,F11,H3,1,0.390625,-0.875,0.0
691,F11,H4,0,-0.375,-0.640625,0.0
692,F11,H4,1,0.109375,-0.71875,0.0
693,F11,H8,0,-0.265625,0.46875,1.0
694,F11,H4,1,0.625,-0.375,1.0
695,F11,H4,0,1.578125,-0.609375,0.0
696,F11,H4,0,1.4375,-0.265625,0.0
697,F11,H8,0,-0.0625,-0.296875,0.0
698,F11,H4,1,-0.40625,-0.875,0.0
699,F12,H3,0,-0.53125,-0.25,0.0
700,F12,H3,0,0.28125,-0.75,1.0
701,F12,H3,0,-1.796875,-0.078125,1.0
702,F12,H5,1,0.953125,-0.59375,1.0
703,F12,H5,0,1.015625,0.625,1.0
704,F12,H3,0,-0.921875,-0.09375,0.0
705,F12,H3,0,0.6875,0.15625,1.0
706,F12,H5,0,-0.015625,0.359375,1.0
707,F12,H5,0,1.21875,-0.015625,1.0
708,F12,H5,0,-0.53125,0.546875,0.0
709,F12,H3,0,-1.25,-0.640625,0.0
710,F12,H5,0,-0.8125,0.53125,0.0
711,F12,H5,0,0.21875,-0.90625,0.0
712,F12,H3,0,0.34375,0.234375,1.0
713,F12,H3,0,0.765625,0.171875,1.0
714,F12,H3,0,0.546875,0.34375,0.0
715,F12,H3,0,-1.015625,-0.9375,0.0
716,F12,H5,1,1.25,0.328125,0.0
717,F12,H5,0,0.859375,0.15625,1.0
718,F12,H3,0,-0.046875,-0.28125,1.0
719,F12,H5,1,-0.671875,-0.171875,1.0
720,F12,H5,0,1.703125,-0.0625,1.0
721,F12,H5,0,1.515625,-0.5625,0.0
722,F12,H3,0,-0.203125,-0.0625,1.0
723,F12,H5,0,-0.28125,-0.3125,1.0
724,F12,H5,0,0.109375,-0.0625,0.0
725,F12,H5,0,0.9375,0.390625,0.0
726,F12,H5,0,-0.65625,0.953125,1.0
727,F12,H3,0,-1.953125,0.578125,1.0
728,F12,H5,0,-0.765625,0.09375,1.0
729,F12,H5,1,1.8125,1.0,0.0
730,F12,H5,1,2.15625,0.953125,0.0
731,F12,H3,0,-1.859375,0.15625,0.0
732,F12,H5,0,0.609375,0.203125,1.0
733,F12,H5,0,0.203125,-0.640625,0.0
734,F12,H5,0,-0.875,0.640625,1.0
735,F12,H3,1,0.40625,0.65625,1.0
736,F12,H3,0,0.046875,0.703125,1.0
737,F12,H5,0,-1.5,0.171875,0.0
738,F12,H3,0,-1.265625,-0.515625,1.0
739,F12,H5,0,0.640625,0.703125,0.0
740,F12,H5,0,-0.515625,0.578125,0.0
741,F12,H5,0,-0.484375,-0.359375,1.0
742,F12,H5,0,-1.015625,0.828125,0.0
743,F12,H3,0,-0.625,0.984375,0.0
744,F12,H5,0,1.15625,0.71875,0.0
745,F13,H6,0,-0.90625,-0.703125,1.0
746,F13,H5,1,1.6875,0.84375,0.0
747,F13,H5,0,-0.15625,0.234375,0.0
748,F13,H6,0,1.8125,-0.75,0.0
749,F13,H6,0,0.265625,0.53125,0.0
750,F13,H6,1,0.921875,0.59375,0.0
751,F13,H6,0,0.46875,-0.671875,0.0
752,F13,H6,0,0.890625,0.390625,0.0
753,F13,H5,1,1.078125,-0.859375,0.0
754,F13,H6,1,0.765625,0.03125,0.0
755,F13,H7,0,-0.703125,0.046875,0.0
756,F13,H6,1,-0.328125,-0.921875,1.0
757,F13,H7,0,-0.546875,0.234375,1.0
758,F13,H7,1,-0.359375,0.125,0.0
759,F13,H6,1,0.984375,-0.75,0.0
760,F13,H6,1,-1.4375,-0.96875,1.0
761,F13,H6,0,0.75,-0.3125,1.0
762,F13,H6,0,-0.671875,0.234375,0.0
763,F13,H6,1,0.3125,0.09375,0.0
764,F13,H7,0,-1.171875,-0.8125,0.0
765,F13,H6,0,-1.296875,0.25,1.0
766,F13,H6,0,-0.4375,0.46875,0.0
767,F13,H6,0,-0.609375,-0.6875,0.0
768,F13,H6,0,1.875,-0.5625,0.0
769,F13,H7,1,0.734375,0.0625,0.0
770,F13,H6,1,-2.0,-0.53125,1.0
771,F13,H6,1,0.96875,0.0,1.0
772,F13,H6,0,-0.28125,-0.875,0.0
773,F13,H6,1,1.03125,-0.421875,0.0
774,F13,H5,0,-0.5625,-0.0,1.0
775,F13,H7,0,-0.046875,0.8125,1.0
776,F13,H6,0,0.390625,0.640625,1.0
777,F13,H6,1,0.171875,-0.640625,0.0
778,F13,H6,0,-1.796875,-0.65625,1.0
779,F13,H6,1,1.53125,0.265625,0.0
780,F13,H5,0,0.703125,0.265625,0.0
781,F13,H6,0,0.296875,0.375,0.0
782,F13,H5,1,0.515625,-0.984375,0.0
783,F13,H6,0,0.265625,0.46875,0.0
784,F13,H5,1,0.78125,0.53125,0.0
785,F13,H6,0,-0.296875,0.640625,1.0
786,F13,H7,1,-0.03125,-0.28125,0.0
787,F13,H6,0,-0.875,0.890625,0.0
788,F13,H5,0,-0.640625,0.1875,0.0
789,F13,H6,0,-1.8125,-0.421875,0.0
790,F13,H6,1,0.78125,-0.296875,0.0
791,F13,H6,0,-1.109375,0.15625,0.0
792,F13,H6,0,-0.296875,0.078125,0.0
793,F13,H5,0,-0.5625,0.546875,1.0
794,F13,H7,1,1.09375,-0.671875,0.0
795,F13,H6,0,1.484375,0.78125,0.0
796,F13,H5,0,0.3125,-0.890625,1.0
797,F13,H6,0,-0.0,0.703125,0.0
798,F13,H5,1,1.265625,0.640625,0.0
799,F13,H6,0,-1.75,-0.90625,0.0
800,F13,H7,1,0.390625,0.359375,0.0
801,F13,H6,1,-0.171875,-0.421875,0.0
802,F13,H7,1,-0.734375,-0.0625,0.0
803,F13,H6,0,-0.359375,0.984375,0.0
804,F14,H7,1,-1.28125,-0.671875,0.0
805,F14,H1,0,-0.140625,0.09375,0.0
806,F14,H7,1,1.0,0.90625,0.0
807,F14,H7,0,-0.71875,0.90625,0.0
808,F14,H1,1,0.328125,-0.140625,0.0
809,F14,H6,0,-1.4375,0.96875,0.0
810,F14,H7,1,-0.21875,-0.53125,1.0
811,F14,H7,0,0.015625,-0.03125,0.0
812,F14,H6,0,-0.015625,-0.171875,0.0
813,F14,H6,0,-1.390625,-0.078125,0.0
814,F14,H7,0,-0.890625,-0.921875,0.0
815,F14,H1,0,-1.5,0.984375,0.0
816,F14,H7,1,1.484375,0.59375,0.0
817,F14,H7,1,-0.859375,0.0,0.0
818,F14,H7,1,-1.53125,0.359375,0.0
819,F14,H8,0,-0.75,0.3125,0.0
820,F14,H7,0,0.34375,-0.859375,0.0
821,F14,H8,0,-0.03125,0.59375,0.0
822,F14,H7,1,0.484375,-0.359375,1.0
823,F14,H7,0,-2.21875,-0.78125,1.0
824,F14,H8,0,1.609375,0.703125,0.0
825,F14,H7,0,0.59375,-0.28125,0.0
826,F14,H7,0,-0.796875,-0.921875,0.0
827,F14,H7,0,1.203125,-0.984375,0.0
828,F14,H7,1,0.96875,0.09375,0.0
829,F14,H7,0,2.84375,-0.484375,0.0
830,F14,H7,0,0.625,-0.625,1.0
831,F14,H7,1,-0.21875,0.71875,0.0
832,F14,H8,1,-0.015625,0.40625,1.0
833,F14,H1,0,-0.53125,-0.09375,1.0
834,F14,H1,0,0.234375,0.140625,0.0
835,F14,H7,0,-1.0625,0.40625,1.0
836,F14,H7,0,0.078125,0.5,0.0
837,F14,H7,0,-1.15625,-0.234375,0.0
838,F14,H7,0,-0.5625,-0.921875,0.0
839,F14,H7,0,-0.65625,0.828125,0.0
840,F14,H8,1,-0.078125,0.578125,1.0
841,F14,H1,0,1.359375,0.046875,0.0
842,F14,H8,0,-1.78125,0.375,0.0
843,F14,H7,0,-1.15625,-0.328125,0.0
844,F14,H1,0,1.046875,0.875,1.0
845,F14,H7,1,-0.1875,0.890625,1.0
846,F14,H1,0,-1.59375,0.5,0.0
847,F14,H8,0,-0.4375,-0.34375,0.0
848,F14,H7,0,1.90625,-0.40625,1.0
849,F14,H7,1,0.3125,0.484375,0.0
850,F14,H6,0,-1.25,0.71875,0.0
851,F14,H7,0,0.671875,-0.109375,1.0
852,F14,H8,0,0.078125,0.125,0.0
853,F14,H7,1,0.21875,-0.40625,0.0
854,F14,H7,0,0.90625,0.203125,1.0
855,F14,H1,1,0.5,-0.921875,0.0
856,F14,H7,0,-0.609375,0.46875,0.0
857,F14,H7,0,-0.78125,0.6875,0.0
858,F14,H7,0,-0.953125,0.546875,1.0
859,F14,H1,0,0.078125,0.40625,0.0
860,F14,H7,0,-0.765625,0.65625,0.0
861,F14,H1,0,0.53125,-0.359375,0.0
862,F14,H7,1,0.625,0.546875,1.0
863,F14,H6,0,1.328125,0.28125,0.0
864,F14,H7,1,-0.625,-0.25,0.0
865,F14,H8,0,1.140625,-0.125,0.0
866,F14,H6,0,-0.765625,0.375,0.0
867,F14,H7,1,0.21875,0.5,0.0
868,F14,H7,0,-1.296875,-0.015625,0.0
869,F14,H1,0,-0.984375,0.40625,0.0
870,F14,H7,0,0.03125,-0.78125,0.0
871,F14,H7,0,1.09375,0.703125,0.0
872,F14,H8,1,0.734375,-1.0,1.0
873,F14,H6,1,0.625,1.0,0.0
874,F14,H7,0,-0.375,0.96875,0.0
875,F14,H7,0,-1.5625,-0.828125,0.0
876,F15,H3,0,-1.296875,-0.875,0.0
877,F15,H8,0,2.203125,-0.8125,0.0
878,F15,H8,0,-0.0,-0.875,0.0
879,F15,H3,0,0.265625,0.609375,0.0
880,F15,H3,1,0.46875,0.796875,1.0
881,F15,H3,0,0.90625,0.25,0.0
882,F15,H8,1,-2.890625,0.578125,1.0
883,F15,H3,0,-0.84375,-0.984375,0.0
884,F15,H8,1,-1.078125,0.859375,1.0
885,F15,H3,1,-1.109375,-0.578125,0.0
886,F15,H3,0,1.484375,0.71875,1.0
887,F15,H3,0,-0.703125,-0.75,0.0
888,F15,H3,0,-0.1875,0.453125,0.0
889,F15,H8,0,0.015625,-0.859375,0.0
890,F15,H8,0,0.125,-0.484375,0.0
891,F15,H8,1,1.53125,0.90625,1.0
892,F15,H8,1,0.140625,-0.3125,1.0
893,F15,H8,1,0.28125,0.5,0.0
894,F15,H3,1,-0.34375,-0.546875,0.0
895,F15,H3,0,-0.578125,-0.328125,1.0
896,F15,H3,1,0.828125,0.140625,0.0
897,F15,H8,0,2.359375,-0.0,1.0
898,F15,H8,0,0.265625,0.65625,1.0
899,F15,H8,0,0.203125,-0.796875,0.0
900,F15,H3,1,0.59375,0.65625,1.0
901,F15,H8,1,0.359375,0.5,0.0
902,F15,H8,1,1.96875,0.234375,1.0
903,F15,H8,0,2.015625,0.25,0.0
904,F15,H8,1,-0.21875,-0.59375,0.0
905,F15,H8,0,-0.75,-1.0,0.0
906,F15,H3,1,1.078125,0.59375,0.0
907,F15,H3,1,0.8125,-0.09375,1.0
908,F15,H8,1,1.59375,0.921875,1.0
909,F15,H8,1,0.828125,-0.59375,1.0
910,F15,H8,0,-0.109375,0.375,1.0
911,F15,H3,0,0.421875,0.28125,0.0
912,F15,H8,0,1.328125,-0.90625,0.0
913,F15,H3,1,0.234375,0.28125,1.0
914,F15,H8,0,1.609375,-0.921875,0.0
915,F15,H8,1,1.765625,-0.9375,0.0
916,F15,H8,1,-0.765625,0.984375,1.0
917,F15,H8,0,0.5,-0.15625,0.0
918,F15,H3,1,-0.8125,0.40625,0.0
919,F15,H3,1,-0.78125,0.5625,1.0
920,F15,H8,1,0.984375,-0.453125,0.0
921,F15,H8,0,-1.3125,0.140625,0.0
922,F15,H3,1,1.375,0.0625,0.0
923,F15,H8,0,-0.6875,0.6875,0.0
924,F15,H3,0,-0.578125,-0.515625,0.0
925,F15,H8,1,1.3125,0.015625,0.0
926,F15,H8,0,-0.53125,0.28125,1.0
927,F15,H3,1,-0.5625,-0.546875,0.0
928,F15,H3,0,-0.640625,0.5625,0.0
929,F15,H8,1,0.140625,-0.515625,0.0
930,F15,H8,1,0.140625,-0.625,0.0
931,F15,H3,0,-2.359375,0.3125,0.0
932,F15,H8,0,1.984375,-0.84375,0.0
933,F15,H8,1,-0.046875,0.140625,0.0
934,F15,H3,0,-0.234375,0.46875,1.0
935,F15,H8,0,-0.734375,-0.25,1.0
936,F15,H8,0,0.65625,0.3125,1.0
937,F15,H8,1,-0.9375,-0.1875,1.0
938,F15,H3,1,1.109375,0.5,0.0
939,F15,H8,0,-0.03125,-0.03125,1.0
940,F15,H3,0,0.375,-0.4375,0.0
941,F15,H8,1,1.21875,0.203125,1.0
942,F15,H3,0,0.09375,0.859375,0.0
943,F15,H8,1,-0.96875,0.25,0.0
944,F15,H3,1,-1.1875,0.21875,0.0
945,F15,H8,1,0.4375,-0.765625,0.0
946,F15,H8,1,1.109375,-0.890625,0.0
947,F15,H8,0,-1.484375,0.71875,0.0
948,F15,H3,1,0.234375,-0.578125,0.0
949,F15,H3,1,-0.625,-0.84375,0.0
950,F15,H3,0,-0.875,-0.296875,0.0
951,F15,H8,0,0.171875,0.921875,1.0
952,F15,H3,1,0.046875,0.15625,1.0
953,F15,H8,0,-0.28125,0.53125,1.0
954,F15,H8,0,-1.734375,0.625,0.0
955,F15,H8,0,0.4375,-0.9375,1.0
956,F15,H3,0,-0.796875,0.75,0.0
957,F15,H8,0,-1.78125,-0.109375,0.0
958,F15,H3,0,-0.625,0.359375,0.0
959,F15,H8,0,-0.953125,0.34375,0.0
960,F15,H3,0,-0.359375,0.625,1.0
961,F16,H6,0,0.609375,0.171875,1.0
962,F16,H6,0,-0.328125,-0.671875,1.0
963,F16,H5,1,0.390625,-0.484375,1.0
964,F16,H1,0,-0.390625,0.25,0.0
965,F16,H6,1,2.359375,-0.453125,1.0
966,F16,H6,1,2.3125,-0.921875,0.0
967,F16,H5,1,-1.109375,0.875,1.0
968,F16,H1,0,0.421875,-0.109375,0.0
969,F16,H1,1,1.65625,0.578125,0.0
970,F16,H1,0,0.140625,0.921875,0.0
971,F16,H1,0,0.421875,0.078125,0.0
972,F16,H1,1,-0.75,-0.578125,0.0
973,F16,H1,0,-0.0625,0.734375,0.0
974,F16,H1,1,0.84375,-0.546875,0.0
975,F16,H1,1,-0.28125,-0.890625,1.0
976,F16,H1,1,0.5,-0.125,0.0
977,F16,H5,1,-0.34375,0.9375,0.0
978,F16,H1,0,-0.203125,0.21875,0.0
979,F16,H5,0,0.296875,-0.828125,0.0
980,F16,H1,0,-1.734375,0.765625,0.0
981,F16,H1,0,-0.40625,-0.234375,1.0
982,F16,H6,1,-1.046875,0.421875,0.0
983,F16,H1,0,-0.265625,0.140625,0.0
984,F16,H1,0,-1.78125,-0.015625,0.0
985,F16,H1,1,0.71875,-0.265625,1.0
986,F16,H1,1,0.375,0.65625,1.0
987,F16,H1,0,0.328125,-0.5625,0.0
988,F16,H1,0,0.203125,0.34375,0.0
989,F16,H6,0,0.515625,0.546875,0.0
990,F16,H5,1,-0.734375,-0.03125,0.0
991,F16,H1,0,-0.59375,0.421875,0.0
992,F16,H1,0,0.015625,0.421875,0.0
993,F16,H1,0,0.28125,0.21875,0.0
994,F16,H5,1,1.4375,-0.84375,0.0
995,F16,H1,0,-0.375,-0.40625,0.0
996,F16,H5,0,0.0625,0.015625,0.0
997,F16,H6,0,1.609375,0.984375,0.0
998,F16,H1,1,-0.078125,0.15625,0.0
999,F16,H6,0,-0.03125,-0.96875,0.0
1000,F16,H5,0,-1.015625,0.890625,0.0
1001,F16,H1,0,-1.390625,-0.109375,0.0
1002,F16,H6,1,1.6875,0.9375,0.0
1003,F16,H1,0,-0.25,0.125,0.0
1004,F16,H6,1,-1.5,-0.921875,0.0
1005,F16,H1,0,-0.1875,-0.140625,0.0
1006,F16,H1,1,1.53125,-0.46875,1.0
1007,F16,H1,1,1.9375,0.65625,0.0
1008,F16,H1,0,-0.5625,0.28125,0.0
1009,F17,H7,1,0.546875,-0.625,0.0
1010,F17,H1,1,0.5,0.328125,0.0
1011,F17,H2,0,-1.046875,0.328125,1.0
1012,F17,H2,1,1.1875,0.640625,0.0
1013,F17,H5,1,0.0625,0.421875,0.0
1014,F17,H5,1,-1.765625,0.6875,0.0
1015,F17,H2,1,0.0625,0.5625,0.0
1016,F17,H5,1,-0.609375,-0.234375,1.0
1017,F17,H2,1,-1.078125,0.03125,0.0
1018,F17,H2,1,-1.0,0.125,0.0
1019,F17,H2,0,-1.921875,0.359375,0.0
1020,F17,H2,1,-0.078125,-0.25,1.0
1021,F17,H2,1,0.78125,-0.78125,0.0
1022,F17,H2,1,0.625,-0.078125,1.0
1023,F17,H2,1,-0.375,0.28125,0.0
1024,F17,H1,1,1.28125,0.5625,1.0
1025,F17,H2,1,-0.078125,-0.625,1.0
1026,F17,H2,1,0.484375,-0.359375,1.0
1027,F17,H2,0,-0.625,0.109375,0.0
1028,F17,H2,0,-0.640625,-0.0,0.0
1029,F17,H1,1,-0.171875,0.546875,0.0
1030,F17,H7,0,-0.21875,-0.28125,1.0
1031,F17,H2,1,-0.296875,-0.328125,0.0
1032,F17,H1,0,-2.5,-0.484375,1.0
1033,F17,H5,1,-1.34375,0.625,0.0
1034,F17,H1,1,0.21875,-0.4375,1.0
1035,F17,H2,1,0.84375,0.3125,0.0
1036,F17,H5,0,-0.734375,0.78125,1.0
1037,F17,H7,0,-0.09375,-0.09375,1.0
1038,F17,H2,1,0.21875,-0.3125,1.0
1039,F17,H1,0,-0.90625,0.40625,0.0
1040,F17,H2,1,-0.1875,0.546875,1.0
1041,F17,H2,1,-0.59375,-0.796875,0.0
1042,F17,H2,1,-0.078125,0.265625,0.0
1043,F17,H2,0,-0.203125,0.546875,0.0
1044,F17,H2,0,0.390625,-0.921875,1.0
1045,F17,H7,1,0.203125,0.171875,0.0
1046,F17,H7,0,0.546875,0.265625,0.0
1047,F17,H2,0,-0.984375,-0.515625,1.0
1048,F17,H7,1,-0.5625,-0.21875,0.0
1049,F17,H2,1,0.28125,0.765625,0.0
1050,F17,H1,1,-3.109375,0.140625,0.0
1051,F17,H2,0,-1.46875,-0.171875,1.0
1052,F17,H1,1,-1.609375,0.953125,0.0
1053,F17,H5,0,0.25,0.578125,0.0
1054,F17,H2,0,1.359375,-0.734375,1.0
1055,F17,H5,1,1.15625,0.265625,0.0
1056,F17,H5,1,0.921875,0.703125,0.0
1057,F17,H5,1,1.078125,0.15625,0.0
1058,F17,H1,0,0.5625,0.8125,0.0
1059,F17,H7,0,0.203125,0.671875,0.0
1060,F17,H5,1,1.15625,-0.328125,0.0
1061,F17,H2,0,-1.59375,-0.546875,0.0
1062,F17,H5,0,-0.78125,0.796875,0.0
1063,F17,H2,1,0.328125,0.640625,0.0
1064,F17,H5,1,-2.296875,0.75,1.0
1065,F17,H2,0,0.265625,0.953125,1.0
1066,F17,H2,0,0.984375,0.71875,1.0
1067,F17,H2,0,-1.21875,0.59375,0.0
1068,F17,H5,0,-0.453125,0.96875,0.0
1069,F17,H5,1,0.15625,0.828125,0.0
1070,F18,H3,0,0.015625,-0.265625,1.0
1071,F18,H2,0,-0.421875,-0.109375,0.0
1072,F18,H3,1,-0.515625,0.984375,0.0
1073,F18,H2,0,1.1875,0.046875,0.0
1074,F18,H3,1,0.015625,-0.296875,1.0
1075,F18,H3,0,-0.109375,0.40625,0.0
1076,F18,H3,1,-0.296875,0.140625,1.0
1077,F18,H2,1,-1.125,-0.46875,0.0
1078,F18,H3,1,-0.90625,0.15625,0.0
1079,F18,H2,1,-0.09375,-0.59375,1.0
1080,F18,H3,0,0.109375,-0.515625,1.0
1081,F18,H2,1,-1.546875,0.890625,0.0
1082,F18,H3,0,-0.34375,-0.125,0.0
1083,F18,H2,1,0.25,-0.859375,0.0
1084,F18,H2,0,-0.890625,0.015625,0.0
1085,F18,H3,0,-0.765625,-0.640625,0.0
1086,F18,H2,0,0.578125,-0.65625,0.0
1087,F18,H3,0,-0.25,-0.5625,1.0
1088,F18,H2,0,-0.640625,-0.015625,1.0
1089,F18,H2,1,-0.4375,0.5625,1.0
1090,F18,H2,0,0.3125,-0.75,0.0
1091,F18,H2,1,0.109375,0.703125,0.0
1092,F18,H2,1,-0.234375,0.859375,0.0
1093,F18,H2,1,-0.4375,-0.28125,1.0
1094,F18,H2,1,0.09375,-0.484375,0.0
1095,F18,H3,0,-0.421875,-0.265625,0.0
1096,F18,H2,0,-0.765625,-0.140625,1.0
1097,F18,H3,0,-1.40625,0.203125,1.0
1098,F18,H2,1,0.546875,0.6875,0.0
1099,F18,H3,1,2.328125,0.9375,0.0
1100,F18,H2,1,0.625,0.8125,1.0
1101,F18,H2,0,0.5,-0.125,0.0
1102,F18,H3,1,0.171875,-0.96875,0.0
1103,F18,H3,0,1.9375,-0.1875,0.0
1104,F18,H3,1,-2.046875,-0.703125,1.0
1105,F18,H2,1,0.046875,0.78125,0.0
1106,F18,H2,0,0.609375,0.296875,0.0
1107,F18,H2,0,-1.59375,0.0,0.0
1108,F18,H3,0,-0.5,-0.8125,0.0
1109,F18,H3,0,-1.0625,-0.75,1.0
1110,F18,H3,1,1.21875,-0.921875,1.0
1111,F18,H3,1,1.703125,-0.71875,1.0
1112,F18,H3,1,-0.53125,0.703125,0.0
1113,F18,H2,0,-0.15625,0.96875,0.0
1114,F18,H3,1,0.625,0.046875,0.0
1115,F18,H3,1,0.359375,-0.796875,0.0
1116,F18,H2,1,0.8125,-0.359375,0.0
1117,F18,H2,1,1.34375,-0.765625,1.0
1118,F18,H3,1,-1.515625,0.53125,1.0
1119,F18,H2,0,1.6875,-0.046875,0.0
1120,F18,H3,1,0.328125,-0.609375,0.0
1121,F18,H3,1,0.21875,0.6875,0.0
1122,F18,H3,0,2.03125,0.015625,1.0
1123,F18,H2,0,-1.140625,-0.5625,0.0
1124,F18,H2,0,-1.078125,0.390625,1.0
1125,F18,H2,1,-1.046875,0.1875,0.0
1126,F18,H2,1,-0.015625,-0.03125,0.0
1127,F18,H3,1,0.109375,0.765625,0.0
1128,F18,H2,0,-1.203125,-0.578125,0.0
1129,F18,H3,1,0.578125,0.328125,0.0
1130,F18,H3,0,1.046875,0.734375,0.0
1131,F18,H3,1,0.078125,0.5625,0.0
1132,F18,H2,1,-0.40625,0.125,0.0
1133,F18,H2,1,0.078125,0.15625,0.0
1134,F18,H3,1,0.796875,0.5,0.0
1135,F18,H3,1,0.734375,0.0625,1.0
1136,F18,H3,1,-0.46875,0.921875,1.0
1137,F18,H3,0,-1.171875,0.296875,1.0
1138,F18,H3,0,0.3125,0.5,1.0
1139,F18,H2,1,0.171875,0.390625,0.0
1140,F18,H3,0,1.734375,0.828125,0.0
1141,F18,H2,0,0.734375,-0.40625,1.0
1142,F18,H2,1,1.40625,-0.5625,1.0
1143,F18,H3,1,0.296875,0.234375,0.0
1144,F19,H6,0,-0.5,-0.21875,0.0
1145,F19,H4,0,-1.109375,-0.625,0.0
1146,F19,H4,0,1.0,0.40625,1.0
1147,F19,H4,0,-0.625,-0.46875,0.0
1148,F19,H6,1,-1.109375,-0.421875,0.0
1149,F19,H6,0,-0.515625,-0.125,1.0
1150,F19,H4,0,-2.421875,0.328125,0.0
1151,F19,H3,1,0.046875,-0.515625,1.0
1152,F19,H4,0,0.078125,-0.59375,1.0
1153,F19,H4,0,-0.75,0.96875,1.0
1154,F19,H4,1,2.296875,0.984375,0.0
1155,F19,H4,0,-0.890625,0.15625,0.0
1156,F19,H4,0,-0.421875,-0.15625,0.0
1157,F19,H6,0,-0.4375,-0.953125,0.0
1158,F19,H6,0,-1.015625,-0.84375,0.0
1159,F19,H3,0,-0.71875,0.640625,1.0
1160,F19,H4,0,-3.25,-0.203125,1.0
1161,F19,H4,0,0.09375,-0.171875,0.0
1162,F19,H4,0,-1.703125,-0.640625,0.0
1163,F19,H3,0,-1.15625,-0.515625,0.0
1164,F19,H6,0,-1.765625,-0.6875,1.0
1165,F19,H6,0,-0.171875,0.453125,0.0
1166,F19,H6,0,-0.921875,0.171875,0.0
1167,F19,H4,0,0.015625,0.328125,0.0
1168,F19,H6,0,-1.046875,-0.4375,0.0
1169,F19,H6,0,-0.15625,-0.71875,1.0
1170,F19,H6,0,-0.140625,0.671875,1.0
1171,F19,H3,0,0.390625,0.875,0.0
1172,F19,H4,0,-0.140625,-0.453125,1.0
1173,F19,H6,0,-0.234375,-0.859375,1.0
1174,F19,H4,0,-0.59375,0.0625,0.0
1175,F19,H3,0,0.484375,0.5,0.0
1176,F19,H6,0,0.34375,0.609375,0.0
1177,F19,H4,1,-1.703125,-0.234375,1.0
1178,F19,H4,1,0.53125,-0.296875,0.0
1179,F19,H4,1,0.09375,0.328125,0.0
1180,F19,H4,0,-0.75,0.765625,0.0
1181,F19,H4,0,-1.59375,-0.8125,0.0
1182,F19,H3,1,0.390625,0.203125,0.0
1183,F19,H4,0,0.3125,-0.953125,0.0
1184,F19,H4,0,2.140625,0.171875,0.0
1185,F19,H4,0,0.40625,0.125,0.0
1186,F19,H4,0,0.015625,-0.578125,0.0
1187,F19,H3,0,-0.015625,0.15625,0.0
1188,F19,H4,0,-0.734375,-0.734375,1.0
1189,F19,H4,0,2.109375,0.109375,0.0
1190,F19,H4,0,-0.734375,0.546875,0.0
1191,F19,H4,0,1.609375,0.59375,1.0
1192,F19,H6,0,-1.21875,0.890625,0.0
1193,F19,H4,0,-1.859375,0.484375,1.0
1194,F19,H3,0,1.390625,-0.78125,0.0
1195,F19,H3,0,0.234375,-0.75,0.0
1196,F19,H4,0,1.3125,-0.265625,1.0
1197,F19,H3,1,0.296875,-0.078125,1.0
1198,F19,H4,0,-1.75,-0.40625,0.0
1199,F19,H4,0,-0.8125,0.640625,0.0
1200,F19,H6,0,1.09375,0.765625,0.0
1201,F19,H4,0,0.484375,0.96875,0.0
1202,F19,H6,1,-1.375,-0.859375,1.0
1203,F19,H4,0,-0.546875,-0.984375,0.0
1204,F19,H4,0,-0.640625,-0.515625,1.0
1205,F19,H3,0,-0.078125,-0.453125,0.0
1206,F19,H6,0,-1.0625,0.328125,0.0
1207,F19,H3,0,-1.0625,-0.265625,0.0
1208,F19,H3,0,-2.21875,-0.9375,0.0
1209,F19,H4,0,-0.546875,-0.046875,0.0
1210,F19,H4,0,0.765625,0.953125,1.0
1211,F19,H4,0,0.359375,0.40625,0.0
1212,F19,H4,0,0.8125,0.453125,1.0
1213,F19,H3,0,-1.484375,-0.6875,0.0
1214,F19,H3,0,0.0625,-0.53125,0.0
1215,F19,H4,0,-0.96875,0.28125,0.0
1216,F19,H4,0,-0.6875,-0.40625,0.0
1217,F19,H4,0,-0.671875,0.609375,0.0
1218,F19,H6,0,0.75,-0.390625,0.0
1219,F19,H4,0,0.8125,0.65625,1.0
1220,F19,H4,0,-0.609375,-0.734375,0.0
1221,F19,H4,0,-0.703125,-0.25,1.0
1222,F19,H4,1,-0.6875,-0.046875,1.0
1223,F19,H4,1,-0.578125,-0.546875,0.0
1224,F19,H4,0,1.140625,0.40625,0.0
1225,F19,H4,0,-0.25,-0.625,0.0
1226,F19,H4,0,0.40625,0.46875,0.0
1227,F19,H6,1,1.625,-0.421875,0.0
1228,F19,H4,0,0.875,0.203125,1.0
1229,F19,H4,0,0.640625,0.5625,1.0
1230,F19,H3,0,0.78125,0.40625,0.0
1231,F20,H5,0,-0.515625,-0.734375,0.0
1232,F20,H7,0,-0.28125,0.4375,0.0
1233,F20,H4,0,-0.796875,-0.375,1.0
1234,F20,H5,0,-0.53125,0.296875,0.0
1235,F20,H5,0,-1.25,-0.4375,0.0
1236,F20,H5,1,-0.546875,0.75,0.0
1237,F20,H5,0,-1.375,0.859375,0.0
1238,F20,H7,1,0.15625,-0.25,1.0
1239,F20,H8,1,-0.6875,0.078125,0.0
1240,F20,H5,0,-0.578125,-0.921875,1.0
1241,F20,H5,0,0.296875,-0.828125,0.0
1242,F20,H5,1,2.515625,-0.8125,0.0
1243,F20,H8,0,0.21875,-0.375,1.0
1244,F20,H5,0,-0.234375,-0.734375,0.0
1245,F20,H7,0,-0.984375,0.875,1.0
1246,F20,H5,0,-2.484375,-0.046875,1.0
1247,F20,H5,0,1.796875,0.734375,0.0
1248,F20,H5,1,2.171875,0.03125,0.0
1249,F20,H5,0,-2.75,-0.3125,0.0
1250,F20,H5,0,-2.203125,0.15625,0.0
1251,F20,H5,1,0.6875,-0.921875,0.0
1252,F20,H5,0,-1.828125,0.21875,0.0
1253,F20,H5,0,2.1875,0.5,0.0
1254,F20,H5,0,-0.15625,0.078125,0.0
1255,F20,H5,0,-1.09375,-0.5625,0.0
1256,F20,H7,0,-1.109375,-0.078125,1.0
1257,F20,H5,1,0.25,-0.9375,1.0
1258,F20,H5,0,-0.375,-0.078125,1.0
1259,F20,H8,1,0.765625,-0.890625,0.0
1260,F20,H5,1,-1.03125,0.6875,0.0
1261,F20,H5,0,-1.03125,-0.28125,0.0
1262,F20,H5,0,0.171875,0.140625,0.0
1263,F20,H5,0,0.265625,-0.921875,0.0
1264,F20,H7,0,-0.640625,0.703125,0.0
1265,F20,H5,0,1.421875,-0.484375,0.0
1266,F20,H8,0,0.84375,-0.015625,1.0
1267,F20,H5,0,0.859375,-0.546875,0.0
1268,F20,H5,1,0.59375,0.515625,1.0
1269,F20,H5,0,0.859375,0.09375,0.0
1270,F20,H5,0,-0.375,0.5,1.0
1271,F20,H7,0,-0.703125,0.59375,0.0
1272,F20,H5,1,1.375,-0.421875,0.0
1273,F20,H5,0,0.453125,0.640625,0.0
1274,F20,H7,0,-2.375,0.71875,0.0
1275,F20,H5,1,1.640625,-0.375,0.0
1276,F20,H5,1,0.4375,0.28125,0.0
1277,F20,H5,0,-0.828125,0.484375,0.0
1278,F20,H5,1,1.625,0.84375,1.0
1279,F20,H5,0,-2.25,-0.65625,0.0
1280,F20,H5,1,-1.28125,0.53125,0.0
1281,F21,H6,0,0.53125,-0.640625,0.0
1282,F21,H6,0,0.046875,-0.3125,1.0
1283,F21,H3,0,-1.171875,0.875,0.0
1284,F21,H3,0,1.53125,-0.015625,0.0
1285,F21,H3,0,-0.984375,1.0,0.0
1286,F21,H6,0,-0.09375,0.5625,0.0
1287,F21,H6,1,-0.828125,0.4375,1.0
1288,F21,H3,0,0.71875,0.03125,0.0
1289,F21,H6,1,-0.578125,0.78125,0.0
1290,F21,H6,1,-0.21875,-0.609375,1.0
1291,F21,H3,1,-0.59375,-0.84375,0.0
1292,F21,H6,0,-0.046875,0.46875,1.0
1293,F21,H6,0,0.578125,0.8125,0.0
1294,F21,H6,1,-0.421875,0.390625,1.0
1295,F21,H3,0,0.546875,0.703125,0.0
1296,F21,H6,0,1.3125,-1.0,0.0
1297,F21,H3,1,2.125,0.265625,0.0
1298,F21,H3,0,-1.28125,0.265625,0.0
1299,F21,H3,0,-0.4375,-0.71875,0.0
1300,F21,H3,0,-0.765625,-0.984375,1.0
1301,F21,H3,1,1.734375,-0.609375,0.0
1302,F21,H6,0,0.09375,-0.890625,0.0
1303,F21,H3,0,1.359375,0.265625,0.0
1304,F21,H3,0,-0.859375,0.96875,0.0
1305,F21,H3,0,-0.84375,-0.078125,1.0
1306,F21,H6,0,1.03125,-0.578125,0.0
1307,F21,H6,1,1.359375,-0.078125,0.0
1308,F21,H6,0,-0.1875,0.71875,0.0
1309,F21,H3,0,-1.9375,-0.765625,1.0
1310,F21,H3,1,-0.9375,-0.859375,0.0
1311,F21,H3,0,-1.140625,-0.046875,0.0
1312,F21,H6,0,-0.484375,0.484375,0.0
1313,F21,H6,0,0.734375,-0.953125,0.0
1314,F21,H3,0,-0.609375,-0.875,0.0
1315,F21,H3,0,0.828125,0.296875,0.0
1316,F21,H3,1,0.140625,0.84375,1.0
1317,F21,H6,1,-0.125,-0.359375,0.0
1318,F21,H6,0,-0.671875,0.96875,0.0
1319,F21,H6,1,-0.65625,0.46875,0.0
1320,F21,H6,1,1.609375,-0.328125,0.0
1321,F21,H6,0,-0.296875,0.578125,0.0
1322,F21,H6,0,-2.03125,0.671875,0.0
1323,F21,H3,1,-0.03125,-0.296875,1.0
1324,F21,H3,1,0.328125,0.203125,1.0
1325,F21,H6,0,-1.296875,-0.09375,0.0
1326,F21,H6,1,0.6875,0.921875,1.0
1327,F21,H3,0,1.6875,-0.65625,0.0
1328,F21,H3,0,0.296875,-0.453125,1.0
1329,F21,H6,1,1.40625,-0.609375,0.0
1330,F21,H3,1,-0.0625,0.03125,1.0
1331,F21,H3,0,-0.59375,0.921875,1.0
1332,F21,H3,1,0.953125,-0.75,0.0
1333,F21,H3,1,-1.40625,0.234375,0.0
1334,F21,H6,0,-0.9375,0.34375,1.0
1335,F21,H6,0,0.4375,0.015625,0.0
1336,F21,H6,1,1.1875,-0.265625,1.0
1337,F21,H6,0,0.15625,-0.015625,0.0
1338,F21,H3,1,0.890625,-0.6875,0.0
1339,F21,H3,0,-0.1875,-0.140625,0.0
1340,F21,H6,0,-0.046875,-0.265625,0.0
1341,F21,H3,0,-0.609375,-0.96875,0.0
1342,F21,H3,0,-0.96875,-0.796875,0.0
1343,F21,H3,1,0.546875,0.796875,0.0
1344,F22,H7,0,1.484375,0.734375,0.0
1345,F22,H6,0,-0.34375,0.046875,0.0
1346,F22,H4,1,0.78125,-0.078125,1.0
1347,F22,H4,0,-1.0,-0.921875,0.0
1348,F22,H7,0,1.078125,0.3125,0.0
1349,F22,H7,0,0.03125,0.546875,0.0
1350,F22,H6,0,-0.5625,0.0625,1.0
1351,F22,H7,0,1.0625,-0.515625,0.0
1352,F22,H6,0,-0.046875,0.265625,1.0
1353,F22,H7,0,0.96875,-0.5,0.0
1354,F22,H6,0,-0.8125,0.25,0.0
1355,F22,H6,1,0.859375,0.75,0.0
1356,F22,H4,0,0.6875,0.75,0.0
1357,F22,H4,0,0.140625,0.640625,0.0
1358,F22,H6,0,-2.015625,0.90625,0.0
1359,F22,H7,1,0.609375,0.625,0.0
1360,F22,H6,0,0.0,0.203125,0.0
1361,F22,H7,0,-1.84375,0.8125,0.0
1362,F22,H7,0,0.96875,0.4375,0.0
1363,F22,H7,0,0.84375,-0.890625,1.0
1364,F22,H7,1,0.203125,0.890625,0.0
1365,F22,H4,1,-0.75,-0.65625,1.0
1366,F22,H7,0,-1.921875,0.359375,0.0
1367,F22,H4,1,0.9375,0.609375,1.0
1368,F22,H7,0,-0.1875,-0.625,0.0
1369,F22,H4,0,-0.0,0.015625,0.0
1370,F22,H4,0,-0.21875,-0.078125,0.0
1371,F22,H7,0,0.125,-0.671875,0.0
1372,F22,H6,1,0.96875,-0.734375,1.0
1373,F22,H7,0,-0.671875,0.46875,0.0
1374,F22,H7,0,-0.96875,0.375,0.0
1375,F22,H7,0,0.78125,-0.703125,0.0
1376,F22,H4,1,1.21875,0.453125,0.0
1377,F22,H7,0,0.65625,0.625,0.0
1378,F22,H4,1,0.0625,0.390625,0.0
1379,F22,H4,0,-1.078125,-0.96875,1.0
1380,F22,H7,0,-1.046875,-0.90625,1.0
1381,F22,H7,1,0.8125,0.015625,0.0
1382,F22,H7,0,1.4375,-0.984375,1.0
1383,F22,H7,1,-0.640625,-0.78125,0.0
1384,F22,H6,0,0.40625,0.46875,0.0
1385,F22,H6,0,-2.359375,0.703125,0.0
1386,F22,H7,1,1.28125,-0.390625,0.0
1387,F22,H7,0,0.5625,0.90625,1.0
1388,F22,H7,0,-1.34375,-0.171875,0.0
1389,F22,H7,0,0.234375,-0.890625,0.0
1390,F22,H7,0,1.390625,0.625,0.0
1391,F22,H6,1,-0.390625,-0.09375,1.0
1392,F22,H4,1,-0.65625,-0.734375,0.0
1393,F22,H6,0,-1.359375,0.375,1.0
1394,F22,H7,0,-0.296875,-0.921875,0.0
1395,F22,H7,1,-0.640625,-0.796875,0.0
1396,F22,H6,0,-0.03125,-0.359375,0.0
1397,F22,H4,0,-0.296875,0.421875,0.0
1398,F22,H4,0,-0.46875,0.375,1.0
1399,F22,H6,0,0.921875,-0.890625,1.0
1400,F22,H7,0,0.46875,0.375,0.0
1401,F22,H6,0,0.25,0.640625,1.0
1402,F22,H4,1,0.1875,0.859375,1.0
1403,F22,H7,0,-0.734375,0.5,0.0
1404,F22,H4,0,0.65625,0.890625,0.0
1405,F22,H4,0,0.109375,-0.25,0.0
1406,F22,H7,0,-0.625,0.390625,0.0
1407,F22,H7,0,-0.328125,0.65625,0.0
1408,F22,H7,1,-0.9375,-0.265625,1.0
1409,F22,H4,0,-0.15625,-0.375,1.0
1410,F22,H6,0,0.46875,0.953125,0.0
1411,F22,H6,0,1.03125,0.109375,0.0
1412,F22,H7,1,-0.015625,0.578125,0.0
1413,F22,H7,0,-0.75,0.78125,1.0
1414,F22,H4,0,0.546875,-0.953125,1.0
1415,F22,H7,0,-0.328125,-0.34375,1.0
1416,F22,H7,1,0.15625,0.34375,1.0
1417,F22,H7,0,-0.5,-0.515625,0.0
1418,F22,H6,0,0.640625,0.96875,0.0
1419,F22,H7,0,-0.078125,0.765625,0.0
1420,F23,H8,0,0.03125,0.984375,0.0
1421,F23,H7,1,0.359375,0.625,1.0
1422,F23,H2,0,0.484375,-0.734375,0.0
1423,F23,H2,0,-2.3125,-0.765625,0.0
1424,F23,H8,0,-0.140625,0.953125,1.0
1425,F23,H8,0,-0.578125,0.15625,0.0
1426,F23,H2,0,0.0,-0.15625,0.0
1427,F23,H7,1,-0.3125,0.296875,0.0
1428,F23,H8,0,0.265625,-0.984375,1.0
1429,F23,H2,1,0.375,0.59375,1.0
1430,F23,H7,0,-0.5625,0.75,1.0
1431,F23,H8,0,-0.9375,-0.015625,0.0
1432,F23,H5,1,1.125,-0.265625,0.0
1433,F23,H5,1,0.9375,0.0625,0.0
1434,F23,H5,0,-0.328125,-0.546875,0.0
1435,F23,H7,0,-1.15625,-0.21875,0.0
1436,F23,H8,1,1.03125,0.515625,0.0
1437,F23,H8,0,0.484375,-0.3125,0.0
1438,F23,H8,0,0.34375,-0.140625,1.0
1439,F23,H8,0,-0.6875,-0.703125,0.0
1440,F23,H8,0,1.59375,-0.53125,1.0
1441,F23,H8,0,-0.734375,0.34375,0.0
1442,F23,H7,1,0.625,-0.609375,0.0
1443,F23,H2,0,-0.125,-0.484375,0.0
1444,F23,H8,0,1.34375,-0.4375,0.0
1445,F23,H7,0,-0.03125,0.296875,1.0
1446,F23,H5,0,0.1875,0.671875,0.0
1447,F23,H8,0,0.484375,0.59375,0.0
1448,F23,H7,0,-0.890625,0.875,0.0
1449,F23,H8,0,-0.46875,0.46875,0.0
1450,F23,H8,0,-0.0625,0.5625,0.0
1451,F23,H8,0,-0.109375,-0.65625,0.0
1452,F23,H7,0,-1.890625,-0.640625,0.0
1453,F23,H8,0,1.078125,0.984375,0.0
1454,F23,H8,0,1.0625,0.171875,0.0
1455,F23,H8,0,-1.90625,-0.34375,1.0
1456,F23,H2,0,0.5625,-0.75,0.0
1457,F23,H8,0,-1.140625,0.984375,0.0
1458,F23,H2,0,0.828125,-0.59375,0.0
1459,F23,H8,0,-0.234375,-0.4375,0.0
1460,F23,H8,0,2.203125,-0.90625,0.0
1461,F23,H8,0,0.921875,0.109375,1.0
1462,F23,H8,0,-0.734375,0.5,1.0
1463,F23,H8,0,0.03125,-0.78125,0.0
1464,F23,H8,0,0.625,0.390625,1.0
1465,F23,H8,0,-0.734375,-0.203125,1.0
1466,F23,H8,0,0.234375,0.1875,0.0
1467,F23,H8,1,1.15625,0.578125,0.0
1468,F23,H8,0,0.65625,-0.671875,1.0
1469,F23,H2,0,-0.125,0.296875,1.0
1470,F23,H8,0,1.5625,-0.390625,1.0
1471,F23,H8,1,-1.34375,0.625,1.0
1472,F23,H8,0,0.109375,-0.796875,1.0
1473,F23,H8,0,-0.15625,-0.484375,0.0
1474,F23,H8,0,-0.59375,-0.171875,1.0
1475,F23,H8,1,-1.328125,-0.90625,0.0
1476,F23,H8,0,-0.453125,-1.0,0.0
1477,F23,H2,0,0.5,0.421875,0.0
1478,F23,H5,0,-1.15625,0.0,1.0
1479,F23,H8,0,-0.421875,0.328125,0.0
1480,F23,H8,0,-0.359375,-0.59375,0.0
1481,F23,H2,0,-1.265625,-0.59375,1.0
1482,F23,H8,0,0.234375,-0.546875,1.0
1483,F23,H7,0,-0.046875,0.5625,0.0
1484,F23,H8,0,-0.5625,-0.65625,1.0
1485,F23,H8,0,0.71875,0.453125,0.0
1486,F23,H7,0,-0.296875,0.609375,1.0
1487,F23,H8,0,-1.953125,0.875,1.0
1488,F23,H8,0,-0.171875,0.9375,1.0
1489,F23,H8,0,-1.5,0.46875,1.0
1490,F23,H8,0,-0.140625,-0.90625,0.0
1491,F23,H8,0,1.546875,-0.140625,0.0
1492,F23,H8,0,1.15625,-0.890625,0.0
1493,F23,H8,0,-0.375,-1.0,1.0
1494,F23,H8,0,-1.09375,-0.15625,0.0
1495,F23,H8,0,0.65625,0.53125,1.0
1496,F23,H8,0,0.0625,0.546875,0.0
1497,F23,H5,1,-0.28125,-0.875,1.0
1498,F23,H8,0,0.046875,-0.375,0.0
1499,F23,H8,0,-0.890625,-0.703125,0.0
1500,F23,H5,1,0.640625,0.703125,1.0
1501,F23,H8,0,-0.34375,0.6875,0.0
1502,F23,H5,0,-1.40625,-0.21875,1.0
1503,F23,H5,0,-0.765625,-0.640625,0.0
1504,F23,H8,1,1.0625,-0.515625,1.0
1505,F23,H2,0,2.03125,0.921875,0.0
1506,F23,H8,0,0.125,-0.125,0.0
1507,F23,H7,0,0.203125,0.53125,0.0
1508,F23,H8,0,0.40625,0.609375,1.0
1509,F24,H4,1,1.96875,-0.265625,0.0
1510,F24,H1,0,1.15625,0.59375,0.0
1511,F24,H4,0,1.125,0.609375,0.0
1512,F24,H1,1,0.859375,-0.640625,0.0
1513,F24,H4,0,1.328125,-0.921875,0.0
1514,F24,H4,0,0.796875,0.625,0.0
1515,F24,H1,0,-0.0625,0.59375,0.0
1516,F24,H1,0,-1.328125,-0.296875,1.0
1517,F24,H4,0,-1.03125,0.34375,1.0
1518,F24,H1,1,1.28125,-0.6875,0.0
1519,F24,H4,0,-0.109375,-0.28125,0.0
1520,F24,H1,0,1.140625,-0.34375,0.0
1521,F24,H1,0,-0.703125,-0.703125,0.0
1522,F24,H4,0,0.59375,0.390625,0.0
1523,F24,H1,0,0.796875,-0.84375,0.0
1524,F24,H4,1,1.640625,0.171875,0.0
1525,F24,H4,0,-0.890625,0.71875,1.0
1526,F24,H4,0,-0.75,-0.828125,0.0
1527,F24,H1,1,0.65625,0.46875,0.0
1528,F24,H1,0,0.25,-1.0,0.0
1529,F24,H1,0,0.328125,0.671875,0.0
1530,F24,H4,0,0.453125,0.125,1.0
1531,F24,H1,1,0.953125,-0.25,0.0
1532,F24,H1,0,0.515625,0.25,0.0
1533,F24,H1,0,-0.625,0.234375,1.0
1534,F24,H1,0,0.25,0.953125,0.0
1535,F24,H4,0,-0.453125,-0.828125,0.0
1536,F24,H1,1,0.53125,-0.890625,1.0
1537,F24,H4,0,0.078125,0.671875,0.0
1538,F24,H4,0,-0.484375,0.265625,0.0
1539,F24,H1,1,0.8125,-0.8125,1.0
1540,F24,H4,0,-0.640625,-0.671875,0.0
1541,F24,H4,0,1.609375,0.984375,0.0
1542,F24,H1,0,-2.0625,-0.96875,0.0
1543,F24,H1,0,1.1875,-0.171875,0.0
1544,F24,H4,1,1.625,-0.0,0.0
1545,F24,H4,1,-1.515625,-0.984375,0.0
1546,F24,H1,0,0.71875,0.875,1.0
1547,F24,H1,0,-0.203125,0.046875,1.0
1548,F24,H4,1,-0.171875,-0.390625,0.0
1549,F24,H4,0,0.703125,-0.734375,0.0
1550,F24,H1,0,-0.5,0.421875,1.0
1551,F24,H4,0,0.578125,-0.15625,1.0
1552,F24,H4,1,1.328125,-0.171875,0.0
1553,F24,H4,0,-1.21875,0.296875,1.0
1554,F24,H1,0,-1.21875,0.46875,0.0
1555,F24,H1,0,-1.46875,0.390625,0.0
1556,F24,H1,1,0.046875,-0.125,0.0
1557,F24,H4,0,0.125,-0.875,0.0
1558,F24,H1,0,-1.953125,-0.296875,0.0
1559,F24,H4,0,-1.46875,-0.6875,0.0
1560,F24,H4,0,-0.625,-0.25,0.0
1561,F25,H5,0,-0.109375,-0.5,0.0
1562,F25,H5,0,-1.234375,-0.75,0.0
1563,F25,H5,0,-0.6875,0.75,0.0
1564,F25,H2,1,-1.078125,-0.59375,0.0
1565,F25,H2,0,0.484375,-0.65625,0.0
1566,F25,H2,0,0.0625,0.515625,0.0
1567,F25,H2,0,0.46875,0.15625,0.0
1568,F25,H4,0,-0.8125,0.203125,1.0
1569,F25,H2,0,0.421875,-0.53125,1.0
1570,F25,H2,0,0.34375,-0.859375,0.0
1571,F25,H4,0,-1.234375,0.296875,0.0
1572,F25,H2,0,-0.234375,-0.859375,0.0
1573,F25,H2,0,-1.328125,-0.125,0.0
1574,F25,H4,0,1.734375,0.21875,1.0
1575,F25,H2,0,0.875,-0.921875,0.0
1576,F25,H4,0,-2.0,0.015625,0.0
1577,F25,H2,0,-0.265625,0.78125,0.0
1578,F25,H5,0,0.625,0.921875,0.0
1579,F25,H5,0,1.171875,0.53125,0.0
1580,F25,H2,0,-0.640625,0.671875,0.0
1581,F25,H4,1,-1.125,0.109375,0.0
1582,F25,H4,0,-0.34375,0.625,1.0
1583,F25,H2,0,1.34375,-0.1875,1.0
1584,F25,H2,0,0.40625,-0.9375,1.0
1585,F25,H2,0,0.890625,-0.171875,0.0
1586,F25,H2,1,-0.171875,-0.734375,0.0
1587,F25,H2,0,-1.90625,0.453125,0.0
1588,F25,H5,0,-0.890625,0.75,1.0
1589,F25,H5,0,-1.046875,0.375,0.0
1590,F25,H4,0,1.75,0.453125,1.0
1591,F25,H4,0,-1.28125,-0.609375,0.0
1592,F25,H5,1,0.765625,0.53125,0.0
1593,F25,H2,1,1.03125,0.0625,1.0
1594,F25,H2,1,1.328125,-0.796875,0.0
1595,F25,H2,0,0.15625,0.78125,0.0
1596,F25,H2,1,-0.15625,0.6875,1.0
1597,F25,H5,0,-0.25,0.578125,0.0
1598,F25,H2,0,0.453125,0.859375,0.0
1599,F25,H4,0,1.640625,-0.515625,0.0
1600,F25,H2,1,-2.046875,0.109375,0.0
1601,F25,H2,1,1.40625,-0.828125,0.0
1602,F25,H5,0,0.46875,0.4375,0.0
1603,F25,H2,1,-0.375,-0.984375,1.0
1604,F25,H2,0,-0.75,0.578125,1.0
1605,F25,H5,0,-0.671875,-0.203125,0.0
1606,F25,H4,1,0.546875,0.078125,0.0
1607,F25,H2,0,-0.828125,0.859375,1.0
1608,F25,H2,1,0.625,0.265625,0.0
1609,F25,H2,0,-1.859375,-0.34375,1.0
1610,F25,H2,1,1.609375,-0.21875,0.0
1611,F25,H5,1,0.421875,0.46875,1.0
1612,F25,H2,0,0.5,-0.765625,0.0
1613,F25,H5,1,0.09375,0.75,1.0
1614,F25,H2,0,0.328125,-0.625,1.0
1615,F25,H4,0,-1.125,0.53125,1.0
1616,F25,H5,0,0.1875,-0.3125,0.0
1617,F25,H2,0,-0.46875,0.21875,1.0
1618,F25,H2,1,0.96875,-0.890625,0.0
1619,F25,H2,1,1.0,-0.078125,0.0
1620,F25,H4,0,-1.96875,0.6875,0.0
1621,F25,H2,0,-0.21875,0.09375,0.0
1622,F25,H2,0,-0.859375,0.546875,0.0
1623,F25,H4,0,-1.421875,-0.25,0.0
1624,F25,H2,0,0.265625,-0.796875,0.0
1625,F25,H2,0,-0.234375,-0.828125,0.0
1626,F26,H6,0,1.5,-0.765625,1.0
1627,F26,H3,0,-0.78125,0.9375,0.0
1628,F26,H2,0,1.109375,-0.03125,0.0
1629,F26,H8,0,-0.875,0.1875,0.0
1630,F26,H2,0,-1.015625,0.015625,0.0
1631,F26,H2,0,0.53125,0.765625,0.0
1632,F26,H2,0,0.46875,0.453125,1.0
1633,F26,H6,0,-0.25,0.90625,0.0
1634,F26,H3,0,-1.578125,-0.765625,0.0
1635,F26,H3,0,-0.28125,0.53125,0.0
1636,F26,H3,0,-0.328125,-0.234375,0.0
1637,F26,H3,0,0.875,-0.84375,0.0
1638,F26,H8,0,-2.015625,0.9375,0.0
1639,F26,H6,0,0.40625,-0.078125,0.0
1640,F26,H3,0,-0.40625,0.796875,0.0
1641,F26,H2,0,-1.734375,-0.375,0.0
1642,F26,H3,0,0.84375,-0.015625,0.0
1643,F26,H3,0,0.84375,-0.0625,0.0
1644,F26,H3,0,-0.578125,0.828125,0.0
1645,F26,H8,0,-0.0625,-0.9375,0.0
1646,F26,H3,0,1.296875,-0.71875,1.0
1647,F26,H6,0,1.171875,0.359375,0.0
1648,F26,H6,0,-1.453125,-0.25,0.0
1649,F26,H2,0,1.03125,0.984375,1.0
1650,F26,H3,0,1.09375,0.59375,0.0
1651,F27,H4,1,0.15625,0.140625,0.0
1652,F27,H3,1,-0.25,0.765625,1.0
1653,F27,H3,1,0.03125,-0.34375,1.0
1654,F27,H4,1,0.46875,0.296875,0.0
1655,F27,H3,1,-0.765625,0.9375,0.0
1656,F27,H3,1,1.125,-0.421875,0.0
1657,F27,H4,1,0.34375,-0.65625,1.0
1658,F27,H4,1,-0.078125,-0.8125,1.0
1659,F27,H3,1,0.390625,0.0625,1.0
1660,F27,H4,1,0.875,0.84375,0.0
1661,F27,H3,1,-0.859375,0.9375,0.0
1662,F27,H4,1,-0.53125,0.59375,0.0
1663,F27,H4,1,-0.40625,0.65625,1.0
1664,F27,H4,1,-0.328125,-0.359375,0.0
1665,F27,H4,1,0.6875,-0.640625,1.0
1666,F27,H4,1,-1.296875,-0.34375,0.0
1667,F27,H4,1,1.96875,0.234375,0.0
1668,F27,H3,1,0.890625,-0.3125,0.0
1669,F27,H4,1,0.765625,-0.296875,0.0
1670,F27,H3,1,0.0625,-0.5625,0.0
1671,F27,H4,1,0.46875,-0.765625,0.0
1672,F27,H4,1,0.46875,-0.515625,1.0
1673,F27,H4,1,-0.375,0.109375,1.0
1674,F27,H3,1,0.15625,-0.078125,0.0
1675,F27,H3,1,1.078125,-0.75,0.0
1676,F28,H5,0,0.4375,-1.0,0.0
1677,F28,H5,0,-0.640625,-0.765625,0.0
1678,F28,H5,0,1.171875,-0.921875,0.0
1679,F28,H5,0,-2.765625,-0.078125,0.0
1680,F28,H2,0,-1.671875,0.546875,0.0
1681,F28,H5,1,0.765625,-0.78125,0.0
1682,F28,H5,0,-0.921875,0.1875,0.0
1683,F28,H5,0,-0.15625,0.171875,0.0
1684,F28,H5,0,-0.109375,0.765625,0.0
1685,F28,H2,0,-0.359375,-0.375,0.0
1686,F29,H6,0,1.109375,-0.890625,0.0
1687,F29,H6,0,-1.953125,-0.765625,0.0
1688,F29,H8,1,0.515625,-0.71875,0.0
1689,F29,H1,1,0.109375,-0.109375,0.0
1690,F29,H6,0,-1.453125,-0.953125,0.0
1691,F29,H6,0,-0.734375,-0.53125,0.0
1692,F29,H6,0,1.015625,-0.890625,0.0
1693,F29,H6,0,0.296875,0.03125,0.0
1694,F29,H6,0,-0.296875,0.875,0.0
1695,F29,H2,0,-0.421875,0.203125,1.0
1696,F29,H2,1,0.65625,0.5625,0.0
1697,F30,H7,0,-0.96875,-0.375,0.0
1698,F30,H1,1,0.078125,0.046875,1.0
1699,F30,H7,1,-1.171875,-0.984375,0.0
1700,F30,H1,0,-0.6875,0.921875,1.0
1701,F30,H1,0,-0.265625,-0.9375,0.0
1702,F30,H7,1,-0.375,-0.265625,0.0
1703,F30,H7,0,0.015625,-0.390625,0.0
1704,F30,H7,1,0.375,0.34375,1.0
1705,F30,H7,1,1.296875,-0.71875,0.0
1706,F30,H7,1,-1.25,-0.515625,1.0
1707,F30,H7,0,0.359375,0.921875,0.0
1708,F30,H7,0,-1.609375,-0.359375,1.0
1709,F30,H7,0,-0.34375,-0.0625,0.0
1710,F30,H1,0,-0.328125,0.53125,0.0
1711,F30,H7,0,0.609375,-0.4375,0.0
1712,F30,H7,0,-1.234375,-0.578125,0.0
1713,F30,H1,0,-1.359375,0.53125,0.0
1714,F30,H1,0,-0.515625,-0.359375,0.0
1715,F30,H7,0,-0.796875,0.703125,0.0
1716,F30,H1,0,-0.265625,-0.328125,1.0
1717,F30,H1,0,0.734375,0.078125,0.0
1718,F30,H7,0,1.828125,0.4375,0.0
1719,F30,H1,0,-0.65625,-0.953125,1.0
1720,F30,H1,0,-0.015625,0.28125,0.0
1721,F30,H7,0,0.328125,0.484375,0.0
1722,F30,H7,0,-0.859375,-0.625,1.0
1723,F30,H7,0,-1.125,-0.3125,0.0
1724,F30,H7,1,-0.734375,0.890625,1.0
1725,F30,H7,1,1.09375,-0.4375,0.0
1726,F30,H7,1,0.796875,0.375,0.0
1727,F30,H7,0,-1.328125,-0.890625,0.0
1728,F30,H7,0,-1.34375,-0.15625,1.0
1729,F30,H7,0,1.140625,-0.375,1.0
1730,F30,H1,0,0.375,0.296875,0.0
1731,F30,H1,1,1.21875,0.734375,0.0
1732,F30,H7,0,0.515625,0.546875,0.0
1733,F30,H7,1,0.703125,0.109375,0.0
1734,F30,H1,0,-1.65625,0.546875,0.0
1735,F30,H1,0,-0.140625,-0.34375,0.0
1736,F30,H1,0,0.75,-0.03125,1.0
1737,F30,H1,1,0.6875,-0.703125,1.0
1738,F30,H1,0,-1.796875,0.125,0.0
1739,F30,H1,1,0.015625,0.3125,0.0
1740,F30,H7,0,-0.375,-0.140625,0.0
1741,F30,H7,0,-0.21875,0.421875,0.0
1742,F30,H7,1,-0.21875,-0.21875,0.0
1743,F30,H1,0,-0.578125,0.578125,0.0
1744,F30,H1,0,0.0625,-0.984375,1.0
1745,F30,H7,0,-0.359375,0.5,1.0
1746,F30,H1,0,-1.734375,-0.359375,0.0
1747,F30,H7,1,0.421875,-0.84375,0.0
1748,F30,H1,0,0.3125,0.640625,0.0
1749,F30,H7,0,-0.359375,0.828125,1.0
1750,F30,H7,0,-0.9375,0.1875,0.0
1751,F30,H7,1,-0.40625,-0.921875,0.0
1752,F30,H7,1,-0.296875,0.265625,0.0
1753,F30,H7,0,0.0625,-0.125,0.0
1754,F30,H1,0,-2.078125,0.953125,1.0
1755,F30,H7,0,0.28125,-0.78125,0.0
1756,F30,H1,0,0.515625,0.46875,0.0
1757,F30,H1,0,-1.671875,0.109375,1.0
1758,F30,H1,0,0.1875,0.3125,1.0
1759,F30,H7,0,-0.34375,-0.546875,1.0
1760,F30,H7,1,-0.203125,-0.15625,0.0
1761,F30,H1,1,0.484375,0.796875,0.0
1762,F30,H7,0,0.171875,0.921875,0.0
1763,F30,H1,0,-0.28125,-0.3125,1.0
1764,F30,H7,0,0.625,-0.0625,1.0
1765,F30,H1,0,-0.34375,-0.53125,0.0
1766,F30,H7,0,0.4375,-0.59375,0.0
1767,F30,H7,1,0.15625,0.21875,0.0
1768,F30,H7,1,1.28125,0.375,1.0
1769,F30,H7,0,0.296875,0.234375,0.0
1770,F30,H1,1,1.515625,-0.421875,1.0
1771,F30,H1,0,-1.65625,0.078125,0.0
1772,F30,H7,0,0.328125,0.0,0.0
1773,F30,H1,1,0.359375,-0.625,0.0
1774,F30,H7,0,-1.078125,0.5,0.0
1775,F30,H7,1,0.640625,0.40625,0.0
1776,F30,H1,0,-1.1875,0.828125,0.0
