id,provider,patient,y,x1,x2,x3
0,1,0,0,-3.015625,0.625,0.0
1,1,0,1,1.15625,-0.359375,0.0
2,1,0,0,1.5625,-1.8125,1.0
3,1,1,0,1.328125,-0.8125,0.0
4,1,1,0,-0.421875,-1.15625,1.0
5,1,1,0,-0.078125,-2.328125,0.0
6,1,2,1,-0.296875,-2.78125,1.0
7,1,2,0,1.375,-0.578125,0.0
8,1,2,1,0.875,-1.78125,1.0
9,1,3,1,0.0625,-0.3125,1.0
10,1,3,0,0.703125,-1.53125,0.0
11,2,3,1,-0.296875,-1.265625,1.0
12,2,4,1,-1.15625,0.484375,0.0
13,2,4,0,2.34375,-1.15625,1.0
14,2,4,0,-1.9375,-1.96875,0.0
15,2,5,0,0.15625,0.0625,1.0
16,2,5,1,1.0,0.359375,1.0
17,2,5,1,1.140625,1.203125,1.0
18,2,6,0,-0.421875,-1.171875,0.0
19,2,6,0,-1.03125,0.78125,1.0
20,2,6,1,2.484375,0.25,0.0
21,2,7,1,2.21875,-0.046875,1.0
22,2,7,1,0.1875,-0.734375,1.0
23,2,7,0,0.046875,-0.5625,0.0
24,2,8,0,0.125,0.203125,0.0
25,2,8,0,-1.109375,0.03125,0.0
26,2,8,1,-0.015625,-1.53125,1.0
27,2,9,0,1.140625,-0.921875,1.0
28,2,9,0,0.78125,-0.40625,1.0
29,3,9,1,1.09375,0.953125,1.0
30,3,10,0,0.359375,-2.546875,1.0
31,3,10,1,-1.1875,-2.828125,0.0
32,3,10,1,1.875,0.90625,0.0
33,3,11,1,0.265625,0.90625,0.0
34,3,11,1,-0.53125,-1.640625,0.0
35,3,11,0,-1.546875,-0.453125,0.0
36,3,12,1,0.65625,0.203125,0.0
37,3,12,0,-1.484375,0.578125,1.0
38,3,12,1,1.28125,-0.03125,0.0
39,3,13,0,0.296875,0.15625,0.0
40,3,13,0,-1.75,-0.390625,1.0
41,3,13,1,-0.40625,0.640625,1.0
42,3,14,0,1.90625,-0.1875,0.0
43,3,14,0,-1.890625,-0.421875,0.0
44,3,14,1,-0.515625,-0.515625,1.0
45,3,15,0,-2.15625,-0.875,1.0
46,3,15,1,0.125,0.546875,1.0
47,3,15,1,1.875,0.15625,0.0
48,3,16,1,-0.0625,0.109375,0.0
49,3,16,1,-0.15625,-0.46875,0.0
50,3,16,0,-0.359375,0.59375,0.0
51,3,17,1,-0.3125,0.140625,1.0
52,3,17,0,-0.390625,-1.328125,1.0
53,3,17,1,0.65625,-2.703125,1.0
54,4,18,1,1.21875,-1.515625,0.0
55,4,18,0,0.578125,0.671875,0.0
56,4,18,0,1.40625,0.015625,0.0
57,4,19,1,-0.328125,-0.84375,0.0
58,4,19,0,0.53125,-0.53125,0.0
59,4,19,0,-0.4375,0.09375,0.0
60,4,20,0,-0.578125,0.203125,0.0
61,4,20,0,0.484375,-0.34375,0.0
62,4,20,0,-0.078125,-0.25,0.0
63,4,21,0,-1.875,-2.15625,0.0
64,4,21,1,0.53125,1.453125,1.0
65,4,21,0,-0.59375,-0.484375,0.0
66,4,22,1,1.90625,-1.5,0.0
67,4,22,0,-0.015625,0.265625,0.0
68,4,22,0,0.25,-1.9375,0.0
69,4,23,0,-1.53125,-0.578125,0.0
70,4,23,0,1.078125,-3.234375,1.0
71,4,23,0,0.640625,-0.75,1.0
72,4,24,1,-1.0,-1.390625,0.0
73,4,24,0,-0.390625,-0.515625,0.0
74,4,24,1,-1.3125,0.703125,0.0
75,4,25,1,1.90625,0.84375,0.0
76,4,25,1,-1.28125,-0.875,1.0
77,4,25,1,1.109375,1.015625,1.0
78,4,26,0,-1.046875,1.359375,0.0
79,4,26,1,2.421875,0.6875,1.0
80,4,26,0,1.65625,-1.53125,0.0
81,4,27,0,0.9375,-1.0,0.0
82,4,27,0,-0.171875,0.609375,0.0
83,4,27,0,-0.5625,-2.0,0.0
84,4,28,0,0.625,0.546875,1.0
85,4,28,1,0.34375,-0.390625,0.0
86,5,28,1,0.40625,0.875,1.0
87,5,29,1,2.3125,1.03125,0.0
88,5,29,1,-1.46875,0.765625,0.0
89,5,29,0,-0.578125,-2.25,1.0
90,5,30,1,-0.046875,-0.140625,0.0
91,5,30,0,0.609375,-0.96875,0.0
92,5,30,1,0.109375,0.03125,1.0
93,5,31,0,0.375,-0.734375,0.0
94,5,31,1,0.625,1.859375,0.0
95,5,31,0,-0.5625,-1.46875,1.0
96,5,32,1,1.265625,1.1875,0.0
97,5,32,1,1.265625,-0.078125,1.0
98,5,32,1,-0.515625,0.546875,1.0
99,5,33,1,-0.8125,-0.234375,0.0
100,5,33,1,-0.515625,-0.34375,0.0
101,5,33,0,-0.9375,-0.734375,1.0
102,5,34,0,0.15625,1.4375,0.0
103,5,34,0,-0.09375,0.234375,0.0
104,5,34,1,0.515625,-0.140625,1.0
105,5,35,1,-1.25,0.5,0.0
106,5,35,1,-0.078125,0.3125,0.0
107,5,35,1,0.0,-0.265625,0.0
108,5,36,1,0.34375,0.421875,0.0
109,5,36,1,0.375,0.609375,0.0
110,5,36,0,0.375,1.84375,0.0
111,5,37,1,0.03125,-0.96875,0.0
112,5,37,0,-1.203125,-1.96875,1.0
113,5,37,0,-0.203125,-0.328125,1.0
114,5,38,1,1.6875,1.96875,0.0
115,5,38,0,0.953125,0.703125,0.0
116,5,38,1,0.6875,0.015625,0.0
117,5,39,1,-1.59375,-0.28125,1.0
118,5,39,1,0.578125,-1.359375,1.0
119,5,39,1,0.875,1.484375,0.0
120,5,40,1,-0.125,1.171875,1.0
121,5,40,0,-1.578125,1.796875,1.0
122,5,40,1,1.296875,-0.90625,0.0
123,5,41,0,-0.703125,1.515625,0.0
124,5,41,1,0.140625,1.03125,0.0
125,6,41,0,2.453125,-0.359375,0.0
126,6,42,0,1.28125,-0.109375,0.0
127,6,42,0,0.1875,0.515625,0.0
128,6,42,1,0.265625,0.609375,1.0
129,6,43,0,-0.203125,0.265625,0.0
130,6,43,0,-1.359375,1.296875,0.0
131,6,43,0,0.171875,0.046875,0.0
132,6,44,0,0.578125,0.015625,1.0
133,6,44,1,-0.09375,-0.828125,1.0
134,6,44,0,1.015625,0.59375,0.0
135,6,45,0,0.09375,-0.53125,0.0
136,6,45,0,0.0,1.15625,0.0
137,6,45,0,-0.796875,-0.828125,0.0
138,6,46,1,0.75,0.375,1.0
139,6,46,1,-1.421875,-0.1875,1.0
140,6,46,0,-0.28125,-1.40625,0.0
141,6,47,0,-0.359375,-4.0625,0.0
142,6,47,1,1.59375,-0.015625,1.0
143,6,47,0,-1.21875,-0.59375,0.0
144,6,48,0,0.0625,-1.0625,0.0
145,6,48,1,0.96875,-1.375,0.0
146,6,48,0,-0.25,0.421875,1.0
147,6,49,0,1.171875,-0.4375,0.0
148,6,49,0,-0.0625,-2.078125,0.0
149,6,49,0,0.3125,1.640625,0.0
150,6,50,0,0.953125,-1.1875,0.0
151,6,50,1,0.84375,-1.28125,0.0
152,6,50,0,-0.65625,-0.015625,0.0
153,6,51,1,1.234375,-1.828125,0.0
154,6,51,0,-0.59375,-0.3125,1.0
155,6,51,1,1.9375,1.4375,1.0
156,6,52,1,-0.546875,-0.140625,1.0
157,6,52,0,0.625,-0.328125,0.0
158,6,52,1,-0.359375,-0.046875,1.0
159,6,53,1,1.328125,-0.75,0.0
160,6,53,0,1.21875,-2.171875,0.0
161,6,53,0,0.5,-0.359375,1.0
162,6,54,1,0.65625,0.0625,0.0
163,6,54,0,-2.296875,-0.890625,0.0
164,6,54,0,-0.6875,-1.234375,0.0
165,6,55,0,0.140625,-0.40625,1.0
166,6,55,1,-0.078125,-0.5,0.0
167,6,55,1,0.09375,0.8125,1.0
168,6,56,1,0.546875,0.046875,0.0
169,6,56,1,1.890625,-0.078125,0.0
170,6,56,0,0.25,-0.6875,0.0
171,7,57,1,-0.0625,-0.21875,1.0
172,7,57,0,-2.1875,-0.5,1.0
173,7,57,1,-0.828125,-0.09375,1.0
174,7,58,1,-0.84375,-0.6875,0.0
175,7,58,0,-0.296875,0.90625,1.0
176,7,58,0,-0.96875,0.703125,1.0
177,7,59,1,-0.109375,0.21875,0.0
178,7,59,0,2.625,0.0625,0.0
179,7,59,0,-0.3125,-1.15625,1.0
180,7,60,0,-0.84375,1.78125,0.0
181,7,60,0,-0.125,-0.3125,0.0
182,7,60,0,0.09375,-0.78125,1.0
183,7,61,0,1.875,-0.375,0.0
184,7,61,0,-0.796875,-1.859375,0.0
185,7,61,0,0.296875,-1.328125,0.0
186,7,62,0,-1.84375,0.390625,1.0
187,7,62,0,0.390625,-1.375,0.0
188,7,62,0,-0.3125,0.734375,0.0
189,7,63,0,-1.59375,-1.078125,0.0
190,7,63,1,1.125,1.75,0.0
191,7,63,1,-2.078125,-0.15625,1.0
192,7,64,0,-0.734375,-0.875,0.0
193,7,64,0,-1.25,0.015625,0.0
194,7,64,1,-1.09375,-0.140625,0.0
195,7,65,0,0.203125,-0.859375,0.0
196,7,65,0,-2.375,-0.203125,0.0
197,7,65,0,0.078125,-0.3125,1.0
198,7,66,1,1.125,-3.171875,1.0
199,7,66,0,-0.796875,-1.78125,0.0
200,7,66,0,0.46875,0.28125,0.0
201,7,67,0,0.4375,-1.625,0.0
202,7,67,0,0.40625,0.671875,0.0
203,7,67,1,-0.09375,-0.8125,0.0
204,7,68,0,0.109375,-0.578125,0.0
205,7,68,0,-1.171875,-1.453125,1.0
206,7,68,0,-0.171875,-0.671875,0.0
207,7,69,0,-1.96875,0.515625,1.0
208,7,69,0,1.25,1.265625,0.0
209,7,69,1,0.0,-1.59375,0.0
210,7,70,1,-1.578125,-0.140625,0.0
211,7,70,1,1.125,-2.1875,1.0
212,7,70,0,-0.390625,-2.734375,0.0
213,7,71,0,-0.125,-2.125,1.0
214,7,71,0,0.21875,-0.578125,0.0
215,7,71,0,-1.40625,-0.84375,0.0
216,7,72,0,0.53125,-0.5,1.0
217,7,72,0,-0.59375,0.5625,1.0
218,7,72,0,1.578125,0.390625,1.0
219,7,73,0,-2.046875,-0.71875,0.0
220,7,73,1,1.75,-1.5625,1.0
221,7,73,0,-0.15625,-1.1875,0.0
222,7,74,1,0.734375,-0.640625,1.0
223,7,74,0,-0.953125,-0.0625,0.0
224,8,74,0,-0.3125,-0.953125,0.0
225,8,75,0,0.359375,0.0625,0.0
226,8,75,1,0.25,0.296875,1.0
227,8,75,0,0.0625,0.859375,1.0
228,8,76,0,-0.140625,0.03125,0.0
229,8,76,0,0.34375,0.296875,1.0
230,8,76,1,1.0,-0.890625,0.0
231,8,77,1,1.125,-0.921875,1.0
232,8,77,0,-1.09375,1.5,0.0
233,8,77,0,0.703125,0.125,0.0
234,8,78,1,1.28125,0.125,0.0
235,8,78,1,-0.484375,0.9375,1.0
236,8,78,1,0.59375,-0.8125,1.0
237,8,79,0,-0.171875,1.078125,0.0
238,8,79,0,-0.328125,1.609375,0.0
239,8,79,1,1.171875,1.5,1.0
240,8,80,1,1.109375,0.390625,0.0
241,8,80,1,0.109375,0.140625,0.0
242,8,80,0,0.328125,0.328125,1.0
243,8,81,1,-1.59375,-0.234375,0.0
244,8,81,0,-2.1875,-1.28125,0.0
245,8,81,0,-1.203125,0.84375,0.0
246,8,82,0,-1.8125,-1.703125,0.0
247,8,82,0,-0.875,-0.546875,0.0
248,8,82,1,1.15625,-0.15625,0.0
249,8,83,0,1.140625,-1.40625,0.0
250,8,83,0,1.671875,-0.3125,1.0
251,8,83,1,0.90625,1.125,0.0
252,8,84,0,-0.4375,0.046875,0.0
253,8,84,0,-1.0,1.390625,1.0
254,8,84,0,0.0,0.484375,0.0
255,8,85,1,2.1875,-1.59375,1.0
256,8,85,0,-1.734375,0.59375,0.0
257,8,85,1,1.1875,-1.140625,0.0
258,8,86,1,0.3125,1.78125,1.0
259,8,86,1,-1.1875,-0.734375,0.0
260,8,86,0,-0.84375,-0.203125,0.0
261,8,87,0,-0.625,0.90625,0.0
262,8,87,0,-0.8125,0.09375,0.0
263,8,87,0,-1.515625,-0.828125,0.0
264,8,88,1,-0.109375,0.140625,1.0
265,8,88,0,0.390625,0.3125,1.0
266,8,88,1,-0.859375,-0.515625,0.0
267,8,89,0,-0.375,-1.78125,0.0
268,8,89,0,-0.953125,0.140625,0.0
269,8,89,1,0.734375,-0.265625,1.0
270,8,90,0,-0.515625,-0.546875,1.0
271,8,90,1,-0.234375,-1.09375,0.0
272,8,90,0,1.4375,1.234375,0.0
273,8,91,1,0.5,-0.96875,0.0
274,8,91,1,1.859375,0.40625,0.0
275,8,91,1,1.15625,-0.953125,0.0
276,8,92,1,0.5,-0.265625,0.0
277,8,92,0,-0.484375,-1.328125,0.0
278,8,92,1,0.34375,-1.40625,1.0
279,8,93,1,1.140625,-0.359375,1.0
280,8,93,0,-0.59375,0.875,0.0
281,8,93,0,-0.703125,-1.4375,0.0
282,8,94,0,-1.078125,1.84375,0.0
283,8,94,1,0.15625,-0.75,0.0
284,9,94,0,1.421875,-1.484375,0.0
285,9,95,0,1.015625,-0.625,0.0
286,9,95,0,2.140625,1.46875,1.0
287,9,95,0,0.625,-1.359375,0.0
288,9,96,1,3.59375,-1.8125,0.0
289,9,96,0,-1.765625,-1.09375,1.0
290,9,96,0,-3.203125,-0.15625,1.0
291,9,97,0,0.046875,2.53125,0.0
292,9,97,1,1.234375,-2.3125,0.0
293,9,97,0,-0.40625,0.609375,0.0
294,9,98,0,1.203125,-0.671875,0.0
295,9,98,0,-0.015625,-1.5,1.0
296,9,98,1,-1.65625,-2.953125,0.0
297,9,99,0,-1.53125,1.609375,1.0
298,9,99,1,0.296875,1.15625,0.0
299,9,99,0,0.453125,-0.140625,0.0
300,9,100,1,0.0625,0.734375,1.0
301,10,100,1,-0.8125,-1.6875,0.0
302,10,100,0,-0.34375,-0.5625,0.0
303,10,101,0,-0.453125,-0.40625,1.0
304,10,101,1,0.75,-1.390625,0.0
305,10,101,0,3.46875,-0.53125,0.0
306,10,102,1,-0.015625,-0.046875,1.0
307,10,102,1,1.4375,-1.3125,0.0
308,10,102,0,0.0625,-0.46875,1.0
309,10,103,0,1.15625,0.96875,1.0
310,10,103,0,0.84375,-1.921875,0.0
311,10,103,1,1.390625,-3.84375,0.0
312,10,104,0,0.015625,-1.109375,1.0
313,10,104,0,-0.890625,-0.015625,1.0
314,10,104,0,-1.859375,-1.546875,0.0
315,10,105,0,1.546875,-0.328125,1.0
316,10,105,1,-0.09375,-0.84375,1.0
317,10,105,0,0.1875,-1.265625,1.0
318,10,106,0,0.265625,-1.75,0.0
319,10,106,0,1.171875,1.3125,1.0
320,10,106,0,-1.625,-1.421875,0.0
321,10,107,1,-1.609375,-0.015625,1.0
322,10,107,0,-0.65625,-0.109375,0.0
323,10,107,1,-1.359375,-0.296875,1.0
324,10,108,0,-0.109375,-0.390625,0.0
325,11,108,0,0.875,0.46875,1.0
326,11,108,0,-0.46875,-1.953125,0.0
327,11,109,0,-0.8125,-1.65625,0.0
328,11,109,0,0.015625,-1.4375,1.0
329,11,109,1,-0.421875,0.0625,1.0
330,11,110,0,-1.203125,-1.0625,1.0
331,11,110,0,-0.25,-0.921875,0.0
332,11,110,1,0.640625,-1.4375,0.0
333,11,111,1,0.5625,-0.40625,1.0
334,11,111,0,-0.984375,0.25,1.0
335,11,111,1,0.0625,-1.28125,1.0
336,11,112,0,0.375,-1.296875,0.0
337,11,112,0,0.984375,0.15625,1.0
338,11,112,1,1.796875,-1.828125,0.0
339,11,113,0,-1.15625,-0.09375,0.0
340,11,113,0,-0.265625,0.296875,0.0
341,11,113,1,0.328125,-2.34375,1.0
342,11,114,0,-1.109375,0.546875,0.0
343,11,114,0,-0.625,-1.34375,0.0
344,11,114,1,-0.46875,-1.328125,1.0
345,11,115,0,0.234375,1.109375,1.0
346,11,115,0,-1.28125,-2.203125,1.0
347,11,115,0,1.015625,0.125,1.0
348,11,116,0,-1.40625,-1.375,0.0
349,11,116,0,0.03125,-0.421875,1.0
350,11,116,1,-0.15625,-0.296875,1.0
351,11,117,0,0.21875,-2.296875,0.0
352,11,117,1,-0.203125,-1.765625,1.0
353,11,117,1,2.203125,-2.25,0.0
354,11,118,0,-1.078125,-2.4375,0.0
355,11,118,1,0.109375,-1.875,0.0
356,12,118,1,-1.015625,0.875,0.0
357,12,119,1,-0.78125,-0.46875,1.0
358,12,119,1,-0.578125,-1.03125,0.0
359,12,119,0,-0.34375,0.390625,0.0
360,12,120,1,-0.734375,0.375,1.0
361,12,120,0,-1.09375,-0.046875,0.0
362,12,120,0,0.90625,2.40625,0.0
363,12,121,0,-1.65625,-0.453125,0.0
364,12,121,1,1.71875,1.09375,0.0
365,12,121,1,1.140625,0.484375,0.0
366,12,122,1,0.34375,-0.578125,1.0
367,12,122,1,-0.078125,1.078125,1.0
368,12,122,1,-0.359375,-1.953125,1.0
369,12,123,1,-1.0,-0.109375,1.0
370,12,123,0,0.59375,1.328125,0.0
371,12,123,0,1.9375,1.40625,1.0
372,12,124,1,-1.140625,-1.015625,1.0
373,12,124,1,-0.015625,1.015625,0.0
374,12,124,1,0.28125,1.171875,1.0
375,12,125,0,1.71875,0.34375,0.0
376,12,125,0,0.453125,1.734375,0.0
377,12,125,0,2.203125,1.765625,0.0
378,12,126,1,-2.171875,1.015625,0.0
379,12,126,1,0.390625,0.453125,1.0
380,12,126,0,0.765625,0.09375,0.0
381,12,127,1,0.234375,3.0625,0.0
382,12,127,0,-0.921875,0.953125,1.0
383,12,127,0,-0.21875,2.5,1.0
384,12,128,1,0.84375,-1.734375,0.0
385,12,128,1,-1.96875,-0.1875,0.0
386,12,128,0,-0.78125,1.0,1.0
387,12,129,1,0.484375,-1.9375,0.0
388,12,129,1,-0.140625,0.453125,0.0
389,12,129,0,-0.328125,1.078125,1.0
390,12,130,1,-0.046875,-0.40625,1.0
391,12,130,0,-1.296875,1.0,0.0
392,12,130,1,0.90625,-0.265625,0.0
393,12,131,1,0.71875,-0.015625,1.0
394,13,131,0,1.125,-0.25,1.0
395,13,131,1,1.046875,-0.9375,0.0
396,13,132,1,1.078125,-0.5,0.0
397,13,132,0,-0.1875,-0.734375,0.0
398,13,132,1,1.328125,0.859375,0.0
399,13,133,0,0.5,-3.875,1.0
400,13,133,0,-1.0625,0.546875,0.0
401,13,133,0,0.34375,-2.1875,1.0
402,13,134,0,0.75,-0.375,0.0
403,13,134,0,1.46875,-0.984375,0.0
404,13,134,0,0.15625,-0.4375,0.0
405,13,135,0,0.015625,-0.34375,0.0
406,13,135,0,-0.6875,0.5625,1.0
407,13,135,0,-0.40625,-0.125,0.0
408,13,136,0,1.0,-2.0,0.0
409,13,136,0,0.625,0.375,1.0
410,13,136,0,-0.90625,-0.546875,0.0
411,13,137,0,1.59375,-2.46875,1.0
412,13,137,0,0.015625,-0.953125,0.0
413,13,137,0,-0.609375,-1.125,0.0
414,13,138,0,-0.5625,-2.09375,1.0
415,13,138,0,1.453125,-0.078125,0.0
416,13,138,0,-0.9375,-0.1875,0.0
417,13,139,1,-0.984375,-0.921875,0.0
418,13,139,0,-0.015625,-0.953125,1.0
419,13,139,0,-0.28125,-1.875,1.0
420,13,140,1,0.421875,-2.5625,1.0
421,13,140,0,1.09375,0.359375,0.0
422,13,140,1,-0.328125,-0.078125,0.0
423,13,141,0,-0.84375,-2.734375,0.0
424,13,141,0,-0.3125,-1.390625,0.0
425,13,141,0,0.96875,-2.171875,0.0
426,13,142,1,1.375,-0.015625,0.0
427,13,142,0,0.828125,-1.15625,1.0
428,13,142,0,-0.4375,-1.65625,0.0
429,13,143,0,-0.875,-0.578125,1.0
430,13,143,1,1.828125,1.046875,1.0
431,13,143,0,-1.5,0.609375,0.0
432,13,144,1,0.578125,0.34375,1.0
433,13,144,0,-0.953125,-0.78125,1.0
434,13,144,0,1.875,-1.125,0.0
435,13,145,0,-0.703125,-1.3125,0.0
436,13,145,0,-0.359375,-0.53125,1.0
437,13,145,0,0.171875,1.15625,0.0
438,13,146,0,-0.765625,-1.25,1.0
439,14,146,0,0.25,-0.1875,0.0
440,14,146,1,1.0625,0.765625,0.0
441,14,147,0,0.625,-0.8125,0.0
442,14,147,1,-0.0625,-0.859375,1.0
443,14,147,1,1.3125,-0.3125,1.0
444,14,148,1,-1.375,0.953125,0.0
445,14,148,1,-0.671875,-1.53125,0.0
446,14,148,0,1.421875,-2.140625,1.0
447,14,149,1,-0.25,-0.90625,0.0
448,14,149,1,1.171875,-0.21875,1.0
449,14,149,0,0.375,2.0,0.0
450,14,150,1,-0.078125,0.21875,0.0
451,14,150,1,-0.359375,0.140625,0.0
452,14,150,1,-2.9375,-0.65625,1.0
453,14,151,0,-0.953125,-0.296875,1.0
454,14,151,0,0.453125,-1.34375,0.0
455,14,151,0,0.453125,-1.265625,0.0
456,14,152,1,1.34375,-1.828125,1.0
457,14,152,1,0.421875,0.8125,0.0
458,14,152,1,-0.53125,1.734375,1.0
459,14,153,1,-0.75,-1.3125,0.0
460,14,153,1,-0.84375,-1.4375,1.0
461,14,153,0,-0.8125,-1.8125,0.0
462,14,154,0,-0.90625,-1.890625,0.0
463,14,154,1,1.234375,-0.765625,0.0
464,14,154,1,-0.1875,-1.75,0.0
465,14,155,0,-0.78125,0.59375,0.0
466,14,155,1,1.21875,0.40625,0.0
467,14,155,0,0.5,0.46875,0.0
468,14,156,1,0.609375,-1.875,0.0
469,14,156,0,0.125,0.34375,0.0
470,14,156,1,1.03125,0.484375,1.0
471,14,157,0,1.78125,-0.046875,0.0
472,14,157,0,0.609375,0.4375,0.0
473,14,157,0,-0.921875,0.5625,0.0
474,14,158,0,-0.15625,-0.109375,0.0
475,14,158,1,-1.265625,-0.71875,1.0
476,14,158,0,-1.140625,0.453125,1.0
477,14,159,1,-1.09375,-1.15625,0.0
478,14,159,1,2.65625,-0.9375,1.0
479,14,159,0,-2.3125,0.25,0.0
480,14,160,0,0.109375,1.703125,0.0
481,14,160,1,1.4375,-0.765625,0.0
482,14,160,1,-0.140625,-1.046875,0.0
483,14,161,0,-1.1875,1.59375,1.0
484,14,161,0,0.21875,-2.5,0.0
485,14,161,1,0.484375,0.015625,0.0
486,14,162,1,0.328125,1.046875,1.0
487,14,162,1,0.71875,0.09375,0.0
488,14,162,1,-0.4375,-0.328125,1.0
489,14,163,0,-0.6875,1.984375,0.0
490,14,163,0,0.984375,-0.484375,0.0
491,15,163,0,0.3125,-0.953125,0.0
492,15,164,0,0.484375,-0.1875,0.0
493,15,164,0,-0.578125,-0.03125,1.0
494,15,164,0,0.765625,-0.484375,1.0
495,15,165,0,-1.25,0.984375,0.0
496,15,165,1,-0.5,-0.8125,1.0
497,15,165,0,-0.703125,0.640625,1.0
498,15,166,1,-0.09375,-0.015625,1.0
499,15,166,0,0.3125,-0.671875,0.0
500,15,166,1,1.703125,0.28125,0.0
501,15,167,0,-0.765625,-1.640625,1.0
502,15,167,1,1.5625,1.0,1.0
503,15,167,0,-1.953125,0.0625,0.0
504,15,168,1,-0.296875,1.234375,0.0
505,15,168,0,0.828125,-1.75,0.0
506,15,168,0,-1.703125,-0.25,0.0
507,15,169,0,-1.953125,0.171875,0.0
508,15,169,0,0.359375,1.71875,0.0
509,15,169,0,-0.1875,1.25,0.0
510,15,170,0,0.53125,-0.109375,0.0
511,15,170,1,-0.03125,-1.390625,0.0
512,15,170,1,-0.265625,-0.359375,1.0
513,15,171,1,-1.28125,-2.03125,0.0
514,15,171,1,-0.546875,-0.234375,0.0
515,15,171,1,-0.75,0.859375,0.0
516,15,172,0,0.515625,1.265625,0.0
517,15,172,1,-0.875,0.515625,1.0
518,15,172,1,-0.59375,0.296875,1.0
519,15,173,0,0.109375,1.453125,0.0
520,15,173,1,0.96875,-1.890625,0.0
521,15,173,0,0.40625,-0.234375,1.0
522,15,174,1,0.5,1.40625,1.0
523,15,174,1,-1.78125,-1.40625,0.0
524,15,174,0,-0.921875,1.96875,1.0
525,15,175,1,0.375,0.203125,0.0
526,15,175,1,-3.28125,0.609375,1.0
527,15,175,1,1.53125,0.734375,1.0
528,15,176,0,0.421875,-1.5625,0.0
529,15,176,1,0.53125,-0.203125,0.0
530,15,176,0,-1.421875,0.78125,1.0
531,15,177,1,0.546875,0.84375,0.0
532,15,177,0,0.734375,1.40625,1.0
533,15,177,1,-0.421875,-1.25,0.0
534,15,178,0,-0.59375,2.515625,1.0
535,15,178,1,0.078125,-0.140625,1.0
536,15,178,1,0.046875,0.703125,1.0
537,15,179,1,0.1875,2.96875,0.0
538,15,179,1,1.5,0.734375,0.0
539,15,179,0,-0.390625,1.109375,0.0
540,15,180,0,-1.953125,1.734375,0.0
541,15,180,1,-0.109375,0.453125,1.0
542,15,180,1,1.015625,-0.296875,0.0
543,15,181,1,-1.078125,0.828125,1.0
544,15,181,0,1.265625,0.25,0.0
545,15,181,0,-0.046875,-1.625,0.0
546,15,182,1,-0.1875,0.828125,0.0
547,15,182,1,-0.890625,0.1875,0.0
548,15,182,1,1.875,1.265625,1.0
549,15,183,1,-0.46875,1.375,0.0
550,16,183,1,2.078125,-0.4375,1.0
551,16,183,1,-0.515625,0.625,0.0
552,16,184,1,-0.296875,0.265625,1.0
553,16,184,1,-0.71875,-1.015625,1.0
554,16,184,0,0.609375,0.4375,0.0
555,16,185,0,-0.90625,1.78125,1.0
556,16,185,1,1.078125,1.0625,0.0
557,16,185,1,0.453125,-1.40625,0.0
558,16,186,0,-0.984375,0.140625,1.0
559,16,186,0,0.515625,-0.25,0.0
560,16,186,0,-2.296875,1.625,0.0
561,16,187,0,0.265625,0.609375,1.0
562,16,187,1,-0.359375,-0.25,1.0
563,16,187,0,-1.84375,-0.40625,1.0
564,16,188,0,0.5625,0.78125,0.0
565,16,188,1,1.625,-0.0625,1.0
566,17,188,0,0.125,-1.109375,0.0
567,17,189,1,1.1875,-1.140625,1.0
568,17,189,1,0.28125,-2.703125,0.0
569,17,189,0,0.734375,-0.40625,0.0
570,17,190,0,1.0,-0.328125,1.0
571,17,190,0,-0.984375,-0.75,1.0
572,17,190,0,0.171875,0.203125,0.0
573,17,191,1,0.125,1.09375,0.0
574,17,191,0,0.265625,-1.4375,0.0
575,17,191,1,-0.953125,0.546875,1.0
576,17,192,1,-0.390625,-0.03125,0.0
577,17,192,1,0.09375,-0.484375,0.0
578,17,192,1,0.03125,-0.953125,0.0
579,17,193,1,-0.28125,0.78125,1.0
580,17,193,1,-1.5625,0.375,0.0
581,17,193,0,0.578125,-0.234375,0.0
582,17,194,0,0.234375,0.15625,1.0
583,17,194,1,-0.09375,-0.3125,0.0
584,17,194,0,-0.875,-0.078125,0.0
585,17,195,1,-0.25,-1.4375,0.0
586,17,195,1,1.515625,0.515625,1.0
587,17,195,0,-1.375,-0.1875,0.0
588,17,196,1,1.1875,0.03125,1.0
589,18,196,0,0.234375,-0.390625,0.0
590,18,196,0,-1.78125,-0.25,0.0
591,18,197,0,-0.8125,-0.453125,0.0
592,18,197,1,1.421875,-1.203125,0.0
593,18,197,1,0.5,-0.046875,1.0
594,18,198,0,-0.78125,-0.890625,1.0
595,18,198,0,-1.734375,0.0,0.0
596,18,198,0,-0.875,-0.4375,1.0
597,18,199,0,-1.828125,-0.125,0.0
598,18,199,0,1.6875,0.609375,0.0
599,18,199,0,-0.640625,-1.421875,1.0
600,18,200,1,0.921875,2.078125,1.0
601,18,200,1,0.390625,0.65625,0.0
602,18,200,1,0.9375,-0.734375,0.0
603,18,201,1,0.484375,-0.328125,0.0
604,18,201,1,-1.390625,-0.625,1.0
605,18,201,0,-0.796875,-0.234375,0.0
606,18,202,0,-0.046875,-0.203125,0.0
607,18,202,0,0.765625,0.96875,0.0
608,18,202,0,-0.09375,1.9375,1.0
609,18,203,0,-0.421875,-0.1875,1.0
610,18,203,1,-0.421875,-1.234375,1.0
611,18,203,0,0.1875,-0.84375,0.0
612,18,204,0,-0.953125,-0.390625,0.0
613,18,204,1,-2.171875,-0.34375,1.0
614,18,204,0,-0.828125,1.203125,1.0
615,18,205,1,0.359375,-1.25,0.0
616,18,205,1,-0.09375,-1.59375,0.0
617,18,205,0,-0.25,0.1875,0.0
618,18,206,1,0.28125,-1.046875,0.0
619,19,206,1,-0.296875,-1.796875,1.0
620,19,206,0,0.8125,0.03125,0.0
621,19,207,0,-0.796875,-0.8125,0.0
622,19,207,1,0.59375,0.015625,0.0
623,19,207,1,-0.03125,-2.625,1.0
624,19,208,0,0.234375,-1.0,0.0
625,19,208,0,-0.296875,-1.109375,1.0
626,19,208,0,-0.203125,-3.59375,0.0
627,19,209,0,0.25,-0.453125,0.0
628,19,209,0,-1.234375,-1.15625,0.0
629,19,209,1,-0.40625,-0.4375,1.0
630,19,210,0,-0.59375,-0.46875,0.0
631,19,210,0,-1.84375,-1.265625,0.0
632,19,210,1,0.71875,-3.03125,1.0
633,19,211,0,-1.546875,-1.625,0.0
634,19,211,0,-2.109375,-2.296875,0.0
635,19,211,0,-0.8125,-1.40625,1.0
636,19,212,1,0.859375,-1.515625,0.0
637,19,212,0,0.53125,0.734375,0.0
638,19,212,1,2.9375,-0.65625,0.0
639,19,213,0,-1.046875,-1.140625,0.0
640,19,213,0,0.265625,-0.484375,0.0
641,19,213,0,0.140625,1.640625,0.0
642,19,214,1,-0.015625,-1.09375,0.0
643,19,214,1,-0.046875,-1.34375,1.0
644,19,214,1,-0.703125,-0.796875,1.0
645,19,215,0,0.140625,-0.203125,0.0
646,19,215,0,0.546875,0.15625,1.0
647,19,215,0,-0.265625,-0.5625,0.0
648,19,216,0,-0.71875,-0.796875,1.0
649,19,216,1,-1.484375,-0.78125,1.0
650,19,216,0,-0.890625,-0.328125,0.0
651,19,217,0,-0.3125,0.15625,0.0
652,19,217,0,-1.296875,-0.15625,0.0
653,19,217,0,1.09375,0.28125,0.0
654,19,218,0,0.703125,-2.265625,1.0
655,19,218,0,-1.046875,-0.671875,0.0
656,20,218,1,1.0,-0.203125,1.0
657,20,219,1,1.15625,0.1875,0.0
658,20,219,1,-0.5,-0.125,1.0
659,20,219,0,-1.046875,1.65625,0.0
660,20,220,1,-0.1875,1.21875,0.0
661,20,220,0,-1.40625,1.203125,0.0
662,20,220,0,0.203125,-1.234375,1.0
663,20,221,0,-2.546875,1.03125,0.0
664,20,221,0,1.203125,0.625,1.0
665,20,221,0,1.078125,-0.65625,1.0
666,20,222,0,-2.59375,-0.4375,0.0
667,20,222,1,-0.359375,1.015625,1.0
668,20,222,0,-1.546875,-0.875,0.0
669,20,223,0,-0.625,-1.078125,1.0
670,20,223,0,1.09375,-0.734375,1.0
671,20,223,0,-0.8125,2.09375,1.0
672,20,224,1,0.84375,-0.71875,0.0
673,20,224,1,0.109375,-0.15625,1.0
674,20,224,1,2.234375,-0.6875,0.0
675,20,225,0,-0.140625,0.265625,0.0
676,20,225,0,1.1875,-0.21875,0.0
677,20,225,1,1.15625,0.03125,0.0
678,20,226,1,0.65625,-1.015625,0.0
679,20,226,0,-1.140625,-1.03125,0.0
680,20,226,1,1.4375,0.421875,0.0
681,20,227,0,-0.625,0.65625,1.0
682,20,227,1,0.328125,-2.03125,0.0
683,20,227,1,1.84375,-0.40625,0.0
684,20,228,1,-0.3125,-0.421875,0.0
685,20,228,1,-0.90625,1.296875,1.0
686,20,228,1,-0.09375,-0.34375,1.0
687,20,229,0,-0.09375,1.46875,0.0
688,20,229,0,-0.71875,2.5625,0.0
689,20,229,0,1.203125,0.484375,0.0
690,20,230,0,0.34375,0.921875,0.0
691,20,230,1,-0.15625,-0.125,1.0
692,20,230,1,-0.375,0.296875,0.0
693,20,231,1,-0.046875,-0.40625,1.0
694,20,231,1,-0.453125,0.46875,0.0
695,20,231,1,1.171875,0.21875,1.0
696,20,232,0,-0.046875,0.03125,0.0
697,20,232,0,-0.671875,0.609375,0.0
698,20,232,0,0.296875,0.140625,0.0
699,20,233,1,0.96875,0.328125,0.0
700,21,233,0,2.15625,0.546875,0.0
701,21,233,1,1.953125,-0.28125,0.0
702,21,234,0,-0.203125,-0.421875,0.0
703,21,234,1,1.1875,-0.015625,0.0
704,21,234,0,-0.390625,-2.578125,0.0
705,21,235,0,2.3125,-0.5625,0.0
706,21,235,0,-0.453125,0.359375,1.0
707,21,235,1,-0.46875,-0.0625,1.0
708,21,236,1,0.640625,-0.875,0.0
709,21,236,0,-0.46875,1.4375,1.0
710,21,236,1,0.203125,-0.515625,0.0
711,21,237,0,-2.234375,-0.578125,1.0
712,21,237,0,2.28125,-0.625,0.0
713,21,237,0,-1.09375,-0.875,1.0
714,21,238,0,2.09375,2.125,0.0
715,21,238,1,0.734375,0.0,0.0
716,21,238,0,0.15625,-0.90625,0.0
717,21,239,1,-0.328125,-2.046875,1.0
718,21,239,1,0.328125,-0.421875,0.0
719,21,239,1,-0.15625,0.5625,1.0
720,21,240,1,-2.265625,-0.625,0.0
721,21,240,1,-1.65625,-1.296875,0.0
722,21,240,0,0.3125,1.046875,0.0
723,21,241,1,0.875,-0.53125,1.0
724,21,241,1,0.421875,-0.546875,0.0
725,21,241,1,-0.421875,1.296875,0.0
726,21,242,0,-1.078125,-1.078125,0.0
727,21,242,1,0.921875,-2.28125,0.0
728,21,242,1,1.1875,-0.203125,0.0
729,21,243,0,-0.734375,0.078125,0.0
730,21,243,1,-1.6875,1.984375,1.0
731,21,243,1,0.90625,-0.15625,1.0
732,21,244,1,0.359375,0.203125,0.0
733,21,244,1,1.59375,1.65625,0.0
734,21,244,1,1.203125,-1.3125,1.0
735,21,245,0,-1.09375,1.5625,0.0
736,21,245,1,-0.484375,-0.734375,1.0
737,21,245,0,-0.109375,-0.0625,0.0
738,21,246,1,-0.53125,0.75,1.0
739,21,246,1,-0.390625,-1.0625,1.0
740,21,246,1,-1.0625,-0.03125,1.0
741,21,247,1,0.0,0.34375,1.0
742,21,247,0,0.9375,-0.390625,1.0
743,21,247,0,-0.28125,0.90625,0.0
744,21,248,0,-0.234375,1.640625,0.0
745,21,248,1,0.234375,-0.1875,0.0
746,21,248,1,-0.109375,-1.546875,0.0
747,21,249,1,1.390625,1.828125,1.0
748,21,249,1,-1.265625,-0.96875,1.0
749,21,249,0,0.0,-0.328125,0.0
750,21,250,1,-0.640625,-0.890625,0.0
751,22,250,0,-0.515625,0.453125,0.0
752,22,250,0,-0.296875,-0.203125,0.0
753,22,251,1,-1.984375,-0.015625,0.0
754,22,251,1,0.34375,1.0,0.0
755,22,251,0,0.34375,-0.640625,0.0
756,22,252,1,0.71875,-0.1875,0.0
757,22,252,1,-1.453125,-1.703125,0.0
758,22,252,1,1.078125,-0.859375,0.0
759,22,253,1,1.578125,-0.5625,1.0
760,22,253,1,0.40625,-0.265625,0.0
761,22,253,1,-0.5625,0.203125,1.0
762,22,254,0,-1.03125,-1.390625,0.0
763,22,254,1,1.0,0.0625,1.0
764,22,254,1,0.5625,-1.453125,1.0
765,22,255,1,-0.1875,1.0625,0.0
766,22,255,0,-1.34375,0.046875,1.0
767,22,255,0,-0.03125,-0.890625,0.0
768,22,256,0,-1.109375,0.140625,0.0
769,22,256,1,-0.0625,0.71875,0.0
770,22,256,1,-0.078125,-0.765625,1.0
771,22,257,0,-0.03125,0.5625,1.0
772,22,257,1,0.265625,-2.234375,1.0
773,22,257,1,0.25,-2.890625,0.0
774,22,258,0,1.703125,0.46875,0.0
775,22,258,1,-1.734375,-0.140625,0.0
776,22,258,0,0.390625,0.015625,0.0
777,22,259,1,0.578125,-0.703125,0.0
778,22,259,1,0.75,0.75,0.0
779,22,259,1,-0.046875,-1.03125,1.0
780,22,260,1,1.28125,0.03125,0.0
781,22,260,1,0.40625,0.609375,0.0
782,22,260,0,-0.65625,1.609375,1.0
783,22,261,0,-0.234375,-0.765625,1.0
784,22,261,0,0.59375,-0.015625,0.0
785,22,261,0,-0.84375,0.78125,0.0
786,22,262,0,0.59375,0.875,0.0
787,22,262,1,1.5,1.625,0.0
788,22,262,0,0.1875,-0.234375,1.0
789,22,263,0,-0.421875,1.765625,0.0
790,22,263,0,-0.3125,-1.28125,0.0
791,22,263,0,0.28125,0.328125,0.0
792,22,264,0,-1.703125,0.4375,0.0
793,22,264,0,0.0,-1.9375,0.0
794,22,264,1,0.75,-1.28125,0.0
795,22,265,1,0.828125,-1.203125,1.0
796,22,265,1,1.5,-0.875,0.0
797,22,265,1,-0.015625,-1.234375,0.0
798,22,266,0,-1.84375,-0.953125,1.0
799,22,266,0,0.109375,-0.140625,0.0
800,22,266,1,-0.46875,0.015625,0.0
801,22,267,1,0.578125,0.578125,1.0
802,22,267,1,-1.15625,0.296875,1.0
803,22,267,1,-1.359375,-1.671875,1.0
804,22,268,1,-0.9375,0.140625,1.0
805,22,268,1,-1.5,-1.453125,1.0
806,22,268,1,-0.796875,0.578125,0.0
807,22,269,0,1.296875,0.9375,1.0
808,22,269,0,-0.859375,-0.453125,0.0
809,23,269,0,-0.078125,0.8125,1.0
810,23,270,1,0.5,-2.5625,0.0
811,23,270,1,0.828125,-0.46875,0.0
812,23,270,0,-0.40625,0.28125,1.0
813,23,271,0,0.15625,-1.25,0.0
814,23,271,0,0.0625,-0.75,1.0
815,23,271,1,0.640625,-3.09375,0.0
816,23,272,1,-1.296875,0.8125,0.0
817,23,272,1,0.171875,-1.171875,0.0
818,23,272,0,-0.296875,-1.25,0.0
819,23,273,1,-0.125,0.359375,1.0
820,23,273,0,0.21875,0.328125,0.0
821,23,273,1,-1.59375,-2.125,1.0
822,23,274,1,-0.6875,-0.71875,0.0
823,23,274,0,-1.4375,2.125,0.0
824,24,274,1,1.46875,-0.859375,0.0
825,24,275,1,0.3125,-0.890625,1.0
826,24,275,0,-1.171875,0.125,1.0
827,24,275,0,1.09375,-1.234375,1.0
828,24,276,1,1.796875,-0.90625,1.0
829,24,276,0,0.28125,-1.734375,0.0
830,24,276,1,0.140625,0.328125,0.0
831,24,277,0,-0.984375,-0.671875,0.0
832,24,277,1,-0.34375,-0.40625,1.0
833,24,277,0,0.15625,-1.59375,0.0
834,24,278,0,0.1875,-0.1875,1.0
835,24,278,1,-0.4375,-0.21875,0.0
836,24,278,1,1.171875,-0.046875,1.0
837,24,279,0,-0.640625,-1.078125,1.0
838,24,279,0,1.0,-2.03125,0.0
839,24,279,0,1.40625,0.40625,1.0
840,24,280,1,-0.390625,-0.84375,0.0
841,24,280,1,1.765625,-0.6875,1.0
842,24,280,0,0.296875,-1.640625,0.0
843,24,281,1,0.71875,-1.65625,1.0
844,24,281,1,1.640625,-0.828125,1.0
845,24,281,0,-0.734375,-1.28125,0.0
846,25,282,1,1.40625,0.21875,1.0
847,25,282,0,-1.796875,0.65625,0.0
848,25,282,1,0.515625,-0.640625,0.0
849,25,283,1,0.015625,-0.140625,0.0
850,25,283,1,-0.765625,-0.234375,1.0
851,25,283,0,-0.671875,1.0625,0.0
852,25,284,1,0.609375,0.09375,0.0
853,25,284,0,-0.0625,-1.015625,0.0
854,25,284,0,-1.5625,0.5,0.0
855,25,285,1,1.515625,-1.21875,0.0
856,25,285,1,0.515625,-1.3125,1.0
857,25,285,1,0.375,-0.421875,0.0
858,25,286,1,0.328125,-0.96875,0.0
859,25,286,0,-1.265625,0.234375,0.0
860,25,286,0,-0.390625,0.578125,1.0
861,25,287,0,0.34375,-0.625,1.0
862,25,287,1,0.78125,0.421875,0.0
863,25,287,1,-1.8125,0.5625,1.0
864,25,288,1,0.28125,1.0625,1.0
865,25,288,1,0.078125,1.75,0.0
866,25,288,1,-0.84375,-0.59375,0.0
867,25,289,1,1.84375,-2.1875,0.0
868,25,289,1,-1.828125,1.078125,0.0
869,25,289,1,1.1875,-0.4375,0.0
870,25,290,0,-0.765625,0.640625,0.0
871,25,290,0,-1.9375,0.296875,0.0
872,25,290,0,-0.140625,-2.6875,0.0
873,25,291,1,-0.703125,0.203125,1.0
874,25,291,1,0.703125,0.046875,0.0
875,26,291,1,-0.1875,-0.75,1.0
876,26,292,1,-0.921875,-0.765625,0.0
877,26,292,1,1.90625,-0.65625,0.0
878,26,292,0,-1.984375,0.9375,0.0
879,26,293,1,0.796875,-1.734375,1.0
880,26,293,0,0.609375,1.65625,1.0
881,26,293,0,0.3125,1.171875,1.0
882,26,294,1,0.640625,-0.65625,0.0
883,26,294,1,-0.84375,-1.375,1.0
884,26,294,1,2.203125,-0.265625,1.0
885,26,295,0,-1.921875,0.453125,0.0
886,26,295,0,-0.78125,0.25,0.0
887,26,295,1,1.53125,-1.5,0.0
888,26,296,1,-0.609375,0.734375,0.0
889,26,296,0,0.96875,-0.1875,0.0
890,26,296,1,0.09375,0.015625,1.0
891,26,297,1,-0.765625,-1.5,1.0
892,26,297,1,0.421875,-1.046875,1.0
893,26,297,0,-0.96875,-0.015625,0.0
894,26,298,1,0.765625,-1.21875,0.0
895,26,298,0,1.890625,-0.71875,0.0
896,26,298,0,0.265625,0.484375,1.0
897,26,299,0,-0.046875,1.125,1.0
898,26,299,0,-0.078125,0.5,0.0
899,26,299,1,-0.984375,-0.53125,1.0
900,26,300,1,0.421875,-1.4375,1.0
901,26,300,0,-0.859375,-1.28125,0.0
902,26,300,0,-0.03125,-0.59375,0.0
903,26,301,0,-0.328125,-0.84375,1.0
904,26,301,1,-0.421875,0.046875,0.0
905,26,301,1,0.078125,-1.15625,1.0
906,26,302,0,0.484375,-0.21875,0.0
907,26,302,0,-0.078125,1.171875,0.0
908,26,302,0,-0.5625,-0.625,1.0
909,26,303,1,-0.984375,0.140625,0.0
910,26,303,1,-0.296875,-1.9375,1.0
911,27,303,0,0.03125,2.15625,0.0
912,27,304,0,0.015625,-1.046875,0.0
913,27,304,1,0.9375,-1.28125,1.0
914,27,304,0,1.484375,-0.75,1.0
915,27,305,1,-0.59375,-0.9375,1.0
916,27,305,1,1.5,0.640625,1.0
917,27,305,0,-0.78125,-0.703125,1.0
918,27,306,0,-1.765625,-0.0625,0.0
919,27,306,1,0.546875,-0.4375,1.0
920,27,306,0,-1.703125,0.15625,0.0
921,27,307,1,-0.78125,-1.3125,1.0
922,27,307,0,0.03125,2.1875,1.0
923,27,307,0,0.671875,-0.765625,0.0
924,27,308,0,0.546875,0.8125,0.0
925,27,308,1,1.625,-0.421875,0.0
926,27,308,1,-0.375,-0.125,1.0
927,27,309,1,-0.828125,-2.265625,0.0
928,27,309,0,0.765625,-1.734375,0.0
929,27,309,1,-1.9375,-0.9375,0.0
930,27,310,1,0.078125,0.15625,1.0
931,27,310,1,1.796875,0.921875,0.0
932,27,310,0,-0.890625,-0.40625,0.0
933,27,311,0,0.390625,0.15625,1.0
934,27,311,0,-0.515625,0.625,0.0
935,27,311,1,1.65625,-1.421875,0.0
936,27,312,1,0.015625,-1.09375,1.0
937,27,312,1,0.5625,-2.0625,1.0
938,27,312,0,-1.203125,0.421875,0.0
939,27,313,0,-0.15625,-1.140625,0.0
940,27,313,1,-0.28125,-0.109375,1.0
941,27,313,0,-0.359375,-0.578125,0.0
942,27,314,1,0.90625,-1.484375,1.0
943,27,314,1,-0.0625,-2.65625,1.0
944,27,314,0,0.8125,-1.265625,0.0
945,27,315,1,-0.5,0.53125,1.0
946,27,315,0,1.78125,0.65625,1.0
947,27,315,0,-0.015625,-1.109375,0.0
948,27,316,1,-0.125,-0.203125,0.0
949,27,316,0,0.796875,-0.6875,0.0
950,27,316,1,-0.296875,-0.6875,0.0
951,27,317,1,0.0,-0.828125,0.0
952,27,317,1,0.046875,0.328125,1.0
953,27,317,1,-0.625,0.53125,1.0
954,28,318,0,0.140625,0.671875,0.0
955,28,318,0,-0.046875,1.109375,1.0
956,28,318,0,0.734375,-0.046875,0.0
957,28,319,0,-1.15625,0.671875,0.0
958,28,319,1,-0.390625,-1.921875,1.0
959,28,319,0,1.484375,-1.6875,0.0
960,28,320,1,0.1875,-0.96875,0.0
961,28,320,1,-0.328125,0.203125,0.0
962,28,320,1,1.984375,-1.078125,1.0
963,28,321,1,0.859375,-1.4375,0.0
964,28,321,1,-0.4375,0.125,0.0
965,28,321,0,-1.953125,-0.3125,1.0
966,28,322,1,0.4375,-1.421875,0.0
967,28,322,0,0.125,0.546875,1.0
968,28,322,1,0.171875,0.078125,1.0
969,28,323,0,0.921875,-0.765625,0.0
970,28,323,0,1.203125,-0.53125,1.0
971,28,323,0,0.765625,0.109375,1.0
972,28,324,1,0.109375,-0.5625,1.0
973,28,324,1,1.46875,-0.359375,0.0
974,28,324,0,-0.125,0.3125,0.0
975,28,325,0,-0.625,0.359375,1.0
976,28,325,0,0.578125,0.859375,1.0
977,28,325,1,-0.53125,-0.640625,1.0
978,28,326,0,-0.03125,-0.8125,0.0
979,28,326,1,-0.21875,1.078125,0.0
980,28,326,0,0.078125,1.171875,0.0
981,28,327,0,-0.15625,1.859375,0.0
982,28,327,0,-1.375,-1.734375,1.0
983,28,327,1,-0.046875,0.34375,1.0
984,28,328,0,-1.953125,1.203125,0.0
985,28,328,1,-0.5,-0.9375,0.0
986,28,328,1,1.140625,1.28125,0.0
987,28,329,0,-1.65625,0.09375,0.0
988,28,329,0,-0.296875,-0.015625,0.0
989,28,329,1,-1.171875,-0.25,1.0
990,28,330,0,-0.109375,-1.046875,0.0
991,28,330,0,1.421875,2.3125,0.0
992,28,330,0,0.0625,-0.578125,1.0
993,28,331,0,-0.625,-1.0,0.0
994,28,331,1,1.515625,-1.46875,1.0
995,28,331,1,0.90625,-1.5625,0.0
996,28,332,0,-0.703125,-1.109375,1.0
997,28,332,0,-1.65625,-0.6875,0.0
998,28,332,1,-0.53125,-0.15625,1.0
999,28,333,1,-0.875,-0.03125,0.0
1000,28,333,0,1.375,2.171875,0.0
1001,28,333,1,0.203125,-0.625,1.0
1002,28,334,1,-0.09375,0.546875,0.0
1003,28,334,1,0.5625,-0.859375,0.0
1004,29,334,0,0.84375,1.53125,1.0
1005,29,335,1,0.046875,-1.5,0.0
1006,29,335,1,-0.203125,1.546875,0.0
1007,29,335,0,1.796875,1.953125,1.0
1008,29,336,0,-0.34375,0.5,0.0
1009,29,336,1,-2.078125,0.859375,0.0
1010,29,336,0,-1.265625,0.625,0.0
1011,29,337,1,0.609375,0.34375,0.0
1012,29,337,1,1.234375,-1.234375,1.0
1013,29,337,1,-0.609375,-0.28125,0.0
1014,29,338,0,-0.3125,0.5625,1.0
1015,29,338,0,-1.765625,0.703125,0.0
1016,29,338,1,-0.0625,0.75,1.0
1017,29,339,0,3.328125,0.78125,0.0
1018,29,339,0,-0.65625,0.671875,0.0
1019,29,339,0,-1.125,1.140625,0.0
1020,29,340,1,0.1875,2.703125,0.0
1021,29,340,1,1.625,-1.84375,0.0
1022,29,340,1,-0.640625,-0.484375,1.0
1023,29,341,1,-1.859375,-0.109375,1.0
1024,29,341,0,0.171875,-0.609375,0.0
1025,29,341,1,-0.703125,1.03125,1.0
1026,29,342,1,2.21875,-0.5,1.0
1027,29,342,1,-0.671875,-0.75,1.0
1028,29,342,1,-0.03125,-1.0625,1.0
1029,29,343,1,0.875,-1.171875,1.0
1030,29,343,1,1.28125,-0.265625,0.0
1031,29,343,0,2.78125,2.25,0.0
1032,29,344,1,-1.046875,1.171875,0.0
1033,29,344,1,1.3125,0.703125,0.0
1034,29,344,1,0.78125,0.140625,0.0
1035,29,345,1,0.265625,-0.265625,0.0
1036,29,345,0,0.25,-0.796875,0.0
1037,29,345,1,2.65625,0.09375,0.0
1038,29,346,0,-1.1875,0.59375,0.0
1039,29,346,0,0.359375,1.046875,0.0
1040,29,346,0,0.203125,-0.578125,0.0
1041,29,347,1,0.203125,0.03125,0.0
1042,29,347,1,-0.421875,-1.25,0.0
1043,29,347,1,0.765625,1.234375,1.0
1044,29,348,1,-1.640625,0.703125,1.0
1045,29,348,0,0.25,0.765625,1.0
1046,29,348,1,1.703125,-1.328125,1.0
1047,29,349,0,-0.796875,-0.53125,0.0
1048,29,349,1,2.03125,-1.484375,0.0
1049,29,349,1,0.328125,-1.078125,0.0
1050,29,350,1,0.65625,-0.765625,0.0
1051,29,350,0,0.84375,1.640625,1.0
1052,29,350,1,0.75,0.53125,1.0
1053,29,351,1,0.5625,-0.078125,1.0
1054,29,351,1,-1.671875,0.359375,1.0
1055,29,351,1,1.140625,-0.1875,1.0
1056,29,352,1,-0.03125,-0.421875,1.0
1057,29,352,1,0.28125,-0.234375,0.0
1058,29,352,0,0.453125,-0.703125,0.0
1059,29,353,0,-1.375,-0.734375,0.0
1060,29,353,0,0.75,-0.4375,0.0
1061,30,353,0,-0.0625,-1.765625,0.0
1062,30,354,0,0.6875,0.265625,0.0
1063,30,354,1,0.578125,-1.203125,1.0
1064,30,354,1,0.484375,0.796875,0.0
1065,30,355,1,2.09375,-0.859375,0.0
1066,30,355,1,0.484375,0.15625,1.0
1067,30,355,0,0.171875,-0.40625,1.0
1068,30,356,0,0.6875,0.84375,0.0
1069,30,356,1,0.03125,0.203125,1.0
1070,30,356,1,-0.09375,1.0625,1.0
1071,30,357,0,0.53125,-0.21875,0.0
1072,30,357,0,0.96875,0.875,0.0
1073,30,357,1,1.1875,-0.890625,0.0
1074,30,358,0,-1.171875,0.953125,0.0
