rid,fac,hosp,Y,age
1,268,82,1,65.8
2,271,43,0,65.4
3,505,82,1,74.1
4,238,76,1,65.0
5,758,50,0,68.9
6,109,47,0,65.3
7,109,75,0,75.3
8,508,43,0,64.4
9,270,75,0,63.9
10,387,38,1,73.5
11,505,38,0,69.9
12,780,75,1,66.6
13,271,11,0,76.1
14,251,76,0,64.3
15,238,38,0,63.4
16,505,38,0,74.8
17,260,47,0,70.7
18,471,75,0,79.6
19,238,76,0,57.6
20,238,76,0,66.2
21,968,50,0,62.4
22,420,76,0,62.4
23,179,43,0,68.6
24,287,82,0,58.7
25,387,38,0,78.7
26,420,76,1,80.2
27,508,50,0,76.9
28,271,11,0,72.5
29,520,75,0,62.4
30,505,38,0,69.3
31,780,50,1,62.1
32,287,82,0,63.4
33,287,82,0,82.0
34,351,75,1,58.5
35,387,76,0,74.1
36,268,75,1,69.0
37,508,50,0,84.0
38,502,11,0,79.3
39,270,50,0,79.6
40,387,38,0,72.5
41,351,11,0,65.7
42,508,50,0,75.1
43,968,50,0,79.1
44,270,50,0,75.2
45,758,76,0,67.8
46,968,50,0,65.5
47,387,76,0,63.3
48,387,76,0,70.3
49,505,82,0,69.2
50,351,75,0,63.9
51,387,76,0,73.0
52,238,38,0,79.9
53,142,38,0,71.6
54,921,82,0,68.4
55,238,76,0,67.6
56,260,82,0,56.0
57,351,75,0,69.1
58,238,76,0,54.8
59,271,11,0,52.5
60,387,76,0,75.4
61,271,11,0,72.5
62,758,50,0,64.3
63,287,82,0,64.1
64,253,43,0,63.0
65,505,38,1,66.6
66,260,82,0,66.9
67,260,47,0,82.7
68,287,82,0,68.2
69,271,11,0,72.6
70,667,43,0,70.7
71,637,47,0,66.4
72,508,50,0,63.9
73,968,50,0,89.5
74,505,38,0,80.1
75,268,82,1,62.0
76,758,50,0,75.1
77,260,82,0,70.1
78,513,47,0,77.1
79,351,11,0,71.1
80,548,38,0,66.2
81,287,82,1,71.9
82,260,47,0,80.5
83,260,47,0,69.7
84,420,76,0,71.5
85,260,82,0,74.0
86,351,75,0,74.9
87,667,43,0,74.6
88,505,82,1,66.8
89,271,11,0,80.7
90,780,50,0,67.4
91,109,75,1,78.5
92,253,38,1,71.8
93,505,82,0,61.5
94,508,43,0,63.6
95,758,76,0,48.7
96,758,50,1,76.8
97,260,82,0,76.1
98,387,76,0,76.9
99,505,38,0,83.9
100,351,75,0,68.7
101,505,82,0,77.7
102,505,82,0,101.5
103,758,76,1,66.9
104,637,47,0,71.2
105,251,76,0,70.5
106,351,75,0,59.8
107,921,82,1,72.0
108,921,82,0,67.4
109,520,75,0,67.4
110,968,50,0,65.6
111,420,76,1,67.7
112,968,50,1,73.6
113,109,75,0,53.3
114,471,75,0,71.7
115,238,76,0,79.4
116,968,50,0,70.5
117,921,82,1,58.3
118,270,50,0,71.5
119,968,50,0,67.3
120,287,82,1,63.2
121,251,76,0,62.0
122,508,50,0,77.2
123,238,76,0,54.4
124,758,76,0,68.4
125,520,75,0,71.8
126,260,47,0,69.8
127,238,76,0,72.2
128,420,76,0,71.2
129,271,43,0,74.8
130,268,82,1,63.5
131,251,76,0,74.4
132,471,75,0,73.5
133,508,43,0,64.2
134,968,50,0,63.8
135,387,76,0,56.0
136,471,75,1,66.8
137,780,50,1,70.1
138,387,76,0,61.6
139,758,76,1,61.3
140,520,75,1,90.6
141,508,50,0,67.9
142,758,76,0,67.3
143,387,76,0,72.9
144,780,75,0,62.6
145,109,11,0,74.0
146,268,82,1,71.9
147,968,50,0,66.5
148,420,76,0,57.3
149,505,82,1,88.6
150,109,11,0,80.7
151,270,50,0,62.6
152,238,38,0,64.0
153,508,50,0,70.9
154,387,76,0,60.3
155,520,75,0,55.3
156,238,76,0,71.9
157,921,82,1,78.1
158,251,76,0,67.7
159,351,75,0,63.2
160,548,38,0,87.4
161,238,76,0,65.3
162,968,50,0,59.5
163,968,50,1,89.0
164,968,50,0,77.0
165,471,75,0,60.3
166,520,75,1,59.2
167,142,82,0,75.0
168,968,50,0,67.8
169,351,75,0,78.6
170,505,38,0,60.9
171,921,82,0,58.7
172,109,75,0,63.4
173,921,82,1,65.8
174,667,43,0,67.8
175,351,38,0,75.8
176,238,76,0,77.5
177,260,47,0,72.8
178,270,50,0,66.9
179,387,76,0,63.0
180,758,76,1,80.2
181,271,11,0,65.9
182,520,75,0,65.0
183,520,75,1,72.0
184,109,75,0,69.6
185,968,50,0,50.0
186,921,82,1,72.3
187,271,11,0,69.9
188,238,76,0,65.2
189,109,11,0,68.4
190,287,82,0,61.9
191,109,75,0,62.9
192,287,82,0,75.0
193,420,76,0,69.1
194,508,50,0,59.7
195,780,50,0,75.3
196,260,82,0,60.8
197,351,75,0,71.3
198,667,43,0,57.7
199,271,11,0,69.2
200,505,82,0,62.1
201,260,82,0,81.3
202,508,50,0,77.9
203,387,76,0,65.1
204,387,76,0,86.3
205,268,75,1,72.3
206,287,82,0,77.0
207,420,76,0,65.1
208,520,75,1,83.3
209,238,76,0,64.6
210,921,82,0,80.7
211,268,75,1,65.9
212,505,38,0,52.8
213,352,11,0,75.8
214,921,82,0,72.3
215,270,50,0,73.6
216,238,76,0,66.1
217,351,11,0,74.8
218,508,50,0,85.9
219,505,82,0,73.7
220,758,76,0,71.2
221,508,50,0,71.4
222,331,47,0,78.2
223,351,11,0,68.0
224,268,82,1,70.8
225,109,11,1,70.5
226,780,50,0,79.3
227,270,50,0,70.8
228,351,38,0,78.5
229,109,47,0,50.2
230,238,76,0,76.1
231,142,76,0,69.2
232,331,47,0,48.8
233,505,82,0,58.1
234,471,75,0,64.8
235,238,38,0,79.0
236,420,76,0,66.5
237,260,82,0,78.1
238,260,82,0,69.3
239,387,38,0,74.0
240,420,76,0,71.1
241,238,76,0,66.8
242,271,11,0,84.9
243,253,43,0,72.7
244,109,47,0,67.1
245,968,50,0,66.4
246,271,11,0,79.0
247,260,47,0,69.2
248,387,38,0,67.5
249,505,82,1,75.3
250,921,82,1,62.4
251,253,43,0,67.6
252,287,82,1,61.1
253,471,75,1,61.5
254,921,82,1,63.0
255,968,50,0,68.7
256,270,50,0,73.0
257,921,82,0,60.6
258,238,76,1,69.8
259,505,38,0,75.7
260,508,50,1,68.8
261,238,76,0,77.2
262,508,50,0,68.1
263,287,82,1,79.8
264,505,38,1,70.5
265,968,50,0,80.0
266,520,75,0,72.4
267,420,76,1,66.5
268,968,50,0,59.2
269,260,43,0,71.6
270,387,76,0,65.9
271,270,50,0,66.3
272,270,50,0,66.9
273,548,38,0,77.1
274,508,50,0,64.3
275,253,43,0,74.4
276,253,43,0,74.7
277,780,50,0,60.5
278,780,75,0,70.9
279,758,76,0,64.5
280,287,82,0,74.7
281,471,75,0,55.9
282,170,75,0,56.6
283,471,75,0,58.7
284,268,82,1,74.4
285,780,75,1,60.7
286,238,76,0,72.3
287,758,76,0,55.5
288,968,50,0,54.0
289,387,76,0,74.7
290,505,82,0,63.7
291,968,50,1,61.4
292,287,82,1,84.1
293,780,50,0,62.8
294,352,11,1,83.6
295,270,50,0,65.3
296,387,76,0,57.0
297,968,50,0,66.2
298,921,82,0,67.2
299,253,43,0,68.5
300,921,82,1,88.4
301,260,43,0,72.2
302,268,82,1,70.8
303,351,75,0,72.5
304,508,50,0,90.1
305,968,50,0,83.7
306,287,82,0,56.1
307,260,47,0,66.8
308,351,75,0,64.4
309,780,50,1,72.7
310,502,75,0,78.4
311,505,82,0,65.7
312,637,47,1,89.1
313,780,50,1,66.9
314,271,43,0,63.4
315,253,43,1,71.1
316,270,50,0,77.8
317,251,76,0,73.1
318,270,75,0,70.0
319,508,50,0,54.8
320,420,76,0,77.6
321,260,82,0,69.1
322,520,75,0,76.8
323,420,76,0,61.2
324,780,75,1,63.2
325,238,76,0,71.2
326,287,82,0,57.3
327,109,75,0,79.3
328,238,76,0,67.7
329,387,76,0,84.2
330,351,38,0,71.2
331,260,82,0,76.4
332,253,43,0,65.8
333,270,75,0,85.1
334,351,75,0,72.9
335,921,82,0,62.5
336,271,43,0,72.4
337,238,76,0,67.8
338,758,76,0,75.3
339,667,43,0,60.1
340,520,75,1,81.8
341,921,82,0,61.5
342,260,82,0,71.8
343,260,82,0,68.9
344,758,76,0,66.4
345,351,11,0,80.0
346,268,82,1,65.6
347,505,38,0,81.2
348,508,43,0,67.5
349,352,11,0,64.6
350,271,11,0,81.1
351,270,50,0,74.0
352,260,47,0,71.5
353,758,76,0,76.0
354,921,82,0,66.5
355,270,75,0,72.0
356,260,82,0,62.2
357,352,11,1,57.9
358,271,11,0,72.0
359,142,38,0,58.2
360,420,76,0,63.6
361,251,76,0,72.3
362,260,47,0,66.1
363,238,76,0,68.0
364,471,75,1,78.6
365,471,82,1,72.0
366,968,50,0,63.6
367,968,50,0,72.4
368,505,38,0,65.9
369,238,76,0,78.0
370,271,11,0,57.2
371,260,47,0,72.0
372,238,76,0,83.1
373,758,76,0,79.6
374,351,11,0,74.7
375,758,76,0,68.3
376,351,75,1,65.8
377,109,75,0,77.1
378,260,47,0,68.3
379,271,43,0,80.6
380,420,76,1,75.2
381,351,75,0,76.1
382,179,47,0,81.6
383,253,38,0,71.6
384,260,82,0,77.7
385,109,47,0,52.7
386,238,76,0,69.9
387,505,38,0,77.5
388,238,76,1,64.9
389,420,76,1,73.3
390,351,11,0,72.7
391,780,75,0,83.2
392,238,76,0,72.7
393,968,50,0,69.6
394,505,38,0,69.9
395,513,47,0,64.4
396,968,50,1,83.9
397,505,38,0,55.8
398,505,38,0,57.6
399,271,43,0,74.0
400,420,76,0,62.6
401,520,75,0,91.7
402,387,76,0,70.9
403,251,76,0,71.5
404,921,82,1,74.4
405,508,50,0,78.9
406,548,38,0,73.9
407,505,38,0,79.6
408,505,82,0,65.6
409,260,82,0,66.6
410,508,50,0,50.7
411,238,76,0,75.8
412,260,43,0,79.1
413,471,75,1,69.8
414,268,75,1,66.9
415,505,38,0,65.6
416,351,11,0,72.9
417,238,76,0,56.3
418,520,75,0,64.1
419,271,11,0,78.4
420,351,75,0,81.7
421,260,47,0,81.1
422,420,76,1,82.2
423,142,82,0,73.2
424,260,82,0,73.1
425,420,76,0,62.9
426,271,11,0,77.1
427,260,82,0,67.0
428,548,38,0,81.8
429,520,75,0,77.6
430,968,50,0,53.5
431,780,75,0,77.7
432,505,38,0,65.7
433,260,47,0,74.4
434,502,11,0,75.0
435,520,75,1,63.4
436,238,76,0,67.4
437,968,50,1,58.1
438,238,76,0,65.7
439,921,82,1,73.0
440,268,82,1,62.7
441,270,50,0,73.0
442,420,76,1,80.5
443,921,82,0,77.2
444,758,76,0,67.5
445,968,50,0,60.6
446,271,11,0,80.6
447,352,11,1,78.8
448,238,76,0,74.9
449,420,76,0,71.7
450,505,38,1,65.9
451,253,38,0,67.9
452,109,47,0,78.1
453,758,50,0,73.8
454,271,43,0,69.6
455,420,76,0,60.5
456,271,11,0,73.7
457,387,76,0,71.9
458,637,50,0,71.8
459,780,75,1,62.8
460,351,75,1,76.3
461,548,38,0,63.6
462,270,50,1,77.8
463,508,50,0,77.1
464,637,47,0,70.0
465,387,76,0,56.4
466,520,75,0,80.6
467,270,75,1,64.4
468,271,11,0,81.3
469,179,43,0,62.1
470,268,82,1,80.4
471,508,43,0,73.9
472,667,43,0,60.6
473,268,82,1,77.9
474,251,76,0,80.0
475,968,50,0,71.8
476,287,82,0,65.6
477,637,47,0,69.3
478,420,76,0,74.7
479,968,50,0,81.7
480,968,50,0,71.8
481,268,82,1,64.4
482,420,76,0,67.7
483,351,75,0,61.4
484,351,75,0,69.8
485,520,75,0,78.8
486,238,76,0,86.8
487,508,50,1,66.1
488,968,50,0,83.9
489,968,50,0,69.7
490,270,50,0,72.3
491,921,82,0,64.2
492,268,82,1,65.0
493,270,75,0,57.8
494,238,76,0,58.2
495,968,50,0,83.1
496,637,47,0,81.0
497,238,76,0,72.9
498,505,38,0,69.7
499,780,75,0,67.9
500,351,75,0,81.8
501,505,82,0,84.5
502,758,76,0,72.3
503,758,50,0,67.6
504,251,76,0,84.9
505,387,38,0,63.4
506,968,50,0,87.2
507,352,11,1,93.7
508,968,50,0,68.2
509,968,50,0,66.9
510,968,50,0,63.2
511,109,75,0,71.8
512,387,76,0,75.9
513,251,76,0,82.7
514,758,76,0,63.1
515,251,82,0,69.3
516,179,43,0,71.8
517,508,50,0,59.9
518,968,50,0,66.1
519,260,47,0,75.7
520,287,82,0,64.8
521,179,47,0,72.3
522,238,38,0,61.8
523,471,82,0,54.7
524,921,82,0,70.3
525,758,76,1,72.7
526,238,76,1,79.6
527,921,82,0,74.3
528,505,82,0,75.5
529,260,82,0,75.1
530,238,76,0,88.1
531,420,76,0,61.9
532,170,75,0,80.0
533,508,50,1,70.3
534,780,75,0,69.1
535,968,50,0,60.5
536,238,76,0,63.8
537,142,38,1,71.0
538,268,75,1,71.0
539,968,50,0,81.9
540,251,76,0,60.7
541,548,38,0,63.6
542,420,76,0,67.7
543,271,11,0,78.0
544,968,50,0,61.0
545,351,38,0,71.1
546,780,50,0,78.5
547,271,43,0,76.2
548,420,76,0,64.2
549,351,75,0,63.7
550,268,82,1,73.9
551,271,43,0,65.0
552,471,75,0,75.5
553,921,82,0,73.8
554,351,75,0,65.3
555,968,50,0,65.4
556,420,76,0,70.7
557,268,75,1,76.0
558,758,76,0,61.1
559,758,50,1,60.0
560,253,43,0,79.0
561,253,43,0,84.6
562,548,38,0,75.7
563,260,82,0,76.7
564,758,76,0,57.0
565,420,76,1,76.8
566,758,76,1,76.8
567,238,76,0,69.7
568,270,50,0,68.4
569,471,75,0,81.7
570,238,76,0,72.5
571,758,76,1,73.8
572,921,82,1,82.6
573,109,75,1,57.5
574,270,50,0,69.5
575,548,38,0,61.7
576,780,75,1,65.3
577,780,75,0,87.8
578,758,76,0,68.9
579,351,75,0,84.1
580,331,47,0,74.6
581,271,11,0,88.6
582,758,76,0,73.3
583,420,76,0,82.8
584,471,82,0,81.5
585,387,76,0,60.7
586,387,76,0,61.8
587,270,50,0,75.9
588,260,43,0,65.5
589,253,38,1,60.1
590,179,43,0,56.6
591,921,82,1,73.7
592,270,50,0,81.0
593,420,76,0,83.9
594,387,76,0,83.8
595,968,50,0,66.5
596,921,82,1,70.5
597,513,47,0,58.7
598,780,50,0,68.5
599,505,38,0,67.0
600,268,75,1,59.0
601,758,76,0,51.7
602,505,82,0,49.4
603,238,76,0,57.0
604,142,38,1,66.4
605,351,11,1,73.0
606,268,75,1,66.0
607,268,82,1,59.6
608,351,75,0,64.2
609,758,76,1,75.5
610,270,75,0,69.7
611,508,50,0,71.6
612,270,50,0,66.8
613,508,50,0,62.7
614,251,76,0,76.4
615,260,82,0,69.2
616,921,82,0,64.8
617,505,38,0,64.7
618,142,76,1,69.0
619,520,75,0,67.9
620,758,50,0,80.6
621,505,38,0,77.5
622,780,75,0,72.4
623,351,38,0,67.6
624,331,47,0,62.9
625,420,76,0,74.4
626,508,50,0,70.3
627,921,82,0,64.8
628,387,76,0,73.1
629,253,43,0,72.8
630,253,38,1,64.1
631,351,38,0,63.3
632,170,50,1,57.8
633,260,47,0,59.6
634,968,50,0,68.1
635,351,75,0,66.6
636,520,75,0,77.8
637,968,50,0,76.7
638,921,82,0,78.0
639,921,82,0,70.2
640,508,50,1,68.7
641,268,82,1,73.0
642,387,76,0,82.2
643,520,75,1,82.9
644,520,75,1,78.0
645,505,82,0,69.1
646,287,82,0,70.8
647,921,82,1,64.0
648,238,76,1,68.9
649,351,75,0,67.2
650,508,50,0,71.1
651,387,76,0,70.3
652,268,82,1,82.8
653,387,76,0,70.6
654,268,50,1,68.7
655,758,76,0,62.1
656,287,82,0,49.3
657,238,76,0,67.6
658,508,50,0,67.8
659,387,38,0,67.9
660,921,82,0,76.8
661,238,76,0,79.4
662,921,82,0,77.9
663,505,82,0,82.0
664,260,82,1,69.1
665,287,82,0,68.1
666,921,82,1,77.5
667,170,75,0,67.7
668,968,50,0,70.3
669,268,82,1,65.7
670,387,76,0,61.6
671,251,76,0,59.7
672,142,76,0,77.9
673,667,43,0,75.1
674,260,43,0,63.1
675,351,75,0,62.0
676,508,43,0,67.8
677,637,47,0,71.9
678,351,11,0,69.9
679,260,43,0,69.0
680,921,82,1,67.4
681,238,76,0,73.5
682,270,50,1,54.6
683,270,50,0,87.8
684,508,50,0,66.3
685,667,43,0,63.9
686,260,47,0,65.7
687,287,82,0,82.2
688,780,75,1,47.9
689,351,11,0,69.0
690,520,75,1,79.7
691,238,38,0,72.7
692,352,11,0,64.9
693,251,76,0,63.6
694,387,76,0,68.1
695,260,47,0,74.3
696,351,75,0,73.9
697,471,82,1,68.5
698,260,82,0,65.3
699,387,76,0,72.6
700,420,76,0,67.3
701,471,75,0,65.9
702,921,82,0,62.0
703,921,82,1,71.4
704,508,50,0,69.2
705,387,76,0,66.9
706,513,47,0,80.8
707,780,50,1,77.2
708,352,11,0,59.5
709,420,76,0,63.8
710,471,75,0,71.7
711,471,75,0,69.4
712,505,38,1,67.6
713,505,38,0,69.3
714,268,82,1,70.5
715,238,76,0,69.6
716,271,43,0,56.4
717,505,38,1,61.8
718,287,82,0,75.9
719,502,75,0,68.0
720,520,75,0,59.4
721,271,11,0,68.8
722,251,76,0,67.4
723,520,75,1,82.0
724,780,75,0,79.8
725,109,47,0,63.9
726,331,47,0,66.7
727,238,76,0,62.7
728,387,76,0,71.9
729,420,76,0,72.2
730,270,50,0,67.1
731,505,38,0,74.3
732,921,82,0,71.8
733,505,82,1,69.3
734,268,82,1,74.5
735,520,75,1,71.6
736,238,76,0,78.4
737,471,75,0,59.2
738,260,43,0,76.2
739,508,50,0,77.9
740,268,82,1,69.0
741,260,82,0,68.4
742,270,75,0,69.3
743,420,76,0,62.4
744,270,75,1,52.8
745,109,47,0,84.6
746,260,82,0,74.5
747,331,47,0,66.8
748,921,82,0,69.6
749,109,75,0,72.2
750,351,75,0,65.9
751,505,82,0,61.4
752,253,43,0,71.3
753,520,75,1,59.7
754,420,76,0,69.5
755,351,75,0,70.4
756,271,11,0,68.1
757,352,11,1,64.9
758,179,43,0,82.6
759,270,50,0,78.6
760,260,82,0,76.7
761,502,75,0,70.0
762,260,47,0,75.4
763,502,11,1,61.4
764,758,76,0,68.7
765,351,75,0,75.1
766,260,47,0,81.5
767,508,50,1,57.3
768,142,76,1,67.0
769,921,82,0,73.7
770,505,38,0,71.3
771,253,38,1,69.0
772,238,76,0,61.9
773,780,75,0,66.6
774,271,11,0,72.4
775,637,47,0,67.9
776,253,43,0,51.6
777,758,50,0,67.6
778,253,43,1,61.6
779,260,47,1,65.3
780,505,82,0,67.0
781,508,50,0,71.7
782,238,76,0,69.1
783,238,76,0,62.6
784,505,38,0,92.2
785,968,50,0,52.1
786,508,50,1,81.6
787,548,38,0,66.3
788,508,50,0,53.2
789,260,47,0,63.7
790,351,75,0,60.1
791,758,50,0,63.2
792,271,11,0,73.3
793,351,75,1,77.9
794,270,50,0,62.9
795,387,76,0,81.1
796,387,38,0,82.1
797,921,82,1,73.5
798,260,43,0,71.8
799,351,11,0,75.9
800,471,75,0,72.2
801,271,11,0,60.6
802,420,76,0,63.4
803,780,50,0,62.7
804,520,75,0,77.5
805,508,50,0,68.7
806,520,75,1,65.7
807,968,50,0,59.2
808,238,76,0,71.2
809,758,76,0,72.4
810,238,76,0,62.4
811,179,43,0,73.2
812,921,82,0,72.4
813,271,11,0,58.2
814,253,38,1,61.6
815,238,76,0,63.3
816,520,75,0,54.7
817,271,11,0,73.9
818,968,50,0,69.5
819,268,82,1,72.3
820,758,76,1,66.3
821,351,11,0,65.3
822,921,82,0,62.6
823,505,82,0,56.7
824,780,50,0,75.1
825,758,76,0,60.3
826,271,43,0,76.0
827,287,82,0,64.6
828,260,47,0,64.5
829,142,38,0,68.7
830,238,76,0,83.4
831,270,50,1,67.3
832,287,82,0,64.7
833,260,82,0,69.6
834,968,50,0,70.3
835,508,50,0,62.9
836,270,75,0,78.3
837,921,82,1,60.6
838,268,82,1,62.7
839,251,82,0,66.8
840,287,82,0,71.3
841,420,76,1,61.8
842,351,75,0,65.6
843,331,47,0,67.8
844,921,82,0,64.0
845,179,43,0,63.7
846,780,50,0,72.7
847,109,75,0,51.8
848,921,82,0,54.0
849,170,75,0,73.0
850,968,50,0,73.3
851,968,50,1,75.1
852,968,50,0,74.4
853,505,38,0,60.4
854,471,75,0,76.4
855,238,76,0,67.7
856,268,82,1,82.2
857,253,38,0,87.6
858,260,47,0,58.6
859,238,76,0,64.1
860,758,50,0,77.1
861,260,47,0,62.8
862,921,82,0,58.4
863,387,76,0,75.6
864,260,82,0,75.2
865,253,38,0,71.3
866,420,76,1,89.5
867,780,50,1,82.2
868,253,43,1,82.8
869,921,82,0,65.0
870,758,76,1,62.2
871,253,38,0,74.0
872,251,82,0,80.3
873,238,76,0,65.9
874,420,76,1,73.7
875,505,38,1,78.8
876,271,11,0,58.7
877,351,75,0,78.0
878,548,38,0,76.7
879,352,11,1,63.9
880,471,75,0,65.1
881,238,76,0,82.7
882,268,75,1,55.7
883,260,82,0,64.1
884,968,50,0,74.6
885,351,75,0,83.4
886,268,82,1,91.6
887,637,47,1,85.9
888,505,38,1,68.6
889,387,76,0,84.0
890,968,50,0,85.0
891,968,50,0,62.5
892,109,47,0,83.4
893,387,76,0,70.6
894,968,50,0,75.6
895,253,43,0,60.5
896,968,50,0,68.5
897,520,75,1,72.8
898,270,50,0,72.1
899,109,47,0,69.0
900,260,82,0,47.4
901,387,76,0,60.9
902,253,43,0,71.3
903,637,47,1,69.7
