rid,fac,hosp,age,diabetes,chf,comorb,female,Y
1,175,36,1.101,0,1,0,1,1
2,217,33,0.762,0,0,0,1,0
3,168,24,0.288,0,0,2,1,0
4,210,36,0.072,1,0,0,0,0
5,119,36,-1.301,1,1,2,0,0
6,266,6,0.649,0,0,1,1,0
7,175,36,-1.839,0,1,2,1,0
8,77,6,0.339,0,0,3,0,0
9,84,6,0.728,0,0,1,0,0
10,77,9,1.115,0,1,0,0,0
11,7,33,-1.025,1,0,0,1,1
12,266,3,-2.534,0,0,3,0,0
13,203,9,1.005,0,0,0,1,0
14,84,36,-0.377,0,0,1,0,1
15,175,24,-0.165,0,0,0,0,0
16,119,33,-0.512,0,0,2,0,1
17,252,33,1.225,1,0,1,0,1
18,217,6,1.186,0,0,3,0,0
19,168,15,-0.478,0,0,0,0,0
20,21,12,-1.929,0,1,1,0,0
21,161,15,-0.609,0,0,1,1,0
22,14,30,-1.062,0,0,1,0,0
23,7,6,1.294,0,0,1,1,1
24,273,9,2.119,0,1,1,0,0
25,273,33,-1.277,0,1,1,1,1
26,14,6,-0.181,0,1,1,0,0
27,98,6,1.197,1,1,0,1,1
28,245,6,0.766,1,0,1,1,1
29,126,30,-0.182,0,0,0,1,0
30,273,3,0.367,0,0,1,0,0
31,161,3,-0.018,0,0,1,1,0
32,154,12,0.836,1,0,2,0,1
33,49,30,-0.164,1,0,2,0,0
34,70,12,1.037,0,0,0,0,0
35,56,30,-1.865,0,0,1,0,0
36,140,33,-1.246,1,1,1,0,0
37,154,21,0.333,1,1,2,1,0
38,259,3,-0.12,0,0,0,1,1
39,35,12,1.917,1,0,1,1,1
40,196,3,-1.353,1,0,0,0,0
41,126,12,0.846,1,0,0,0,1
42,140,9,1.042,0,0,4,1,0
43,133,30,-1.056,0,0,0,0,0
44,203,33,0.003,1,0,0,0,0
45,168,24,-0.443,0,0,3,1,0
46,112,30,-2.39,0,0,1,0,1
47,259,12,1.369,1,0,0,0,1
48,168,12,-1.313,1,0,1,1,0
49,35,15,0.274,0,0,0,1,0
50,203,6,0.35,0,0,1,0,1
51,259,33,0.469,0,1,1,1,1
52,168,3,-0.707,0,0,0,0,0
53,70,33,-0.989,0,1,0,0,0
54,126,36,0.597,0,0,0,1,0
55,161,18,-0.034,0,0,2,1,0
56,126,9,-0.856,0,0,0,0,1
57,126,27,0.126,1,1,1,1,0
58,49,33,0.445,0,1,0,1,0
59,196,30,-0.534,0,0,0,1,0
60,175,9,1.673,0,1,0,0,0
61,259,30,-2.0,0,0,2,1,0
62,7,21,-0.868,1,0,2,1,0
63,35,21,0.469,0,0,1,0,0
64,42,18,-1.137,0,0,2,0,0
65,168,33,-0.284,0,0,0,1,0
66,7,9,0.833,0,0,1,0,0
67,231,33,-0.373,1,0,1,0,1
68,245,27,1.197,1,1,0,0,1
69,140,12,0.363,0,0,0,0,1
70,175,24,0.351,0,0,2,0,1
71,161,18,0.354,0,0,0,0,0
72,77,30,-0.66,0,0,0,0,1
73,203,33,0.092,1,0,1,1,0
74,273,24,-0.392,0,0,1,0,0
75,56,21,-0.088,0,1,1,0,0
76,126,33,-0.71,1,0,1,1,0
77,140,36,-0.268,0,0,2,1,0
78,245,18,0.836,1,0,3,1,1
79,168,12,0.345,0,1,0,1,1
80,42,18,-1.69,1,0,3,0,0
81,217,24,0.558,1,0,0,1,0
82,56,24,0.647,1,0,0,1,0
83,231,3,1.489,1,1,1,0,1
84,217,33,0.128,1,0,1,0,0
85,238,27,-0.962,0,0,2,0,0
86,126,33,-0.262,1,0,1,1,0
87,196,9,1.01,0,1,1,0,1
88,273,6,0.0,0,0,0,1,1
89,112,9,0.076,1,0,1,0,1
90,42,6,-0.069,0,0,2,0,0
91,161,3,0.027,0,0,0,1,1
92,154,21,-2.498,0,0,1,1,0
93,175,24,-0.407,0,1,1,0,0
94,266,6,1.317,1,0,2,0,0
95,259,27,0.729,0,0,0,1,0
96,7,33,-1.314,0,0,3,1,0
97,273,30,1.591,1,0,3,0,1
98,28,21,0.863,1,0,2,1,0
99,252,18,-0.422,0,0,0,1,0
100,126,12,1.741,0,1,2,1,0
101,189,24,1.842,1,0,0,0,0
102,161,33,2.56,0,0,1,0,0
103,77,36,0.682,1,0,1,0,0
104,168,3,-0.043,0,0,1,1,0
105,56,21,0.117,0,0,2,0,0
106,112,21,-1.44,0,0,1,1,0
107,203,18,-0.301,0,0,1,1,0
108,168,18,1.95,0,0,2,0,0
109,126,21,-1.303,0,0,1,1,0
110,203,15,0.392,0,1,0,1,1
111,168,3,-0.464,0,0,2,0,0
112,126,18,-0.449,0,0,1,0,0
113,280,12,0.281,0,0,2,1,0
114,21,21,0.092,1,0,1,1,0
115,168,30,0.013,1,1,2,1,0
116,119,33,1.541,0,0,2,0,0
117,224,9,-0.391,1,0,2,1,0
118,7,24,2.133,1,0,1,0,1
119,259,18,1.42,1,0,1,1,1
120,259,24,-1.017,0,0,2,1,0
121,266,15,-0.104,0,0,2,1,0
122,35,33,0.302,1,1,1,0,1
123,70,30,-0.667,0,0,1,1,0
124,126,3,0.654,1,0,2,0,0
125,217,12,0.917,1,0,2,1,0
126,245,30,-0.964,1,0,0,0,0
127,245,27,-0.167,0,0,1,0,0
128,259,15,-0.844,1,1,2,0,1
129,49,24,-0.664,1,1,0,1,0
130,56,3,0.148,0,1,2,1,0
131,42,33,0.483,1,0,1,1,0
132,56,24,-0.926,0,1,2,0,0
133,259,21,-0.375,0,0,1,0,0
134,119,36,-0.558,1,1,3,1,0
135,259,24,-0.456,0,0,3,1,0
136,63,33,2.453,1,0,1,1,0
137,280,6,0.343,1,0,1,0,0
138,119,9,0.407,0,0,1,1,0
139,189,9,0.272,0,0,1,1,0
140,35,33,0.04,0,0,0,1,0
141,140,3,-0.739,1,0,1,0,0
142,21,24,1.686,0,0,3,1,0
143,133,21,-0.594,0,0,3,1,1
144,266,12,-0.911,0,1,0,1,0
145,98,33,-0.263,1,0,2,0,0
146,77,18,0.618,0,0,0,1,0
147,77,3,-0.93,0,0,4,0,1
148,161,3,-0.673,0,0,0,1,0
149,105,6,-1.548,0,0,1,1,0
150,259,21,0.769,0,0,2,0,0
151,189,9,-0.599,0,0,0,1,0
152,217,36,1.576,0,0,3,0,0
153,217,3,1.288,0,0,1,0,0
154,126,30,0.464,1,0,1,1,0
155,7,33,0.047,0,1,0,0,0
156,98,21,1.172,1,0,0,1,0
157,161,18,1.384,0,0,3,1,0
158,280,33,-0.268,1,0,1,1,0
159,231,9,0.332,0,0,1,1,0
160,238,12,0.855,1,1,1,0,0
161,168,18,-0.659,1,0,2,1,0
162,168,33,-0.355,0,1,0,0,0
163,28,12,-0.15,0,1,2,1,1
164,203,12,-0.537,0,0,1,1,1
165,98,30,-0.416,1,1,0,1,0
166,210,36,0.536,0,0,4,0,0
167,56,6,-1.432,1,1,0,1,0
168,210,36,-1.04,1,0,1,0,1
169,182,36,0.339,1,0,1,1,0
170,280,12,-1.128,0,0,1,1,1
171,245,9,-0.566,1,0,2,0,0
172,252,21,-1.444,0,0,0,1,0
173,266,6,0.6,0,0,1,0,0
174,7,12,-0.231,0,1,0,1,0
175,210,30,-0.04,0,0,1,1,0
176,70,9,0.623,0,0,3,1,0
177,84,3,0.592,1,0,0,0,0
178,273,3,-0.431,0,0,0,0,1
179,28,36,0.235,0,0,2,0,0
180,259,3,1.486,1,0,1,0,0
181,203,6,0.239,0,0,1,1,0
182,259,33,-0.125,0,0,3,1,0
183,245,3,0.635,0,0,0,1,0
184,175,24,-0.562,0,0,1,0,1
185,140,12,0.65,0,0,0,1,0
186,189,12,0.685,0,0,1,0,1
187,273,15,1.115,0,0,0,1,0
188,42,24,-1.338,0,0,2,1,0
189,259,3,-2.337,1,0,1,0,0
190,35,24,-0.464,0,1,0,0,0
191,217,12,0.99,1,0,0,1,0
192,189,36,0.388,0,0,0,0,0
193,35,3,-1.387,0,0,2,0,1
194,42,9,0.433,1,0,2,1,0
195,259,18,-1.165,0,1,1,1,1
196,91,36,-0.291,0,0,0,1,0
197,98,36,-0.543,0,0,0,1,0
198,266,3,-0.239,1,1,2,1,0
199,273,12,-1.733,0,0,2,0,0
200,203,36,-0.096,0,0,2,0,0
201,35,33,0.06,0,0,0,1,1
202,252,3,1.326,0,0,2,1,1
203,21,33,-0.621,0,1,1,0,0
204,273,24,0.952,0,0,1,0,1
205,217,15,-0.689,0,0,2,1,0
206,210,33,-1.448,0,0,1,0,0
207,56,12,1.632,1,1,1,1,1
208,7,27,0.845,1,0,1,1,0
209,105,6,0.153,0,0,1,0,0
210,56,30,2.044,1,0,2,0,1
211,154,33,0.269,0,0,1,1,1
212,210,3,0.196,1,0,2,1,0
213,259,18,-0.196,0,1,2,0,1
214,140,15,-0.273,0,0,0,0,0
215,56,9,-2.263,0,0,2,1,0
216,63,9,-1.787,0,1,1,0,1
217,42,9,0.784,0,0,0,0,1
218,7,3,-1.212,0,0,0,0,1
219,273,21,0.239,1,0,1,0,1
220,49,18,-1.177,0,0,0,0,0
221,210,33,-0.392,0,0,1,0,1
222,77,24,-1.856,1,0,2,0,0
223,175,33,0.048,0,1,3,1,0
224,168,18,-0.686,0,0,0,1,1
225,35,33,-1.389,0,0,0,0,0
226,238,3,-0.786,0,0,0,1,0
227,161,33,0.742,0,1,2,1,1
228,210,21,-1.082,0,0,0,0,0
229,42,15,0.706,1,0,0,0,0
230,7,21,0.65,0,1,0,1,0
231,168,30,-0.607,0,0,0,1,0
232,182,36,-0.339,0,0,0,0,1
233,252,12,0.262,0,0,2,1,1
234,21,18,-0.774,1,0,2,0,0
235,280,30,0.953,0,0,1,1,1
236,84,9,0.465,0,1,0,1,0
237,91,21,-2.839,0,0,0,1,0
238,70,9,-0.026,0,1,0,1,0
239,161,9,1.123,0,0,0,1,0
240,35,6,0.143,0,0,1,1,1
241,280,3,1.281,0,0,5,0,0
242,217,12,-1.174,1,0,2,0,1
243,42,21,-0.106,0,0,1,1,0
244,7,6,-0.435,0,0,2,0,0
245,259,21,-0.221,1,0,1,0,0
246,217,27,0.292,0,0,3,0,0
247,126,36,0.026,0,1,1,0,1
248,217,24,0.13,0,1,0,0,0
249,203,9,1.346,1,0,1,0,0
250,273,15,-0.335,0,0,2,1,0
251,77,18,-0.419,1,0,0,0,0
252,238,3,1.44,0,0,0,0,1
253,252,3,-0.155,0,0,0,1,0
254,49,24,0.067,0,1,2,1,0
255,35,15,0.475,0,0,2,0,1
256,217,15,-0.371,1,0,1,1,0
257,273,33,-1.657,0,0,0,1,1
258,168,18,-0.391,0,0,2,0,0
259,14,33,-0.11,0,0,1,1,0
260,63,15,-0.266,0,1,1,0,0
261,175,36,0.34,1,0,3,1,0
262,63,15,-0.868,0,0,0,0,0
263,14,3,0.05,1,0,4,0,0
264,77,3,0.168,1,1,1,1,0
265,280,9,-1.286,0,0,3,1,0
266,168,12,-0.592,0,0,2,0,1
267,210,3,-0.026,0,1,0,1,0
268,175,33,-1.163,1,0,0,0,1
269,91,27,-0.552,0,0,0,0,0
270,140,24,0.333,1,0,1,1,0
271,245,33,-3.542,1,0,2,1,1
272,77,30,-0.302,1,0,1,1,1
273,35,12,1.098,0,0,0,0,0
274,84,3,0.515,1,0,2,1,0
275,217,21,0.256,0,0,0,1,1
276,70,15,-0.165,0,1,2,1,1
277,112,18,-1.212,0,1,2,0,0
278,238,9,0.22,1,0,2,1,0
279,161,33,-0.684,0,0,1,1,0
280,217,18,2.652,0,0,1,0,1
281,119,15,-0.1,0,0,1,1,0
282,140,6,-0.376,1,0,0,0,0
283,70,33,0.677,0,1,5,0,0
284,266,12,0.499,1,0,0,1,0
285,245,33,0.132,1,0,1,1,1
286,273,30,-1.393,0,0,2,0,1
287,21,3,0.358,0,0,2,0,0
288,98,24,-1.928,0,0,3,0,0
289,231,18,1.069,0,1,0,0,0
290,49,9,0.479,0,1,2,1,1
291,245,6,0.62,0,0,1,1,0
292,266,3,-1.483,0,1,0,1,0
293,196,33,0.001,1,0,1,1,0
294,245,36,1.037,0,0,1,0,1
295,140,36,-0.572,1,0,2,0,0
296,28,24,-0.253,0,0,4,1,0
297,98,36,-0.76,0,0,2,1,0
298,259,21,-0.408,0,1,1,1,1
299,175,33,-0.74,1,0,3,1,0
300,161,15,-0.259,0,0,0,0,0
301,56,12,0.992,0,0,2,0,1
302,63,36,-0.596,0,1,1,0,0
303,112,30,0.418,0,0,2,1,1
304,168,21,-1.883,1,0,0,1,0
305,77,12,2.009,0,0,0,0,0
306,210,6,-0.44,0,0,2,1,1
307,259,36,-1.67,0,0,0,1,0
308,91,6,-0.207,0,1,0,0,1
309,259,9,-1.116,0,0,0,0,1
310,140,33,-0.292,1,0,0,1,0
311,273,33,-0.476,0,0,3,0,1
312,168,9,0.2,1,0,0,1,0
313,154,15,-0.116,0,1,0,0,1
314,259,3,-1.659,0,1,1,0,1
315,273,33,0.093,1,0,0,1,1
316,259,18,-0.031,0,1,1,0,1
317,259,9,2.365,0,0,2,0,0
318,168,3,-0.103,0,0,1,1,0
319,273,15,-0.521,1,0,0,1,0
320,168,18,-0.324,1,0,0,0,0
321,203,21,0.095,1,0,1,0,1
322,266,33,-0.91,1,0,1,0,0
323,70,36,0.755,0,0,2,0,0
324,28,21,-0.945,0,0,3,0,0
325,259,21,-0.319,1,0,2,1,0
326,217,18,-0.177,0,0,2,0,1
327,259,18,-0.22,1,0,1,0,0
328,189,30,1.189,0,0,1,1,0
329,168,18,0.449,1,0,1,0,0
330,147,33,-1.344,0,1,2,0,0
331,49,21,0.629,0,0,0,0,0
332,273,36,-0.064,1,0,0,1,0
333,42,9,-0.603,0,0,1,0,1
334,49,15,0.431,0,0,1,1,0
335,161,15,-0.592,0,1,3,1,0
336,273,15,-0.726,0,0,1,1,0
337,161,15,0.394,1,0,0,1,0
338,189,3,-0.997,1,0,0,1,0
339,126,12,0.222,0,0,1,1,0
340,273,18,-0.012,0,0,2,0,0
341,133,18,0.171,0,0,2,1,0
342,217,6,0.417,0,1,0,1,0
343,35,36,0.274,0,0,0,1,0
344,280,12,0.145,1,0,1,0,0
345,49,33,1.71,0,1,0,1,0
346,35,30,0.139,0,0,3,1,0
347,70,9,1.945,1,1,1,0,0
348,168,12,0.66,0,0,2,1,0
349,7,15,1.417,0,0,2,0,0
350,70,15,-0.204,0,0,0,1,1
351,140,30,-1.917,0,0,1,0,0
352,42,30,-0.537,0,0,2,1,0
353,126,27,2.374,1,1,2,0,0
354,119,36,-0.23,0,1,0,0,0
355,126,12,-0.587,1,0,0,0,0
356,154,3,-0.553,0,0,1,0,1
357,63,15,-1.739,0,0,2,0,0
358,196,12,-0.838,0,0,2,0,0
359,7,33,0.159,0,0,0,0,0
360,7,33,-2.198,0,0,1,1,0
361,168,6,-1.725,0,0,0,1,0
362,245,21,-1.593,1,1,2,0,0
363,126,18,0.164,0,0,0,0,0
364,161,6,0.19,0,0,2,0,0
365,126,21,-0.755,0,0,0,0,0
366,217,12,-1.186,0,0,0,0,0
367,126,30,-0.186,1,0,1,0,1
368,119,6,0.868,0,0,0,0,0
369,217,33,1.587,1,1,2,1,0
370,49,12,-1.041,1,0,1,1,1
371,147,24,-1.362,1,1,1,1,1
372,161,12,0.289,1,1,0,0,1
373,161,36,-1.678,1,0,2,0,0
374,266,12,0.203,0,0,3,0,1
375,14,12,-1.074,0,0,3,1,0
376,7,36,-0.831,0,0,3,1,0
377,35,3,-0.802,1,1,0,1,1
378,203,12,-0.176,1,1,1,1,0
379,168,3,-1.005,0,0,2,1,0
380,126,12,1.964,0,0,1,1,1
381,35,36,-0.023,0,0,1,0,1
382,259,6,-0.114,0,1,1,1,1
383,210,12,-0.842,0,0,1,1,0
384,49,9,1.105,0,0,1,1,0
385,56,27,-2.53,1,0,0,0,1
386,49,33,0.996,0,0,3,1,1
387,133,12,-0.18,0,0,1,0,1
388,154,3,1.386,0,0,1,0,1
389,217,33,-1.832,0,1,1,0,0
390,175,21,-0.341,1,0,1,0,0
391,203,36,-0.89,1,0,2,1,0
392,196,18,1.385,1,1,3,0,0
393,77,33,0.447,0,0,1,0,0
394,189,12,-0.587,1,0,0,1,0
395,133,24,-1.109,0,0,2,0,0
396,7,33,3.421,0,0,2,1,0
397,168,21,-0.504,0,0,0,1,0
398,196,30,-0.414,0,0,0,0,1
399,35,21,0.921,0,0,2,0,1
400,168,15,-0.187,0,0,1,1,0
401,154,21,-1.531,1,0,1,1,1
402,203,3,-1.032,0,0,3,0,0
403,98,12,1.024,1,1,0,0,0
404,161,18,-1.611,0,0,2,1,1
405,49,36,-0.924,0,0,2,1,0
406,56,24,-0.071,0,0,2,1,0
407,119,24,-0.344,1,0,0,1,0
408,119,18,-0.977,1,0,1,0,0
409,126,33,0.858,0,0,1,0,0
410,84,12,0.139,0,0,0,0,0
411,126,12,-0.671,0,0,0,0,0
412,203,33,0.155,1,0,2,0,1
413,161,33,-0.784,1,0,1,1,0
414,168,33,-2.047,0,0,0,0,0
415,231,3,-0.255,0,0,0,0,0
416,259,6,-0.087,1,0,2,1,0
417,42,3,0.088,0,1,1,1,0
418,203,36,1.08,1,0,2,1,0
419,63,12,0.952,0,0,1,0,0
420,14,9,-0.737,1,0,1,1,0
421,161,12,-0.786,0,1,2,0,0
422,175,12,-1.33,1,0,2,0,0
423,231,18,-0.564,0,0,0,0,0
424,70,9,-0.122,0,0,3,0,0
425,140,21,-0.441,0,0,3,1,0
426,35,12,-2.069,0,0,1,0,0
427,14,3,0.412,0,0,4,1,1
428,168,9,-0.302,0,0,3,1,0
429,203,24,-1.073,0,1,1,0,0
430,161,6,-0.659,0,1,0,0,0
431,168,15,-1.556,0,0,1,0,0
432,42,3,0.888,0,0,0,0,0
433,133,18,-0.931,0,1,2,0,0
434,259,3,0.211,1,0,1,0,1
435,42,6,-1.491,1,0,0,0,0
436,168,3,-0.114,0,1,0,0,0
437,217,33,0.981,0,0,1,0,0
438,203,33,-1.005,0,0,2,0,1
439,63,33,-0.085,0,0,1,1,0
440,266,3,0.89,1,0,1,1,0
441,168,33,0.064,0,0,0,0,0
442,70,9,0.349,1,1,2,0,1
443,126,12,-0.359,0,0,1,1,0
444,266,9,2.019,1,0,0,1,0
445,161,6,0.01,0,0,2,0,0
446,70,12,0.47,0,0,3,0,0
447,266,33,1.337,0,1,1,0,0
448,280,12,0.366,0,0,1,0,1
449,7,21,-0.209,0,0,3,1,1
450,168,12,-0.094,0,0,1,0,0
451,168,33,-0.425,0,1,3,0,0
452,28,3,-0.12,0,0,1,1,0
453,112,3,1.738,0,0,4,1,1
454,77,30,0.028,0,0,0,0,0
455,245,12,0.069,1,0,0,1,0
456,7,30,0.152,0,1,3,0,1
457,105,3,0.81,0,0,1,0,0
458,126,6,-0.212,0,0,3,1,0
459,168,12,-0.649,0,1,0,0,0
460,42,21,0.173,0,0,0,1,0
461,245,21,1.557,1,0,2,1,1
462,266,6,-1.156,1,0,0,1,0
463,98,21,1.479,1,1,2,1,0
464,259,3,-0.167,1,0,0,1,0
465,175,24,-0.029,0,0,1,0,0
466,168,33,0.067,1,0,2,1,0
467,259,15,-1.722,1,0,1,0,0
468,140,33,-0.304,0,1,2,1,0
469,147,12,-0.374,0,0,0,0,1
470,203,33,-0.808,1,0,1,1,0
471,161,12,-2.008,0,0,2,0,1
472,84,9,0.761,0,0,2,1,1
473,168,15,-0.45,1,1,2,1,0
474,266,15,-0.013,0,0,3,1,0
475,77,33,1.068,0,1,0,1,0
476,133,18,-0.023,0,1,1,1,0
477,280,3,1.697,0,0,1,0,1
478,7,36,1.643,0,0,0,0,0
479,28,12,-2.213,1,0,0,0,0
480,245,3,-1.395,0,0,2,1,0
481,70,21,1.388,0,0,0,1,1
482,105,3,-0.792,0,0,0,0,0
483,175,3,0.263,1,1,0,0,1
484,273,21,0.482,1,1,3,0,1
485,21,36,0.355,0,0,0,1,0
486,217,6,-0.796,1,0,2,0,0
487,147,3,-0.549,0,0,1,1,0
488,238,9,-0.228,0,1,1,0,0
489,252,6,0.636,0,1,1,0,1
490,154,33,0.075,0,0,2,0,1
491,77,33,1.209,1,1,2,0,0
492,252,3,0.211,1,0,1,1,0
493,168,3,-0.642,0,1,0,1,0
494,189,33,-0.11,1,0,2,1,0
495,56,15,-0.497,0,0,1,0,0
496,119,18,-0.022,0,1,1,1,0
497,175,15,1.345,0,0,1,0,0
498,14,33,2.011,0,0,1,1,0
499,238,21,0.496,0,1,3,1,1
500,210,36,0.2,1,0,0,0,0
501,238,21,-0.426,0,0,0,0,0
502,259,15,-0.576,0,0,0,1,0
503,56,12,-0.952,0,0,0,0,0
504,245,3,-0.045,1,0,2,0,1
505,161,3,-2.349,0,1,0,0,0
506,175,3,0.938,0,0,1,0,0
507,196,30,-0.266,0,0,2,0,0
508,168,36,0.307,1,0,1,0,0
509,259,9,-1.143,0,0,0,1,0
510,42,6,-0.798,1,0,0,1,0
511,196,3,1.204,0,0,1,1,0
512,189,33,-1.084,1,0,3,1,0
513,112,21,-0.507,1,0,1,0,1
514,84,9,1.109,0,1,2,1,1
515,91,36,0.414,0,0,0,1,0
516,98,18,2.138,0,1,0,0,0
517,77,18,2.554,0,0,0,1,0
518,7,18,-0.141,1,0,1,0,0
519,56,3,-0.573,0,0,0,0,0
520,161,24,1.48,1,0,2,0,1
521,35,18,0.339,1,1,1,1,0
522,35,36,1.598,0,0,0,1,0
523,266,15,-0.637,0,0,2,1,0
524,217,3,1.756,0,0,3,0,0
525,49,3,-0.067,1,1,0,1,0
526,35,6,1.207,0,0,0,1,0
527,189,18,1.331,0,1,0,1,0
528,210,27,-1.251,1,1,1,0,1
529,21,3,-0.821,0,0,5,0,0
530,161,3,-1.666,0,0,1,0,0
531,154,21,-0.727,0,1,1,0,0
532,49,12,0.406,0,1,1,0,0
533,154,6,1.272,0,0,2,1,0
534,168,3,0.989,0,0,0,0,0
535,84,12,0.849,0,0,1,0,0
536,245,33,1.116,0,0,2,1,0
537,168,21,0.337,0,1,1,1,1
538,91,36,-0.566,0,0,1,1,0
539,126,27,-1.627,0,1,1,1,0
540,126,9,0.785,0,0,1,1,0
541,7,6,0.667,0,1,2,1,0
542,42,36,0.483,0,0,1,1,0
543,266,33,0.474,1,0,2,1,0
544,217,18,-0.112,0,1,0,1,0
545,168,27,1.468,1,0,3,1,0
546,182,3,-2.178,1,0,1,1,0
547,259,21,-2.019,0,0,0,1,0
548,168,36,0.576,0,0,0,0,1
549,210,12,1.309,0,0,1,1,1
550,168,12,2.995,0,0,4,0,1
551,70,3,-0.348,0,0,0,0,0
552,252,24,0.6,1,0,7,1,0
553,259,24,2.24,0,1,1,1,1
554,203,21,-1.509,0,0,1,1,0
555,238,12,-0.896,1,0,2,0,0
556,63,21,-1.286,0,0,0,0,0
557,266,33,-0.201,0,1,2,1,0
558,266,18,-0.591,1,0,0,1,0
559,238,3,1.072,0,0,2,1,0
560,175,9,-0.191,0,0,2,1,0
561,231,33,-0.213,0,0,2,1,0
562,28,30,-1.352,0,0,1,0,0
563,203,15,1.052,0,0,1,0,1
564,35,3,0.812,0,0,0,0,1
565,126,33,2.638,0,1,2,0,0
566,245,33,-0.111,1,0,0,1,1
567,98,33,-0.6,0,0,1,0,0
568,266,3,-0.901,1,1,1,1,0
569,259,18,0.196,0,0,3,0,0
570,56,21,-0.611,1,0,2,1,0
571,217,27,0.037,0,0,3,0,1
572,273,3,0.987,1,0,0,0,0
573,77,30,1.59,0,1,1,1,0
574,42,33,0.024,0,0,1,1,0
575,21,6,-1.653,0,0,1,1,0
576,266,15,0.95,0,1,0,1,0
577,84,33,1.887,0,0,1,1,1
578,35,21,0.57,0,0,1,0,0
579,217,12,-0.181,0,0,1,1,0
580,91,36,-1.44,1,0,3,1,0
581,112,15,0.082,0,1,2,0,1
582,140,9,1.066,1,0,1,1,0
583,56,3,1.313,0,1,1,1,0
584,91,3,0.797,0,0,0,1,0
585,7,12,-0.493,0,0,2,1,1
586,77,21,0.454,0,0,2,1,0
587,259,9,0.273,0,0,1,0,1
588,273,12,-1.391,1,0,0,0,0
589,154,27,-1.533,0,0,3,0,0
590,231,30,-0.193,0,0,2,1,0
591,245,36,-0.094,0,1,1,0,1
592,189,36,-2.166,0,1,0,0,0
593,217,33,-0.84,0,1,1,0,0
594,238,33,-0.303,0,0,1,1,0
595,77,12,0.463,0,1,2,1,0
596,175,18,-1.505,0,0,1,1,0
597,203,9,-0.425,0,0,1,0,1
598,203,21,0.189,0,0,0,1,0
599,14,6,0.82,0,0,1,0,0
600,273,6,0.87,1,1,2,1,0
601,259,24,-0.362,0,1,0,0,0
602,49,30,1.173,0,1,4,1,0
603,182,24,-0.826,0,0,3,1,0
604,175,15,-0.309,0,0,2,0,1
605,77,36,0.0,0,0,1,1,0
606,112,9,-0.667,0,0,1,0,0
607,210,15,2.072,0,1,2,1,0
608,175,24,-0.194,0,1,0,0,1
609,56,12,-0.013,1,0,0,0,0
610,266,18,-0.106,0,0,4,1,0
611,175,3,-0.548,0,0,4,0,0
612,168,6,-0.718,0,0,0,0,1
613,35,3,-0.32,0,0,1,1,0
614,266,21,0.29,1,0,1,0,0
615,49,9,0.964,0,0,1,0,1
616,133,30,0.143,0,0,2,1,0
617,77,24,0.183,0,0,1,0,0
618,210,15,0.051,0,1,5,1,0
619,35,9,0.457,1,0,2,0,0
620,224,24,1.002,0,0,1,1,1
621,119,18,0.037,0,0,2,0,0
622,259,12,-2.499,0,0,3,1,1
623,77,3,0.07,0,0,0,1,1
624,21,21,0.024,0,0,0,1,0
625,154,30,-0.821,1,0,1,1,1
626,56,9,-0.938,1,0,1,1,0
627,161,18,1.94,1,1,1,1,1
628,168,27,0.388,1,0,2,1,1
629,259,12,-0.605,0,0,0,0,1
630,126,15,-2.864,1,0,1,0,0
631,175,33,-0.822,0,0,3,0,1
632,42,9,0.39,1,0,5,0,0
633,140,33,1.362,0,0,0,0,0
634,35,12,0.231,0,0,1,1,0
635,161,12,-0.746,0,1,2,0,0
636,175,9,2.118,0,1,1,0,0
637,231,9,0.462,0,0,2,0,0
638,49,12,1.091,0,0,0,1,0
639,70,36,1.108,1,0,3,0,0
640,140,9,1.192,1,0,0,1,0
641,196,18,0.9,0,0,2,0,1
642,77,3,-0.82,0,0,1,0,0
643,259,9,-1.922,0,0,0,0,0
644,168,21,1.045,0,0,0,1,0
645,245,6,-1.621,0,0,0,1,0
646,217,33,-1.032,1,1,1,1,0
647,14,21,2.278,0,1,2,1,0
648,56,33,0.004,0,0,1,1,0
649,112,12,-0.231,1,0,2,0,0
650,224,6,1.709,1,1,2,1,0
651,56,18,0.033,0,0,1,1,0
652,21,27,1.713,0,0,1,0,0
653,231,12,-0.854,0,1,0,1,1
654,77,12,1.1,0,0,1,1,1
655,217,3,0.288,1,1,0,0,0
656,7,12,1.454,0,0,1,0,1
657,77,30,0.456,1,1,1,1,0
658,56,36,-1.458,1,1,3,0,1
659,126,9,0.875,0,0,2,1,1
660,168,21,-0.437,0,1,0,0,0
661,189,33,-1.334,0,0,0,1,0
662,238,18,-0.709,0,0,1,1,0
663,175,33,-0.815,1,0,0,0,1
664,77,33,-1.78,1,1,2,0,0
665,140,36,-1.049,0,0,0,1,0
666,259,9,0.777,0,0,1,0,0
667,126,9,-1.78,1,0,0,0,0
668,196,6,-0.171,1,0,1,1,1
669,112,3,-0.85,0,0,1,0,0
670,245,9,0.159,0,0,1,0,1
671,77,21,-0.678,1,0,1,0,0
672,175,9,0.271,0,1,3,1,1
673,7,3,-0.765,0,0,0,1,0
674,238,18,1.285,0,0,1,1,1
675,217,36,0.401,0,0,1,0,1
676,14,21,0.428,0,0,0,0,1
677,7,9,-1.455,0,0,1,1,0
678,259,9,1.182,0,0,1,0,0
679,7,33,-1.123,0,0,2,0,0
680,259,3,0.83,0,0,0,0,0
681,259,15,0.774,0,0,1,1,0
682,259,30,-0.209,0,0,0,1,0
683,161,3,0.135,0,0,0,0,0
684,56,33,0.265,0,1,2,0,0
685,168,12,0.32,1,0,4,1,0
686,168,36,0.279,1,0,3,0,0
687,35,15,1.862,1,0,1,1,0
688,126,18,0.818,1,0,2,1,0
689,42,33,0.159,0,0,1,1,0
690,119,24,-1.32,0,0,0,1,0
691,168,30,-2.39,0,0,0,1,0
692,154,6,0.951,0,0,0,1,0
693,119,12,-0.725,0,0,3,0,0
694,259,36,0.435,0,1,1,0,1
695,161,15,1.649,1,0,1,0,0
696,63,33,0.348,0,0,1,1,0
697,7,6,0.025,1,0,1,0,1
698,42,3,-1.083,0,0,1,1,0
699,217,36,-1.486,0,0,1,1,0
700,91,3,-0.13,0,0,0,1,0
701,217,36,0.798,1,1,0,0,0
702,56,9,-0.466,0,1,2,0,0
703,63,3,-1.667,0,0,0,1,0
704,98,36,-0.092,1,0,3,1,0
705,105,33,2.738,0,0,1,0,0
706,91,36,0.516,0,0,3,0,0
707,252,12,-0.11,1,1,1,1,1
708,259,3,1.471,1,0,2,0,1
709,168,30,0.218,0,1,0,0,0
710,84,18,-0.07,0,0,1,0,0
711,168,36,-1.669,0,0,2,1,0
712,245,3,0.872,1,0,0,1,0
713,14,3,-0.335,0,0,1,1,0
714,196,12,-0.967,1,1,2,1,1
715,266,12,1.014,0,0,3,0,0
716,238,12,-0.868,0,0,1,1,0
717,112,21,0.736,1,0,1,0,1
718,126,30,0.479,0,0,0,0,0
719,161,12,-0.287,1,0,0,0,0
720,196,3,-0.386,1,0,1,0,0
721,49,15,-0.239,1,0,2,1,0
722,280,18,-0.685,1,0,0,1,0
723,7,18,1.451,0,0,1,0,1
724,14,9,0.297,0,0,2,1,0
725,280,3,-0.502,0,0,1,1,0
726,56,3,0.504,0,1,0,1,0
727,168,21,1.276,0,0,0,0,0
728,119,30,-1.048,0,0,2,1,0
729,175,36,-0.263,0,1,0,1,0
730,84,3,0.48,0,0,3,0,1
731,105,12,0.029,1,0,2,0,1
732,77,33,-0.305,1,0,0,0,0
733,245,18,-1.079,1,0,2,0,0
734,154,21,1.542,1,0,1,0,1
735,245,9,1.149,0,0,0,0,0
736,196,9,0.16,0,0,0,0,0
737,259,12,-2.088,0,0,1,0,0
738,77,24,-0.071,0,0,0,0,1
739,280,18,1.132,0,0,2,0,0
740,70,36,0.285,0,1,0,1,1
741,266,6,-2.611,0,0,2,1,0
742,245,6,-0.304,1,0,0,1,0
743,231,18,1.169,0,0,2,0,0
744,84,24,0.525,0,1,2,0,1
745,259,36,0.49,0,0,0,0,1
746,175,21,0.138,1,0,1,1,0
747,84,36,0.513,0,0,2,1,1
748,14,36,-0.502,0,0,3,0,0
749,280,12,-0.734,1,0,1,0,0
750,77,9,0.875,0,0,1,0,0
751,245,15,1.217,0,0,2,0,0
752,140,15,0.416,0,0,0,1,0
753,140,18,1.539,0,1,3,0,0
754,35,12,1.394,0,0,1,0,1
755,259,18,-1.149,1,1,2,1,0
756,203,36,1.282,0,0,0,0,0
757,280,21,-0.703,0,0,2,1,0
758,7,9,0.114,0,0,0,0,1
759,259,21,1.954,0,0,3,1,1
760,154,18,0.555,0,0,2,1,0
761,70,6,-0.052,0,0,0,1,0
762,21,3,0.21,0,1,2,1,0
763,189,9,0.205,1,0,0,1,0
764,77,3,-0.675,0,0,0,1,0
765,154,36,1.223,0,0,0,0,1
766,14,9,0.298,0,0,0,0,0
767,77,30,1.051,1,0,0,1,0
768,126,21,0.903,0,0,1,0,0
769,7,33,-0.641,0,0,0,0,0
770,35,33,-0.259,0,0,1,1,0
771,7,9,0.2,0,0,2,1,1
772,175,15,-0.081,1,0,5,0,1
773,7,18,-1.395,1,0,2,0,0
774,77,3,-0.35,1,0,0,1,1
775,7,9,-0.361,0,0,0,1,0
776,98,15,-0.072,0,0,1,1,0
777,273,36,0.499,0,1,0,0,1
778,7,3,0.692,0,0,1,1,1
779,175,21,-1.463,0,1,2,1,0
780,14,3,-0.79,0,1,1,1,0
781,168,12,1.033,0,1,4,1,0
782,238,15,-1.187,0,0,2,1,1
783,273,30,1.537,1,1,3,0,0
784,217,21,-2.195,1,0,1,0,0
785,217,6,0.208,0,1,0,1,0
786,154,30,-2.019,1,0,2,1,0
787,7,21,0.713,0,0,3,1,1
788,182,33,0.709,1,1,3,0,1
789,210,24,0.169,1,0,1,1,0
790,182,12,1.258,1,0,2,0,0
791,56,12,-2.086,0,0,1,1,0
792,189,9,-0.043,0,0,0,1,0
793,7,9,0.217,1,0,0,1,0
794,161,24,-1.915,0,1,0,1,0
795,203,21,1.063,0,0,2,0,0
796,161,3,-0.104,0,0,0,1,0
797,203,30,-1.103,0,0,1,0,0
798,133,21,-0.876,1,0,1,0,1
799,161,6,-1.924,0,0,2,0,0
800,175,21,-0.131,0,0,0,1,0
801,56,9,-0.338,0,0,1,1,0
802,161,30,1.076,1,0,0,0,1
803,217,12,0.007,0,0,0,1,0
804,98,30,-0.774,0,1,0,0,0
805,154,6,-0.288,1,0,3,1,1
806,98,3,-1.494,1,0,1,1,0
807,112,18,0.536,0,0,4,0,1
808,182,9,-0.844,0,0,1,0,0
809,217,3,0.482,1,0,0,1,0
810,140,3,1.185,0,1,0,0,0
811,56,12,-2.127,0,0,0,1,0
812,154,36,0.305,0,0,1,0,0
813,84,3,1.118,1,1,1,1,0
814,112,3,0.841,0,0,0,0,0
815,273,36,-0.392,0,0,1,0,0
816,98,3,1.063,0,0,1,1,1
817,203,30,-0.28,0,0,3,0,0
818,238,27,0.994,1,1,2,0,1
819,77,12,-1.792,0,0,2,0,1
820,245,12,0.831,0,1,1,1,1
821,245,21,-0.646,0,0,3,0,1
822,119,24,-1.271,0,0,2,0,0
823,56,33,-0.164,1,0,0,0,0
824,7,9,-0.5,0,0,0,0,1
825,266,3,-0.263,1,0,2,0,0
826,98,33,-0.772,0,0,3,1,0
827,196,21,-0.094,0,0,0,0,0
828,161,3,-1.038,0,0,0,0,0
829,28,6,0.209,0,0,1,0,0
830,280,12,-1.668,1,0,1,0,0
831,77,9,0.951,1,0,1,0,0
832,175,12,-0.162,0,0,0,0,0
833,77,33,-1.123,0,0,0,0,0
834,35,9,1.756,0,1,1,0,1
835,210,3,-0.245,1,0,0,0,0
836,203,27,-0.498,0,0,2,1,0
837,280,6,-0.852,0,0,2,1,0
838,189,24,-0.027,0,1,0,1,0
839,182,36,-0.134,0,0,2,1,0
840,168,21,-1.833,1,0,0,1,0
841,7,33,0.452,1,0,1,1,0
842,203,33,0.172,0,0,1,0,0
843,259,12,0.359,0,0,1,1,1
844,35,36,0.24,0,0,1,1,0
845,126,6,-0.602,0,0,1,1,0
846,189,30,-1.091,0,1,1,1,1
847,259,36,-0.526,1,0,1,0,1
848,231,9,1.386,0,0,1,0,0
849,154,30,-0.988,0,0,1,0,0
850,273,3,-0.61,1,0,0,0,1
851,273,3,-0.301,0,1,0,1,1
852,35,9,0.681,1,0,1,1,0
853,140,36,1.195,0,0,1,0,0
854,63,30,-0.272,0,0,2,1,1
855,189,36,-0.941,0,0,0,0,0
856,112,21,-1.51,1,0,2,0,0
857,196,12,0.228,1,0,0,0,0
858,7,9,-2.174,0,0,0,1,0
859,49,21,0.126,1,0,0,0,0
860,21,33,0.616,0,0,0,0,1
861,14,18,-0.699,0,0,0,1,0
862,273,36,0.563,0,0,1,1,0
863,98,15,0.178,1,1,0,1,0
864,175,3,-1.791,1,0,2,0,0
865,49,18,-1.137,0,0,0,0,1
866,119,33,0.849,0,0,1,1,0
867,84,33,-0.019,0,0,0,1,0
868,70,21,-0.366,0,0,2,0,0
869,49,18,-0.397,1,0,0,1,0
870,56,6,0.165,1,0,1,1,0
871,14,33,0.291,1,0,1,1,0
872,56,27,-0.098,0,0,1,1,1
873,77,24,-1.852,0,1,0,1,0
874,217,3,0.234,0,0,0,0,0
875,91,30,0.127,0,1,1,1,1
876,217,36,0.795,0,0,0,1,0
877,266,18,-1.669,1,1,1,0,0
878,133,18,-0.27,0,0,0,0,0
879,210,3,-0.506,0,0,1,1,0
880,56,12,0.647,1,0,3,1,0
881,210,12,-0.378,0,0,1,0,0
882,224,18,0.341,0,0,2,1,0
883,70,36,-0.351,1,0,0,0,1
884,28,18,1.431,0,0,1,1,0
885,63,15,-0.633,1,0,3,1,0
886,266,15,0.068,1,0,1,1,0
887,154,30,1.033,1,0,1,1,1
888,259,24,-0.195,0,0,2,0,0
889,273,36,-0.078,1,1,0,0,1
890,21,9,-0.005,0,0,0,0,0
891,105,33,0.369,1,1,1,0,1
892,35,36,-0.967,0,0,1,1,1
893,210,12,-0.019,0,1,0,0,0
894,77,15,-0.018,0,0,2,0,0
895,203,36,-0.093,0,0,0,1,1
896,175,21,-1.2,0,0,0,0,0
897,70,36,0.499,1,0,1,0,1
898,56,3,-1.055,1,1,3,0,0
899,203,15,0.799,0,0,1,1,0
900,175,36,0.451,1,0,2,1,0
901,77,21,-1.265,0,1,1,1,0
902,231,3,1.322,0,0,3,1,0
903,175,15,0.594,1,0,1,0,1
904,245,12,-0.495,0,1,4,0,1
905,203,36,1.525,0,1,1,1,0
906,119,9,0.738,0,0,0,0,0
907,161,3,-0.45,0,0,1,0,1
908,245,18,-0.498,0,0,1,0,0
909,189,6,-0.614,0,1,0,0,0
910,84,3,1.123,0,0,1,1,0
911,42,24,-0.457,0,1,0,0,0
912,259,33,1.079,0,1,1,0,0
913,49,21,-0.546,0,0,0,0,0
914,259,24,-1.248,0,0,2,0,0
915,77,6,-0.475,0,0,3,0,0
916,56,15,-1.487,0,0,2,0,0
917,147,36,-2.11,1,1,1,0,0
918,210,21,0.978,0,0,3,0,0
919,224,9,-0.93,0,0,2,1,0
920,168,24,0.796,0,0,2,0,0
921,259,9,2.162,0,0,2,0,1
922,238,3,-0.699,0,0,0,0,0
923,84,30,1.519,0,1,3,1,1
924,238,3,0.029,0,1,0,1,0
925,14,36,-0.654,0,0,1,1,0
926,259,27,-1.34,0,0,2,1,0
927,161,18,-1.442,0,1,1,1,0
928,42,21,0.85,1,0,3,0,1
929,168,12,0.772,0,0,1,0,0
930,119,15,-0.413,0,0,2,1,1
931,203,9,-0.551,0,0,4,0,0
932,259,18,0.593,1,0,2,1,0
933,259,3,0.314,0,0,0,1,1
934,266,18,0.235,0,0,0,1,0
935,133,15,-1.295,0,0,2,0,0
936,217,3,-1.174,0,0,1,0,0
937,126,6,0.316,0,1,0,1,0
938,49,24,0.03,0,0,3,1,1
939,154,9,-1.956,0,0,3,0,0
940,231,12,-0.007,0,1,0,1,0
941,168,3,0.748,0,0,2,1,0
942,273,30,1.001,0,1,0,0,0
943,119,18,1.169,0,0,1,1,0
944,175,3,-0.555,1,1,1,0,1
945,77,12,0.034,0,0,1,0,0
946,217,36,-0.468,1,0,1,1,1
947,49,3,0.065,0,0,2,0,1
948,182,9,-1.122,0,0,1,1,0
949,49,3,-1.786,0,0,1,1,0
950,77,3,-1.854,1,1,1,1,0
951,98,3,-0.494,0,0,2,1,0
952,77,30,-0.388,0,0,0,0,0
953,133,33,0.281,0,0,2,0,0
954,77,36,0.852,0,1,1,1,0
955,49,30,-0.314,0,1,2,0,1
956,273,9,-0.407,0,0,1,1,0
957,56,12,0.56,0,0,4,1,0
958,154,30,-0.819,0,0,1,0,0
959,252,33,0.361,1,0,3,1,0
960,273,18,-0.426,1,0,1,1,1
961,70,21,-0.268,0,0,2,0,1
962,35,30,0.704,1,0,2,1,1
963,7,9,0.255,0,0,3,0,0
964,49,3,-0.679,0,0,1,0,0
965,161,18,0.235,1,1,5,1,1
966,112,33,-0.197,1,0,0,1,0
967,161,33,1.573,0,0,1,1,0
968,98,12,0.22,0,0,0,0,0
969,140,21,2.371,1,0,0,0,0
970,168,33,0.197,0,0,0,1,0
971,224,12,1.05,0,1,2,0,0
972,70,36,-1.397,0,0,0,0,0
973,161,18,0.006,0,0,1,0,0
974,14,9,0.589,0,1,0,1,0
975,217,9,0.494,0,0,1,1,0
976,273,27,0.947,0,0,1,1,1
977,119,27,0.869,0,0,2,0,0
978,161,24,0.648,1,0,0,0,0
979,42,15,0.425,1,0,3,1,1
980,175,33,-0.287,0,0,0,1,0
981,168,12,1.234,1,0,0,1,1
982,126,12,-0.417,1,0,0,1,0
983,273,30,0.828,0,0,2,0,0
984,119,36,0.48,1,0,1,1,0
985,126,12,1.105,0,0,2,1,0
986,259,12,0.596,1,0,0,0,0
987,161,9,2.695,1,0,3,0,1
988,42,30,0.23,0,0,0,1,0
989,154,12,-0.196,0,0,0,1,0
990,259,3,1.2,0,0,2,0,1
991,238,3,-1.801,0,0,2,0,0
992,35,15,0.141,0,0,0,0,0
993,14,30,0.388,0,0,2,0,0
994,98,3,-1.597,0,1,1,0,0
995,84,36,-1.235,0,0,3,1,0
996,49,33,-0.841,0,1,0,0,0
997,49,24,-1.707,1,1,1,0,0
998,189,12,1.18,1,1,0,1,0
999,49,9,0.821,0,0,0,1,0
1000,112,33,1.075,1,0,3,1,1
1001,35,18,0.523,0,0,0,0,0
1002,105,27,-0.992,0,0,1,1,1
1003,266,3,-0.875,0,0,2,0,0
1004,245,21,-1.494,0,0,2,1,1
1005,140,18,1.213,0,0,1,0,0
1006,175,12,-1.198,0,1,1,0,0
1007,7,6,-0.583,0,0,1,1,0
1008,217,33,1.556,0,0,1,0,0
1009,245,30,1.366,1,0,1,1,0
1010,161,33,1.282,0,0,0,1,0
1011,175,6,0.146,0,1,0,0,0
1012,126,36,0.672,1,0,2,0,0
1013,49,15,1.314,0,0,1,1,0
1014,7,33,0.581,0,0,2,0,1
1015,168,9,-0.314,1,0,2,1,0
1016,161,24,0.327,0,0,1,0,0
1017,70,21,-0.965,1,0,1,0,0
1018,133,12,0.417,0,0,1,0,0
1019,35,33,0.841,0,0,4,0,1
1020,259,21,-0.828,1,0,2,1,1
1021,77,21,0.121,0,1,3,1,0
1022,49,27,-0.722,0,0,2,1,1
1023,119,3,0.712,0,0,0,1,0
1024,77,9,0.297,0,1,0,0,0
1025,273,30,1.459,0,0,1,0,1
1026,217,12,-0.207,0,0,1,0,0
1027,112,27,0.751,1,0,1,1,1
1028,273,36,-0.533,0,0,3,1,0
1029,280,9,1.136,0,0,2,0,0
1030,273,36,1.215,0,0,1,1,0
1031,238,12,0.124,0,0,2,1,0
1032,77,6,-0.133,0,0,1,1,0
1033,168,33,1.762,0,0,0,0,0
1034,175,18,0.188,0,0,4,0,0
1035,77,21,0.908,0,0,0,0,0
1036,217,36,0.903,0,0,0,0,1
1037,35,12,-1.159,0,0,2,1,0
1038,14,12,-1.575,0,0,1,0,1
1039,168,27,0.123,1,0,0,0,0
1040,161,3,-0.712,0,0,1,1,0
1041,168,15,0.774,1,1,0,0,1
1042,175,15,-0.751,0,0,1,0,0
1043,35,24,-0.228,0,0,1,1,0
1044,161,15,-1.78,1,0,1,0,1
1045,21,12,-0.613,0,0,0,1,0
1046,217,30,0.593,1,1,1,1,0
1047,238,21,0.782,0,0,0,0,0
1048,77,36,0.238,1,0,3,0,0
1049,266,24,0.111,1,1,1,0,0
1050,189,33,-0.702,0,0,1,0,0
1051,280,21,0.121,0,0,0,0,0
1052,210,12,0.829,1,0,2,0,0
1053,105,24,0.619,0,0,1,1,1
1054,231,6,0.956,0,0,2,0,0
1055,84,36,0.197,0,0,2,0,0
1056,70,3,-0.732,1,0,1,0,1
1057,210,3,-0.28,0,0,2,0,0
1058,14,36,-0.611,0,0,0,1,1
1059,168,9,-1.03,0,0,3,0,0
1060,210,12,-0.382,0,1,0,0,1
1061,217,9,0.607,0,0,1,0,0
1062,168,21,1.23,0,0,3,1,1
1063,182,27,0.368,0,1,2,1,0
1064,168,3,0.553,1,0,0,0,1
1065,7,15,1.019,0,0,1,0,0
1066,21,30,-0.334,0,0,3,1,0
1067,168,12,1.341,0,0,1,0,0
1068,91,33,-1.675,0,0,0,1,0
1069,259,3,0.458,0,1,1,0,0
1070,84,36,0.914,1,1,0,0,1
1071,140,6,-0.772,0,0,0,0,0
1072,217,6,-3.306,0,1,1,0,0
1073,98,12,0.203,0,0,0,1,0
1074,140,3,0.321,0,1,1,1,0
1075,77,33,0.07,0,0,2,0,0
1076,133,21,-0.009,0,1,2,0,0
1077,105,36,-0.209,0,0,0,0,0
1078,259,3,-0.093,0,0,1,1,1
1079,217,36,1.431,1,0,3,0,0
1080,266,9,0.044,0,0,3,1,0
1081,217,6,0.133,0,0,2,1,0
1082,112,18,0.247,0,1,1,0,1
1083,217,33,-1.045,0,0,0,0,0
1084,35,3,1.638,1,0,1,0,1
1085,7,15,1.699,1,1,0,1,0
1086,14,12,-1.783,0,0,2,0,0
1087,210,24,0.655,1,0,0,1,0
1088,119,9,0.218,1,1,0,0,0
1089,77,15,0.208,1,0,3,0,1
1090,56,6,2.129,1,0,0,0,0
1091,35,21,-1.181,1,1,3,0,1
1092,77,36,0.085,0,0,4,0,0
1093,77,21,0.586,1,0,1,1,0
1094,49,18,0.249,1,0,1,1,0
1095,140,3,1.612,0,1,0,0,0
1096,14,3,-0.345,0,0,2,0,0
1097,175,27,2.251,0,0,1,1,0
1098,238,21,0.604,0,0,0,0,1
1099,203,36,1.573,0,1,1,1,0
1100,154,30,-1.236,0,0,0,1,0
1101,84,9,0.004,0,0,0,1,0
1102,196,33,-0.652,0,0,0,0,0
1103,112,21,-0.206,1,0,2,1,1
1104,161,6,1.853,0,1,4,0,1
1105,42,15,0.733,1,0,0,1,1
1106,161,36,-1.814,0,0,0,1,0
1107,84,30,0.335,0,0,2,0,0
1108,266,33,0.632,0,0,2,1,0
1109,175,36,1.105,1,0,2,1,0
1110,238,24,-0.903,0,0,1,0,0
1111,105,33,2.405,1,0,2,1,0
1112,84,12,-1.726,1,0,0,1,0
1113,49,21,-0.556,0,1,3,1,0
1114,56,33,-0.637,0,0,1,1,1
1115,49,12,0.016,0,1,1,0,0
1116,70,36,1.566,1,0,0,1,0
1117,42,33,-2.394,0,0,2,1,0
1118,112,36,0.9,0,0,2,0,0
1119,168,12,-0.87,0,0,0,1,0
1120,245,21,0.673,0,0,2,0,0
1121,238,15,0.22,1,0,2,1,1
1122,217,3,-0.073,0,0,2,0,1
1123,210,6,1.687,0,1,1,0,0
1124,224,21,0.179,0,0,5,1,1
1125,14,36,-0.237,0,0,1,1,0
1126,210,3,0.073,0,0,2,0,0
1127,84,36,-0.681,1,0,0,0,0
1128,245,15,-0.815,0,0,2,0,0
1129,126,21,-0.328,0,1,0,0,1
1130,140,6,1.172,0,1,1,1,0
1131,77,15,-0.765,0,0,3,1,0
1132,238,33,-0.31,0,1,2,0,0
1133,28,6,-0.308,0,0,1,0,0
1134,231,33,0.968,0,0,3,1,0
1135,245,33,-0.423,0,0,1,0,0
1136,112,18,-0.602,0,0,1,0,0
1137,147,33,-0.653,0,0,1,0,0
1138,168,18,0.051,1,0,0,1,1
1139,217,24,0.394,0,1,3,1,1
1140,7,12,0.617,1,0,1,0,0
1141,7,3,0.515,0,0,0,1,0
1142,119,6,-0.081,0,0,3,0,1
1143,140,3,-0.764,0,0,1,1,0
1144,147,24,0.895,0,0,3,1,0
1145,112,3,-1.401,0,0,1,1,1
1146,161,15,-0.72,1,0,0,1,1
1147,168,33,1.219,0,0,1,1,0
1148,84,15,1.518,0,0,2,0,0
1149,14,15,-0.512,0,0,1,1,0
1150,35,36,0.446,0,0,2,1,0
1151,259,9,0.489,0,0,0,1,0
1152,91,15,0.049,0,0,2,1,1
1153,98,3,0.354,0,0,1,1,1
1154,126,3,2.02,1,0,0,1,0
1155,203,18,2.128,0,0,2,1,1
1156,154,15,0.325,1,1,1,1,1
1157,203,15,-0.746,0,0,1,0,0
1158,140,18,-0.828,1,1,2,0,0
1159,203,30,1.274,0,1,1,1,1
1160,238,3,0.59,1,0,4,1,1
1161,84,15,-1.535,1,0,2,1,0
1162,7,30,0.955,1,0,2,1,0
1163,14,33,-0.102,0,1,0,1,0
1164,154,21,1.18,0,0,1,1,1
1165,168,33,0.574,0,0,1,0,0
1166,280,6,-0.095,0,1,3,0,0
1167,196,33,-0.318,0,0,3,0,0
1168,98,21,2.171,0,0,0,1,0
1169,245,12,-0.416,0,0,1,0,1
1170,175,3,2.098,0,0,1,0,1
1171,161,21,0.471,0,0,1,0,0
1172,7,15,-0.331,1,0,0,0,0
1173,259,30,1.833,0,1,1,0,1
1174,161,30,0.492,1,0,1,1,0
1175,259,21,0.675,0,0,1,0,1
1176,217,30,1.418,0,0,1,0,0
1177,266,9,0.114,0,0,0,0,0
1178,161,3,-0.086,0,1,3,0,0
1179,210,3,0.002,1,0,2,0,0
1180,231,9,-2.088,0,1,2,0,0
1181,56,33,-1.015,0,0,1,0,0
1182,217,24,1.15,0,0,1,1,0
1183,56,24,0.396,0,1,1,0,0
1184,266,21,0.327,1,0,2,0,0
1185,217,9,0.016,1,0,3,1,0
1186,196,15,0.67,0,0,1,0,0
1187,238,12,1.093,0,0,0,0,0
1188,203,12,0.653,0,0,4,0,0
1189,105,24,0.216,0,0,1,1,0
1190,231,3,-0.574,0,0,0,0,0
1191,210,30,-0.498,0,0,2,1,1
1192,21,6,-0.053,1,1,1,1,0
1193,161,15,2.108,0,1,0,0,0
1194,35,33,-1.429,1,0,0,0,0
1195,217,6,-0.731,1,0,2,0,0
1196,112,3,-1.096,1,0,1,0,0
1197,56,33,0.085,0,0,1,0,0
1198,203,27,-1.023,1,0,2,1,0
1199,196,36,-0.06,0,1,0,1,1
1200,189,3,-0.426,0,0,1,1,0
1201,112,33,0.479,1,0,1,1,0
1202,140,6,-0.79,0,0,3,0,0
1203,70,9,-0.153,0,1,2,0,1
1204,7,33,0.205,0,0,1,1,1
1205,161,3,1.239,1,0,2,1,0
1206,238,33,1.026,0,0,0,1,0
1207,266,24,0.492,0,0,3,1,0
1208,217,9,-0.688,0,1,0,0,0
1209,14,12,-0.538,0,0,0,1,0
1210,77,3,-0.518,1,0,0,1,0
1211,273,33,-0.918,0,0,0,0,0
1212,182,33,2.577,0,0,0,1,0
1213,98,3,-0.804,0,0,1,0,0
1214,126,24,0.229,0,0,1,0,0
1215,217,12,-1.973,0,0,0,0,1
1216,140,3,0.221,1,0,1,1,0
1217,28,3,0.436,0,1,0,1,0
1218,56,15,-0.372,0,0,3,1,0
1219,14,33,-2.037,0,0,3,1,0
1220,77,6,1.466,1,0,1,0,0
1221,266,33,-0.304,1,0,1,0,0
1222,126,33,0.723,0,0,3,0,0
1223,168,15,0.038,0,0,0,0,0
1224,126,12,1.694,0,0,1,1,0
1225,105,24,0.838,0,0,3,1,1
1226,84,3,0.515,0,0,0,0,0
1227,161,15,-1.039,0,0,1,1,0
1228,175,15,-2.076,1,0,1,1,0
1229,161,36,0.582,0,0,0,0,0
1230,21,12,-2.413,0,0,0,0,0
1231,98,21,1.073,1,0,1,0,0
1232,147,12,-0.164,0,0,2,1,1
1233,273,9,-0.787,0,0,0,1,0
1234,259,18,-0.712,1,0,0,0,0
1235,273,15,-1.111,0,0,3,1,0
1236,119,33,-0.096,0,0,1,1,0
1237,259,24,-0.113,0,0,0,0,0
1238,266,24,0.174,0,0,2,0,0
1239,168,36,1.83,0,0,0,0,0
1240,35,9,-1.776,0,0,3,0,1
1241,35,3,0.08,1,0,0,0,1
1242,168,33,-0.825,0,0,1,1,0
1243,280,33,-2.628,1,1,0,1,0
1244,147,12,-1.053,0,0,1,1,0
1245,168,12,-0.495,1,1,0,1,0
1246,161,12,0.466,0,1,1,1,0
1247,126,3,-0.64,0,0,0,0,0
1248,84,15,-0.879,0,0,2,0,1
1249,273,24,-0.073,1,0,1,0,0
1250,7,6,0.525,0,1,1,1,0
1251,224,24,-1.056,0,0,1,0,1
1252,280,21,0.703,1,0,2,1,0
1253,217,6,-2.393,1,0,1,1,0
1254,273,3,-0.141,0,0,1,1,1
1255,49,12,-0.425,0,0,2,1,0
1256,280,6,0.652,1,0,1,0,0
1257,77,30,0.822,1,0,4,1,0
1258,266,33,-0.858,1,1,0,1,0
1259,7,33,0.901,0,1,1,1,0
1260,84,33,-0.386,0,1,1,0,0
1261,273,6,-0.203,0,0,2,0,1
1262,84,6,0.963,0,0,2,0,1
1263,91,3,2.386,1,0,0,1,0
1264,119,24,-0.053,0,0,0,1,0
1265,14,30,0.689,1,0,1,1,0
1266,231,36,-0.663,1,0,1,0,1
1267,14,9,0.456,0,0,1,0,0
1268,273,12,0.745,0,1,3,0,1
1269,84,6,-0.427,0,0,3,0,1
1270,231,15,-0.689,1,0,0,0,1
1271,70,36,0.214,1,0,2,0,0
1272,63,27,0.352,0,0,2,1,0
1273,77,33,-0.524,0,0,3,1,1
1274,196,21,1.132,0,0,1,0,0
1275,98,24,-0.11,0,0,1,1,0
1276,35,33,0.853,0,0,1,1,0
1277,273,30,-0.651,0,0,2,1,1
1278,63,33,0.491,1,0,1,0,0
1279,84,18,1.26,0,1,1,0,1
1280,98,21,1.75,0,0,0,0,0
1281,112,30,-0.198,0,0,0,1,1
1282,105,18,-0.414,1,1,1,1,1
1283,35,33,1.245,0,0,1,1,1
1284,35,6,-1.088,0,0,0,0,0
1285,77,33,0.013,1,0,0,0,0
1286,196,9,-0.881,0,0,1,0,0
1287,266,3,-0.946,0,1,1,1,0
1288,126,15,2.854,1,0,1,1,0
1289,175,18,-0.504,1,0,1,0,0
1290,217,12,-0.984,1,0,1,0,0
1291,259,3,-1.543,0,0,2,1,0
1292,259,9,0.666,0,0,3,1,1
1293,91,36,-0.434,1,0,2,0,0
1294,273,27,1.203,0,0,0,1,0
1295,140,9,-0.172,0,0,1,0,0
1296,161,18,0.057,0,0,1,0,1
1297,119,15,-0.521,1,0,0,0,0
1298,238,18,-0.591,0,0,0,0,0
1299,91,12,1.269,0,0,1,1,1
1300,224,3,1.372,1,0,1,1,0
1301,56,21,-0.169,0,0,2,1,0
1302,7,27,0.697,0,0,1,1,0
1303,133,15,-0.069,0,0,3,0,0
1304,84,30,0.469,0,0,0,0,0
1305,175,12,2.087,1,0,1,0,0
1306,175,12,0.27,0,0,1,1,0
1307,77,21,0.498,0,0,2,0,0
1308,35,6,0.559,0,0,1,0,1
1309,28,12,-1.942,0,0,1,0,0
1310,252,36,0.692,1,1,1,1,0
1311,259,36,0.411,1,1,2,1,0
1312,42,6,0.929,1,0,0,1,0
1313,42,33,-1.197,1,0,3,1,0
1314,77,3,0.438,0,0,2,1,0
1315,112,33,-0.264,1,0,0,0,0
1316,217,21,0.172,0,0,4,0,0
1317,35,27,0.274,1,0,1,0,0
1318,161,21,0.251,0,1,2,0,0
1319,133,3,-0.663,1,1,0,0,0
1320,21,30,1.363,0,1,2,0,0
1321,175,9,-0.091,0,0,2,0,0
1322,126,33,-1.051,1,1,1,1,0
1323,63,24,0.181,0,0,1,1,0
1324,70,15,0.765,0,1,0,0,0
1325,119,36,0.603,1,0,3,0,0
1326,175,33,-0.753,1,0,0,1,0
1327,182,12,-0.647,1,0,0,1,0
1328,175,30,0.737,1,0,1,0,0
1329,77,3,0.081,0,0,1,1,1
1330,217,12,-0.331,0,0,3,1,0
1331,21,9,0.278,0,0,2,0,0
1332,273,15,0.992,0,0,3,1,1
1333,56,3,1.772,0,0,1,0,0
1334,70,36,0.36,0,0,0,0,0
1335,7,9,-1.064,1,0,3,0,0
1336,42,12,1.46,0,0,1,1,0
1337,224,3,-0.764,0,0,1,1,0
1338,224,24,-0.242,1,0,1,0,0
1339,210,18,-0.529,1,0,1,0,1
1340,140,18,0.063,0,0,0,1,1
1341,70,3,2.265,0,0,2,0,0
1342,56,27,2.113,0,1,1,1,0
1343,112,12,-0.815,0,0,2,1,1
1344,21,3,-1.043,1,0,3,0,0
1345,273,18,0.548,1,0,1,0,0
1346,28,15,-0.39,0,0,1,0,0
1347,154,3,0.971,1,0,0,1,0
1348,238,3,0.352,0,1,3,0,1
1349,77,18,-1.378,0,0,2,0,0
1350,154,24,-0.182,0,0,0,1,0
1351,84,24,-0.688,1,0,4,0,1
1352,175,12,-0.186,0,0,2,1,0
1353,77,12,-0.159,0,0,3,0,0
1354,154,9,-1.189,1,1,1,0,0
1355,70,27,-1.069,0,0,2,1,0
1356,259,30,1.793,0,0,1,0,0
1357,280,6,0.56,0,0,4,0,1
1358,175,3,-1.599,1,0,0,1,1
1359,42,21,-1.611,0,0,0,1,0
1360,21,21,1.036,0,0,2,1,0
1361,161,12,-1.564,0,0,1,0,1
1362,161,36,-0.819,0,0,0,0,0
1363,273,9,0.154,0,1,3,0,0
1364,35,18,-2.404,0,0,1,1,0
1365,98,12,0.347,0,0,1,0,0
1366,210,18,-0.567,0,0,0,0,0
1367,35,33,0.23,0,0,1,0,0
1368,280,15,1.83,0,0,1,0,0
1369,77,27,-0.985,0,0,2,0,0
1370,7,9,1.079,1,0,0,1,1
1371,63,3,0.122,0,0,1,1,0
1372,35,12,-0.076,0,0,1,0,0
1373,105,30,0.756,0,0,0,0,0
1374,133,9,-1.526,0,0,1,0,0
1375,168,3,-1.094,0,1,0,1,0
1376,154,27,-0.591,0,0,3,0,0
1377,203,30,-0.268,0,0,1,1,0
1378,245,9,-0.67,0,0,0,0,0
1379,266,24,-1.406,0,1,0,0,0
1380,70,12,0.475,1,0,0,0,0
1381,266,3,-1.052,1,0,2,0,0
1382,154,9,0.128,0,0,0,0,0
1383,154,12,-0.423,1,0,2,0,1
1384,189,33,0.63,0,0,0,1,0
1385,168,12,1.624,0,0,4,1,0
1386,140,12,-0.115,1,0,0,0,0
1387,245,21,0.153,0,0,1,1,0
1388,77,3,0.72,0,0,2,0,1
1389,35,15,0.884,1,0,0,1,1
1390,203,6,-0.331,0,0,1,1,0
1391,14,6,-0.032,1,0,1,1,0
1392,280,9,-0.274,0,0,1,1,0
1393,259,6,1.882,1,0,2,1,1
1394,77,3,1.025,0,0,2,0,0
1395,49,15,-0.339,0,0,2,1,0
1396,112,18,1.688,0,0,1,1,0
1397,273,15,-0.521,1,0,2,0,1
1398,35,9,0.866,0,0,1,0,0
1399,126,33,0.217,0,0,1,1,0
1400,49,30,0.229,1,0,2,1,0
1401,35,27,0.592,0,0,0,1,0
1402,7,3,0.235,1,0,5,1,0
1403,245,9,0.483,1,0,2,1,0
1404,161,30,0.0,1,0,1,0,1
1405,70,36,-0.186,0,0,2,0,0
1406,203,27,-0.005,0,0,0,0,0
1407,168,24,-0.617,0,0,2,1,1
1408,168,12,-2.248,0,0,1,0,0
1409,217,27,-1.081,0,0,1,1,0
1410,98,21,0.278,0,0,3,0,0
1411,84,27,-0.549,0,0,1,0,0
1412,203,33,-0.176,0,0,0,0,0
1413,42,6,1.075,1,0,0,1,0
1414,56,3,-0.483,0,0,3,0,0
1415,168,18,1.094,1,1,1,0,0
1416,7,36,-1.676,0,0,1,0,0
1417,175,15,-0.951,0,0,0,0,0
1418,84,33,0.016,0,0,0,1,0
1419,56,18,0.724,0,0,2,0,0
1420,217,9,-0.398,0,1,0,1,0
1421,245,21,-0.158,0,0,0,1,0
1422,7,30,-1.891,1,0,1,1,0
1423,168,15,0.29,0,0,1,0,0
1424,266,18,0.247,0,0,0,0,0
1425,259,15,-0.494,1,0,0,1,0
1426,49,3,0.433,0,0,1,1,0
1427,210,3,0.331,0,0,3,1,0
1428,84,15,0.808,1,0,0,0,1
1429,49,18,0.456,0,0,2,0,0
1430,161,9,1.791,1,0,0,0,0
1431,112,24,2.518,1,0,0,1,1
1432,266,12,-1.768,0,0,1,0,1
1433,245,36,1.848,0,0,3,0,0
1434,7,24,0.557,1,0,4,0,0
1435,266,33,-2.759,0,0,3,0,0
1436,161,3,-0.167,0,1,1,1,0
1437,161,18,-1.986,0,0,1,1,0
1438,161,3,-0.558,0,0,0,1,0
1439,245,18,0.678,1,0,4,0,0
1440,49,9,-1.353,0,0,2,0,0
1441,7,3,-2.289,0,0,2,0,1
1442,154,18,1.199,0,0,1,1,0
1443,70,3,-0.757,1,0,1,1,0
1444,273,33,0.18,1,0,2,1,0
1445,210,6,0.054,0,1,0,0,0
1446,189,18,-2.272,0,0,1,0,0
1447,140,3,0.47,0,0,1,1,0
1448,42,24,-1.143,1,0,0,0,0
1449,210,3,-1.357,1,0,2,1,0
1450,266,24,-0.91,0,0,1,0,0
1451,77,6,0.233,0,0,0,0,0
1452,273,3,2.493,1,0,2,0,0
1453,189,18,0.762,0,1,1,1,1
1454,14,21,-0.718,0,0,0,0,0
1455,175,18,0.569,0,0,2,0,0
1456,175,18,1.022,0,0,3,1,0
1457,77,3,-1.625,0,1,0,1,0
1458,175,15,0.124,0,0,2,0,1
1459,217,6,0.304,0,0,1,0,0
1460,217,21,-0.328,0,0,2,1,0
1461,105,21,1.786,0,0,1,0,0
1462,84,18,-1.48,1,0,0,0,0
1463,217,15,0.097,0,0,1,1,0
1464,182,3,0.688,0,0,4,0,1
1465,140,33,0.484,0,0,2,1,0
1466,217,3,-0.0,1,0,2,1,0
1467,7,9,-3.169,0,0,0,1,0
1468,84,21,-1.051,1,0,1,0,1
1469,196,30,-0.741,0,0,0,0,1
1470,273,6,0.427,0,0,3,0,1
1471,203,15,-0.717,1,0,2,0,0
1472,77,36,0.529,0,0,0,1,0
1473,203,12,-0.719,0,0,0,0,0
1474,105,24,0.576,0,0,0,0,0
1475,280,9,1.464,1,0,1,0,0
1476,259,6,-0.356,0,0,1,0,0
1477,140,33,-1.06,0,0,1,0,0
1478,238,15,-0.105,1,0,1,1,0
1479,280,18,1.213,1,0,0,1,0
1480,161,3,1.468,0,0,0,1,1
1481,161,24,-1.18,1,0,0,1,0
1482,91,27,-0.366,0,1,3,0,0
1483,161,12,-0.884,1,1,1,1,1
1484,84,3,0.573,0,0,1,0,0
1485,147,21,0.426,0,0,2,1,0
1486,175,33,-0.514,0,0,2,0,0
1487,63,36,0.772,0,0,3,0,0
1488,7,12,0.832,1,0,0,0,1
1489,175,27,1.305,0,0,2,1,1
1490,238,33,0.303,0,0,0,1,0
1491,273,6,-0.374,0,0,2,0,0
1492,126,36,0.44,0,0,2,0,1
1493,203,21,-0.236,0,0,1,0,0
1494,126,12,0.692,1,0,2,1,0
1495,154,21,0.531,0,0,1,1,0
1496,77,24,0.869,0,1,3,1,1
1497,112,6,-0.417,1,1,3,1,0
1498,161,18,0.791,0,0,1,1,0
1499,210,6,-0.788,0,1,0,1,0
1500,259,21,-0.21,0,0,2,1,1
1501,49,30,0.209,0,0,0,1,0
1502,175,15,0.009,0,0,1,1,1
1503,175,3,0.955,1,1,2,1,1
1504,175,6,0.44,1,0,0,0,0
1505,49,15,-2.169,1,0,1,0,0
1506,14,12,-0.041,0,0,0,0,0
1507,259,33,-0.406,0,0,3,1,0
1508,161,24,1.253,0,1,1,1,0
1509,259,30,-2.215,1,0,3,0,1
1510,238,21,0.281,1,1,1,1,1
1511,140,9,0.016,1,0,4,1,0
1512,266,21,0.521,0,0,0,1,0
1513,126,24,-0.874,0,0,3,1,0
1514,203,15,-0.229,0,0,2,1,0
1515,14,36,1.072,0,1,0,1,0
1516,266,18,-0.858,0,0,2,0,0
1517,189,9,-0.934,1,1,3,1,0
1518,14,24,0.387,1,0,3,0,1
1519,133,12,0.143,1,0,2,1,0
1520,217,12,-0.377,0,1,0,0,1
1521,273,30,-1.623,0,0,2,0,1
1522,35,21,0.688,0,0,2,0,1
1523,259,3,-0.875,1,0,2,1,0
1524,168,9,0.387,1,0,1,1,0
1525,42,6,0.443,0,0,0,0,1
1526,245,24,-0.244,0,0,2,0,0
1527,84,24,-0.227,0,1,0,0,0
1528,35,3,-0.853,1,0,0,0,1
1529,266,3,0.225,1,0,1,1,0
1530,42,18,0.161,0,0,2,0,1
1531,210,33,-2.345,0,0,0,0,0
1532,84,30,0.53,0,1,3,1,1
1533,189,12,-1.146,0,0,2,0,1
1534,154,33,1.116,1,0,0,0,1
1535,98,12,-1.296,0,0,0,0,0
1536,70,36,1.151,0,0,0,1,0
1537,112,9,-0.443,0,0,1,0,0
1538,203,12,-1.472,1,0,2,1,0
1539,77,18,-1.002,0,0,1,1,0
1540,7,6,1.684,0,0,1,0,0
1541,203,18,-3.086,0,0,0,0,0
1542,14,9,-1.875,1,0,0,1,0
1543,161,30,0.211,1,0,1,1,0
1544,112,9,0.303,1,1,1,1,0
1545,105,18,0.255,0,1,1,1,0
1546,154,18,-0.194,0,0,0,1,0
1547,91,33,1.426,0,1,0,1,1
1548,7,3,-0.533,0,0,0,0,0
1549,259,30,-1.073,1,0,1,1,1
1550,161,3,0.662,0,1,1,1,0
1551,126,9,-1.15,1,1,1,1,0
1552,35,18,-0.966,0,1,1,0,0
1553,168,33,-0.125,1,0,0,1,0
1554,56,12,-0.388,0,0,2,0,0
1555,98,12,-0.095,0,0,2,0,0
1556,14,30,0.061,0,0,1,0,0
1557,56,9,-1.704,0,0,0,1,0
1558,77,12,-0.98,1,0,2,0,0
1559,203,21,-3.016,0,0,1,0,0
1560,49,36,0.254,0,0,0,0,0
1561,245,9,-2.395,0,1,2,1,1
1562,259,3,0.845,0,0,2,0,1
1563,259,33,0.766,0,0,3,0,0
1564,84,36,1.038,1,0,1,1,1
1565,273,18,1.459,0,1,1,1,1
1566,140,21,0.26,0,0,2,0,0
1567,182,21,-0.217,1,0,0,1,0
1568,217,12,1.398,0,0,0,1,0
1569,154,15,-0.432,0,0,1,0,0
1570,259,30,-0.933,0,0,3,0,0
1571,35,12,-0.323,0,1,1,1,0
1572,238,33,0.504,0,0,1,1,1
1573,266,3,-1.43,0,0,0,1,0
1574,161,3,-0.427,0,1,0,0,1
1575,77,21,-0.359,0,0,0,0,0
1576,273,12,-1.372,0,0,1,0,0
1577,7,18,-0.556,0,0,1,0,1
1578,245,15,1.425,0,0,2,0,0
1579,7,36,0.35,0,1,0,1,0
1580,266,12,1.222,0,0,0,1,0
1581,77,9,1.316,0,1,2,0,1
1582,161,21,0.668,1,0,1,1,0
1583,259,9,-0.631,0,0,1,1,0
1584,273,3,-0.028,1,0,1,0,1
1585,112,33,2.193,1,0,1,1,0
1586,98,27,-0.923,0,0,1,0,0
1587,105,3,0.336,0,0,1,1,0
1588,84,36,-0.379,0,0,1,1,0
1589,21,6,-1.201,0,0,2,1,0
1590,217,18,0.49,0,0,3,0,0
1591,238,3,-1.663,0,1,2,1,0
1592,112,12,-0.66,0,0,0,1,0
1593,203,33,2.007,1,0,1,0,0
1594,217,21,0.19,1,0,0,0,0
1595,21,33,0.142,0,0,0,0,0
1596,154,33,-0.644,0,1,0,0,1
1597,7,21,0.886,0,0,1,0,0
1598,77,12,-0.803,0,0,2,0,0
1599,259,24,-0.031,0,0,2,1,1
1600,210,15,0.458,1,0,2,1,0
1601,189,36,2.064,0,1,3,0,0
1602,168,21,0.542,1,0,2,0,1
1603,77,24,0.123,0,1,0,0,0
1604,56,12,-0.182,1,0,2,1,1
1605,161,30,-0.903,0,1,1,1,1
1606,273,3,1.282,1,1,3,0,1
1607,238,33,-0.581,0,0,1,1,1
1608,63,33,0.087,0,0,0,1,1
1609,266,24,-2.223,0,0,3,1,0
1610,175,3,1.556,1,0,1,0,0
1611,98,15,0.047,1,0,0,0,0
1612,189,36,0.58,0,0,2,1,0
1613,49,3,0.873,0,0,1,0,1
1614,161,15,0.249,0,0,2,1,1
1615,259,6,0.191,1,1,3,1,1
1616,273,30,-1.258,1,0,2,0,0
1617,56,9,0.186,0,0,1,1,0
1618,196,18,0.247,1,0,1,0,0
1619,14,6,1.226,0,0,2,0,1
1620,259,27,-0.402,0,0,1,0,0
1621,259,3,-1.426,1,0,1,0,0
1622,189,33,-0.596,0,1,2,0,0
1623,273,30,-0.437,0,0,0,0,0
1624,35,21,1.32,0,0,2,0,0
1625,7,6,-0.536,0,1,1,1,1
1626,126,6,1.715,0,0,1,0,1
1627,21,30,0.991,0,0,2,1,1
1628,7,18,-1.018,0,0,0,1,0
1629,49,33,0.165,1,0,0,1,0
1630,77,12,-0.271,0,0,1,0,0
1631,35,9,-0.789,1,0,1,0,1
1632,168,21,-0.443,0,0,2,0,0
1633,56,18,-1.255,1,0,2,1,0
1634,154,21,-0.912,0,1,0,0,1
1635,273,33,-0.65,0,1,2,0,1
1636,266,18,-0.141,1,0,1,0,0
1637,105,12,1.13,1,0,2,0,0
1638,168,3,-0.842,0,0,0,0,0
1639,168,30,-0.205,0,0,0,1,0
1640,63,21,0.49,0,0,0,1,0
1641,259,6,-1.038,0,0,0,1,1
1642,217,3,-0.327,0,0,1,1,1
1643,168,36,0.376,0,0,1,0,0
1644,77,12,-1.47,0,0,0,0,0
1645,161,21,-0.645,0,0,1,0,0
1646,140,21,0.171,0,0,1,0,0
1647,266,3,0.334,1,1,3,1,0
1648,84,3,0.156,0,1,0,0,0
1649,56,33,-1.489,0,0,1,0,0
1650,259,21,0.976,0,0,1,1,1
1651,259,15,-0.63,0,0,0,0,0
1652,7,36,0.594,0,0,0,0,1
1653,245,27,1.568,0,0,2,0,1
1654,77,18,-0.015,0,0,0,1,1
1655,259,6,-0.492,0,1,2,1,0
1656,266,12,-0.317,1,0,3,1,1
1657,49,30,0.69,0,0,3,0,0
1658,14,9,1.062,0,0,0,1,0
1659,49,9,-0.951,0,0,1,1,0
1660,273,36,0.149,0,0,4,1,1
1661,63,3,-1.218,0,0,2,0,0
1662,259,33,-0.949,0,0,1,0,1
1663,126,18,-1.45,1,0,2,0,0
1664,210,18,0.929,0,0,2,0,0
1665,28,33,-0.657,0,1,2,1,0
1666,77,3,0.793,0,0,2,0,0
1667,175,12,-0.218,0,1,0,1,0
1668,217,21,0.02,0,0,0,0,1
1669,35,6,-0.402,0,1,3,1,1
1670,168,6,-0.842,1,0,1,1,0
1671,161,24,0.251,1,0,1,0,0
1672,133,36,2.031,0,0,4,0,0
1673,245,18,0.62,0,0,1,1,0
1674,28,33,0.739,1,0,0,1,0
1675,175,33,-0.315,0,1,0,1,0
1676,49,9,0.019,1,0,1,1,0
1677,77,6,0.04,0,0,1,1,0
1678,196,3,-0.374,0,0,4,0,1
1679,217,30,0.551,0,0,3,0,1
1680,189,12,-2.252,0,0,1,0,1
1681,252,15,-0.911,0,0,4,0,1
1682,175,21,0.041,0,0,1,0,0
1683,140,36,-0.361,0,0,0,1,0
1684,210,33,-0.142,0,0,1,0,0
1685,196,33,-0.629,0,0,2,0,0
1686,63,3,1.047,1,0,0,0,1
1687,224,9,-1.861,0,0,2,0,0
1688,168,3,-0.311,0,0,1,1,0
1689,217,24,1.244,0,1,1,1,0
1690,203,12,1.362,0,0,2,0,0
1691,217,33,0.198,0,0,2,0,0
1692,56,6,1.097,0,0,1,1,0
1693,175,33,-1.419,0,1,3,0,0
1694,238,30,-0.117,1,0,2,0,0
1695,77,21,0.916,0,1,0,0,0
1696,35,21,-0.973,0,0,3,1,0
1697,259,21,1.042,1,1,2,1,1
1698,175,3,1.06,0,1,0,1,0
1699,14,30,0.964,0,1,1,0,0
1700,77,27,-1.416,0,0,0,0,0
1701,140,3,0.079,0,0,1,0,0
1702,154,9,0.445,0,1,1,1,0
1703,77,9,0.199,0,0,1,0,1
1704,161,9,0.251,0,0,0,0,0
1705,77,9,-0.335,1,0,0,0,0
1706,77,33,2.067,1,0,2,1,0
1707,84,30,-0.752,0,0,2,0,0
1708,175,6,0.395,1,1,3,1,1
1709,49,12,0.114,0,0,3,1,1
1710,266,24,-1.385,0,0,1,0,0
1711,238,33,2.301,1,0,0,0,1
1712,126,3,-0.633,1,0,1,0,0
1713,112,33,1.397,0,0,1,0,0
1714,203,21,1.143,1,1,2,1,1
1715,35,9,1.888,0,0,1,0,0
1716,217,15,-0.081,1,0,0,0,0
1717,217,30,0.161,0,0,2,1,0
1718,105,33,-0.83,0,1,2,0,0
1719,259,30,-0.336,1,0,1,1,1
1720,203,18,-1.766,0,0,2,0,0
1721,7,33,1.344,0,0,0,1,0
1722,210,18,0.374,0,0,2,0,0
1723,77,33,-0.403,1,0,1,0,0
1724,77,30,-0.724,0,0,2,1,1
1725,175,3,0.548,1,0,1,0,0
1726,259,15,1.121,0,0,1,0,0
1727,168,27,1.97,1,1,1,0,0
1728,266,33,-0.804,0,1,0,1,0
1729,217,33,-1.116,1,0,1,0,0
1730,77,30,2.253,1,0,1,0,1
1731,133,6,-0.538,0,0,0,0,0
1732,91,21,1.291,0,0,0,0,0
1733,196,27,1.662,0,0,0,0,0
1734,7,36,-1.296,1,0,0,1,1
1735,259,3,1.352,0,0,2,1,1
1736,161,30,-0.956,0,0,1,1,0
1737,259,6,0.471,1,0,2,1,0
1738,70,33,1.621,0,0,0,1,0
1739,35,21,0.334,1,1,0,1,1
1740,56,12,0.858,0,0,3,0,1
1741,112,9,0.398,0,0,5,1,0
1742,168,15,0.508,0,1,3,1,0
1743,56,18,-0.74,0,0,1,1,1
1744,140,24,1.111,1,0,0,1,0
1745,98,6,-1.282,0,0,4,0,1
1746,7,18,-0.705,0,0,1,1,0
1747,259,27,0.231,0,0,0,0,0
1748,77,30,1.494,0,0,1,1,0
1749,35,18,-0.759,1,0,2,1,0
1750,112,12,1.422,0,0,1,1,1
1751,210,33,0.042,1,0,0,0,0
1752,140,18,0.477,1,0,2,1,0
1753,7,9,-1.512,0,0,1,0,0
1754,161,33,-0.461,0,0,0,1,0
1755,168,21,0.731,0,0,1,0,1
1756,56,3,-0.215,1,0,7,0,0
1757,7,24,-0.766,0,0,2,1,1
1758,77,30,1.372,1,0,1,0,0
1759,245,27,-1.529,0,0,1,0,0
1760,189,3,-0.58,1,0,0,1,0
1761,210,18,0.253,0,0,0,1,0
1762,21,15,-0.781,1,0,2,1,0
1763,7,18,0.064,1,0,0,1,0
1764,56,24,-0.469,1,0,2,1,0
1765,84,15,0.044,0,1,2,1,1
1766,203,24,1.563,0,0,1,0,0
1767,168,24,1.197,0,0,1,0,0
1768,196,24,0.836,0,1,1,1,1
1769,168,18,-2.422,0,0,3,1,0
1770,7,9,0.07,1,0,3,1,0
1771,259,9,1.352,0,0,2,0,1
1772,42,9,-0.422,0,0,1,1,0
1773,77,9,1.393,0,0,2,0,0
1774,259,12,0.347,0,0,2,0,0
1775,63,3,-1.04,0,0,1,1,0
1776,42,12,0.135,0,0,3,1,1
1777,21,36,0.268,0,0,1,0,1
1778,7,24,0.095,1,0,3,0,1
1779,84,9,1.145,0,0,1,1,0
1780,154,15,0.521,0,0,1,0,0
1781,266,15,0.964,1,0,0,0,0
1782,280,33,0.639,1,0,1,1,0
1783,245,9,1.308,0,0,1,1,0
1784,231,9,-0.156,0,1,1,0,0
1785,203,18,0.616,0,0,1,1,0
1786,245,15,0.428,0,0,0,0,1
1787,168,24,-1.16,0,0,1,1,0
1788,182,3,-2.159,0,0,2,1,0
1789,175,27,1.567,1,0,2,0,1
1790,49,36,-1.868,0,0,2,0,1
1791,217,6,-1.552,1,0,1,0,0
1792,280,3,-0.379,0,1,0,1,0
1793,126,36,-0.14,0,0,3,0,0
1794,56,21,1.662,1,1,0,0,1
1795,238,3,-2.478,0,0,1,0,0
1796,105,6,0.003,0,0,2,0,0
1797,154,36,-0.492,0,1,2,1,0
1798,189,15,-0.385,0,0,2,1,0
1799,35,12,-0.422,0,0,0,0,1
1800,245,9,0.182,1,0,2,1,1
1801,126,36,-1.14,0,0,0,0,0
1802,77,3,0.31,0,0,2,0,0
1803,126,12,-0.865,0,0,1,1,0
1804,112,9,0.057,0,0,1,1,0
1805,182,9,0.647,0,0,1,0,0
1806,161,3,-0.899,1,0,1,0,1
1807,49,12,-2.247,0,0,1,1,0
1808,175,18,1.093,0,0,2,1,0
1809,77,24,-0.246,0,0,1,0,0
1810,280,36,-0.099,0,0,2,0,1
1811,56,30,2.297,1,1,0,0,1
1812,217,9,1.123,1,0,1,0,0
1813,189,18,-0.931,1,0,0,1,0
1814,70,21,0.57,0,1,1,0,1
1815,259,15,1.035,0,0,1,1,0
1816,280,33,-0.67,0,1,2,0,0
1817,105,12,1.805,0,0,2,0,1
1818,154,24,0.643,0,0,1,1,0
1819,266,18,-0.634,1,0,2,1,0
1820,49,12,1.531,0,0,1,0,0
1821,49,18,-1.267,1,0,2,1,1
1822,112,18,-0.146,0,1,1,0,0
1823,280,27,-1.455,0,1,6,1,1
1824,126,15,-0.036,1,0,1,1,0
1825,84,6,-2.052,0,0,2,0,0
1826,245,30,0.138,0,0,2,1,0
1827,14,30,0.623,0,0,0,1,0
1828,112,12,0.731,0,1,1,0,1
1829,84,24,-2.108,0,0,0,0,0
1830,133,15,1.592,0,0,1,1,0
1831,203,12,-0.737,1,0,2,1,0
1832,105,9,0.778,0,0,3,0,1
1833,7,9,-1.037,1,1,0,1,0
1834,63,3,2.254,0,0,0,0,0
1835,49,15,-0.573,0,1,0,0,1
1836,42,18,0.803,1,0,2,1,0
1837,168,30,0.117,0,1,1,0,0
1838,203,30,-0.014,0,1,0,1,0
1839,168,33,-0.059,0,0,1,1,0
1840,49,15,0.144,1,1,1,1,0
1841,203,3,-0.57,1,0,1,0,1
1842,119,15,-0.433,0,0,2,1,0
1843,14,21,-0.415,0,0,0,1,0
1844,280,18,-1.151,1,0,1,0,0
1845,210,18,-0.454,0,0,0,0,0
1846,231,27,0.069,0,1,1,0,0
1847,112,9,0.256,1,0,1,1,1
1848,91,12,0.35,0,0,1,1,0
1849,252,24,-0.099,0,0,3,0,1
1850,168,24,0.707,0,1,0,0,0
1851,154,9,0.475,0,0,1,1,0
1852,70,30,0.866,1,0,1,1,0
1853,56,36,0.492,0,0,1,0,0
1854,28,18,0.318,0,0,1,0,0
1855,189,33,-0.008,0,0,3,1,1
1856,203,3,0.22,1,0,2,1,0
1857,168,18,-0.837,1,1,0,0,0
1858,168,33,-0.354,0,0,0,0,0
1859,119,3,-0.838,0,0,1,0,0
1860,91,18,-0.454,0,0,0,0,0
1861,238,9,-0.948,0,1,0,0,0
1862,217,15,-1.086,0,0,1,0,0
1863,21,30,-0.088,1,0,1,0,0
1864,105,21,0.26,0,0,1,1,0
1865,231,12,-0.113,0,0,1,1,0
1866,266,6,-1.301,1,0,1,1,0
1867,126,15,0.853,0,0,0,1,0
1868,7,24,0.059,0,0,1,0,1
1869,42,12,-3.015,0,1,0,0,0
1870,7,30,2.305,0,0,0,1,0
1871,182,33,1.503,0,0,1,1,0
1872,77,33,1.237,0,0,1,1,0
1873,14,36,-1.053,1,0,1,0,0
1874,119,36,0.624,0,0,0,0,0
1875,49,12,0.384,0,0,1,0,0
1876,49,21,-1.245,1,0,0,0,0
1877,168,12,1.887,0,0,3,1,0
1878,273,33,-0.956,1,0,2,0,0
1879,56,12,1.181,0,0,0,1,1
1880,14,3,-0.525,1,0,0,1,0
1881,14,18,-0.373,0,0,2,1,0
1882,49,12,-1.563,0,0,1,1,0
1883,273,15,-0.294,0,1,3,1,0
1884,217,6,1.558,0,1,3,0,0
1885,77,9,-1.087,1,0,0,0,0
1886,7,30,-1.208,0,0,1,0,0
1887,14,3,-0.539,1,0,1,0,0
1888,49,12,0.412,0,0,1,1,0
1889,21,24,-1.227,0,0,3,0,0
1890,84,36,0.155,0,0,2,0,0
1891,119,6,0.765,0,0,0,0,0
1892,49,9,-0.671,0,0,1,0,0
1893,56,6,-0.659,1,1,1,1,1
1894,161,33,-0.506,0,1,1,0,0
1895,112,9,0.464,1,1,2,1,1
1896,259,24,-0.21,0,1,0,1,0
1897,112,36,-0.898,0,0,3,0,0
1898,217,6,-0.757,0,0,0,1,1
1899,238,6,1.465,1,1,1,0,1
1900,210,6,1.314,0,1,1,1,0
1901,21,21,-0.353,0,0,2,0,0
1902,259,9,2.581,1,0,1,1,1
1903,35,3,1.009,1,0,0,0,0
1904,133,18,0.166,1,0,1,1,1
1905,42,33,1.247,0,1,1,0,1
1906,189,24,1.252,0,0,0,1,0
1907,49,21,1.167,1,0,1,0,1
1908,126,12,0.378,0,0,2,0,0
1909,175,15,0.681,1,0,4,1,0
1910,266,15,0.037,0,0,0,1,0
1911,77,15,1.171,0,0,0,0,1
1912,203,24,0.393,1,0,2,1,1
1913,84,30,0.274,1,0,0,0,0
1914,280,24,0.825,0,0,1,1,0
1915,210,27,-0.199,0,0,1,1,1
1916,154,6,-0.831,0,1,3,0,0
1917,98,33,1.02,0,0,1,1,0
1918,175,33,0.18,0,0,2,0,0
1919,7,27,-0.59,0,0,1,0,0
1920,273,6,-0.231,0,1,1,1,1
1921,203,30,-0.246,1,1,2,0,0
1922,217,9,-0.205,1,0,1,0,0
1923,154,24,-0.751,0,0,2,1,1
1924,273,3,0.545,0,0,1,1,1
1925,7,6,1.647,0,0,1,1,0
1926,266,21,-0.76,0,0,1,0,0
1927,84,21,0.009,0,0,4,1,1
1928,70,33,1.299,0,0,4,1,0
1929,119,30,-0.992,0,0,1,1,0
1930,245,9,1.531,0,0,1,1,0
1931,210,30,-1.156,0,0,0,0,0
1932,161,12,-0.216,0,0,1,1,0
1933,126,36,0.292,0,0,4,1,1
1934,217,33,-0.635,0,0,1,0,0
1935,7,36,-0.22,0,0,0,1,0
1936,238,12,0.745,0,0,2,1,1
1937,112,24,0.004,0,0,2,0,0
1938,105,27,0.1,1,0,1,1,1
1939,168,9,0.646,1,0,2,1,0
1940,77,15,-2.724,1,1,4,0,0
1941,49,36,0.675,1,0,2,0,0
1942,77,12,-0.174,0,0,1,0,1
1943,280,15,1.258,1,0,0,1,0
1944,133,30,-0.063,1,0,1,0,0
1945,21,21,0.495,1,1,0,1,1
1946,14,18,-2.355,1,1,0,0,0
1947,42,30,-0.495,0,0,0,0,0
1948,210,18,-0.612,0,0,3,0,0
1949,14,3,0.175,0,0,0,0,0
1950,280,33,0.218,0,0,1,0,1
1951,168,12,-0.158,1,0,2,0,0
1952,273,3,-0.521,0,1,1,0,0
1953,224,18,0.535,1,0,2,1,0
1954,168,12,0.079,0,0,2,0,0
1955,175,9,0.242,1,1,1,1,0
1956,175,9,-0.073,0,0,2,1,0
1957,42,24,1.216,0,0,0,1,0
1958,70,18,0.535,0,1,0,0,0
1959,21,12,0.029,0,0,3,0,0
1960,259,36,3.171,0,0,0,1,0
1961,245,21,0.168,0,0,1,1,0
1962,245,9,0.249,1,1,3,1,0
1963,273,24,-0.255,0,0,0,1,0
1964,168,6,-0.749,0,0,2,1,1
1965,14,18,-2.449,0,0,1,1,0
1966,252,12,0.25,0,0,2,0,1
1967,49,27,-0.279,1,0,1,1,0
1968,7,24,-1.308,0,0,1,0,0
1969,77,3,0.811,0,0,1,1,0
1970,77,24,0.435,0,0,2,0,0
1971,70,33,-0.031,1,0,1,0,0
1972,42,18,-0.142,1,0,1,0,1
1973,273,12,0.59,1,1,0,0,1
1974,161,18,0.291,0,0,2,1,1
1975,175,30,1.346,0,0,1,1,0
1976,266,36,-1.376,0,0,1,1,0
1977,266,30,0.759,0,0,1,0,0
1978,259,6,-1.519,1,0,3,0,0
1979,273,21,1.458,0,0,2,0,0
1980,56,24,-0.259,0,0,1,1,0
1981,168,33,-1.411,1,1,2,1,0
1982,84,9,-0.908,0,0,0,0,0
1983,70,3,-1.193,1,0,1,1,0
1984,49,15,-0.821,1,0,1,0,0
1985,168,33,-1.479,1,0,0,1,1
1986,203,36,2.084,1,0,5,1,1
1987,77,30,0.657,0,0,3,0,0
1988,259,36,0.16,1,0,0,0,1
1989,161,12,1.397,0,0,1,1,1
1990,245,18,1.091,1,0,2,0,0
1991,189,33,0.185,1,0,3,1,0
1992,7,36,0.609,0,0,2,0,0
1993,217,18,1.166,0,0,1,1,0
1994,266,3,0.283,0,1,2,0,0
1995,189,18,0.161,1,0,0,0,0
1996,56,15,-2.427,1,0,0,0,0
1997,259,30,-0.826,0,0,2,0,0
1998,273,33,-0.572,0,0,0,1,0
1999,210,24,0.592,1,0,0,1,0
2000,56,15,-0.127,0,0,1,1,0
2001,189,12,-0.068,0,0,2,1,0
2002,196,3,0.32,0,0,0,1,0
2003,119,12,0.492,0,0,1,1,0
2004,196,18,-0.243,0,0,2,0,0
2005,70,33,-0.175,0,0,1,1,0
2006,273,15,-0.461,0,0,1,0,0
2007,273,15,-0.094,0,0,1,1,0
2008,238,12,0.45,0,1,1,0,1
2009,168,9,-2.373,0,0,3,0,0
2010,203,15,1.674,1,0,2,1,1
2011,259,33,-0.291,0,0,2,0,1
2012,133,30,1.79,1,0,2,0,0
2013,196,6,-0.134,0,0,6,1,1
2014,280,30,-0.924,0,0,1,1,0
2015,266,12,0.229,0,0,1,1,0
2016,266,15,0.989,0,0,0,1,0
2017,168,21,0.97,0,0,1,0,1
2018,196,9,0.814,0,0,0,0,1
2019,126,9,0.384,0,1,3,1,0
2020,210,21,0.727,0,0,1,1,1
2021,231,3,0.88,0,1,0,1,1
2022,259,12,-0.77,1,0,3,1,0
2023,175,24,2.223,1,0,0,0,0
2024,49,3,0.995,0,1,1,1,0
2025,280,36,0.134,0,0,3,1,0
2026,238,36,1.323,0,0,2,1,0
2027,7,3,-0.238,0,0,0,1,1
2028,168,36,1.304,0,0,1,1,0
2029,161,18,-0.472,1,1,1,1,0
2030,203,6,0.185,0,0,2,1,0
2031,217,36,-0.692,0,0,0,0,1
2032,77,3,-0.372,1,0,1,0,0
2033,161,21,2.382,0,0,1,0,0
2034,280,9,-0.282,0,1,2,0,0
2035,196,21,-0.154,0,1,4,0,1
2036,77,30,0.278,1,0,2,1,0
2037,259,27,-0.081,0,0,1,1,1
2038,196,15,-0.394,1,0,4,1,0
2039,49,15,-0.063,1,0,0,0,1
2040,7,33,-0.249,0,0,3,0,0
2041,112,6,-0.263,1,1,2,0,0
2042,189,9,0.262,0,1,2,0,1
2043,238,21,-0.06,0,0,0,0,1
2044,245,18,0.624,0,1,1,0,0
2045,7,18,-0.876,0,0,3,1,1
2046,49,15,1.349,0,0,2,0,1
2047,259,6,0.836,0,1,1,0,0
2048,168,9,-0.032,0,1,2,1,0
2049,77,15,-0.885,0,1,2,0,0
2050,126,33,-1.218,0,0,1,1,0
2051,42,6,0.428,0,0,2,1,1
2052,238,6,0.935,1,0,0,1,1
2053,161,6,-0.338,0,1,1,1,1
2054,147,33,0.27,0,0,0,0,0
2055,77,24,0.643,0,0,1,1,0
2056,140,3,1.497,1,0,2,1,0
2057,133,21,-0.199,0,0,2,1,1
2058,161,18,-1.895,0,0,0,1,0
2059,126,30,0.314,1,1,1,1,0
2060,14,18,0.029,0,0,1,0,0
2061,175,12,-1.288,0,1,1,0,0
2062,217,12,0.561,1,1,0,1,0
2063,154,36,0.017,0,0,1,1,0
2064,252,24,0.244,1,0,2,0,0
2065,126,12,-0.706,0,0,2,1,0
2066,105,33,1.018,0,0,0,1,1
2067,126,21,0.779,1,1,0,1,0
2068,168,33,0.843,1,0,1,1,1
2069,49,3,-0.457,0,0,3,1,1
2070,70,3,-1.617,0,1,0,0,0
2071,77,3,-1.392,0,1,1,0,0
2072,259,30,-0.534,0,0,0,1,0
2073,98,33,-0.368,1,0,3,1,0
2074,28,33,-0.509,0,0,0,1,1
2075,161,9,0.17,0,1,0,0,1
2076,56,18,0.256,0,0,2,1,1
2077,56,18,0.136,1,0,2,1,0
2078,245,21,1.045,1,0,2,0,0
2079,245,18,0.094,0,0,0,1,0
2080,231,6,1.067,0,0,2,1,0
2081,245,18,0.161,0,0,1,0,1
2082,7,12,-1.068,0,0,0,1,0
2083,168,3,0.938,0,1,2,0,0
2084,154,6,0.42,0,0,2,0,0
2085,210,21,-0.298,1,1,0,1,0
2086,210,12,1.623,0,0,1,0,1
2087,112,9,1.04,0,0,0,0,0
2088,168,9,-1.026,1,0,0,1,0
2089,224,33,-0.97,0,1,3,0,0
2090,35,6,1.218,1,0,1,1,1
2091,238,12,1.157,1,0,2,0,0
2092,259,33,-1.877,0,0,2,0,0
2093,266,6,1.188,1,0,1,1,0
2094,14,3,1.61,0,0,2,0,0
2095,147,9,-0.087,0,0,0,1,0
2096,70,18,0.021,0,0,2,0,0
2097,98,3,-0.529,0,0,1,1,0
2098,266,24,-0.309,1,1,1,0,0
2099,259,12,0.746,0,0,0,1,1
2100,168,30,-1.339,1,0,1,0,0
2101,35,27,1.147,1,0,1,0,1
2102,7,3,1.381,0,0,0,1,1
2103,112,12,-0.32,0,0,2,1,0
2104,238,18,-1.736,0,0,1,1,0
2105,168,36,-1.519,1,0,1,0,0
2106,49,21,0.057,1,0,0,0,0
2107,280,15,0.849,0,1,3,0,0
2108,182,33,0.028,0,0,0,0,0
2109,189,6,-0.938,1,0,2,0,1
2110,70,15,0.86,0,0,1,0,0
2111,70,33,1.359,1,0,1,1,0
2112,70,12,1.507,1,0,1,0,1
2113,35,36,0.743,1,0,1,0,0
2114,210,24,-1.303,1,0,2,1,0
2115,91,33,0.871,1,0,0,1,0
2116,49,3,0.589,1,1,0,1,0
2117,77,24,0.254,0,0,3,1,0
2118,259,36,-0.864,1,1,1,1,1
2119,105,18,1.431,1,0,1,1,0
2120,91,21,-1.902,0,0,3,1,0
2121,35,33,1.959,1,0,1,1,1
2122,28,18,-0.569,1,1,0,0,0
2123,280,18,1.138,0,1,0,0,1
2124,154,12,2.05,0,0,0,1,0
2125,196,33,-0.12,0,0,2,1,0
2126,168,21,1.351,1,0,0,1,0
2127,231,33,-1.299,0,0,0,0,0
2128,217,12,0.473,0,0,1,1,0
2129,168,33,-0.38,0,0,1,0,0
2130,147,33,-0.554,0,0,2,0,1
2131,56,36,-0.587,1,0,3,1,0
2132,56,6,-0.117,1,0,2,1,0
2133,161,9,-0.148,0,0,1,0,0
2134,126,21,1.432,0,1,2,0,0
2135,259,12,1.438,0,0,0,1,0
2136,63,3,0.029,0,0,0,1,0
2137,77,33,2.048,0,0,0,0,0
2138,245,15,0.417,0,0,1,1,0
2139,161,18,-1.007,1,0,3,1,0
2140,161,3,1.011,0,0,2,0,0
2141,84,24,-0.46,0,0,1,0,0
2142,35,18,0.865,0,0,0,1,0
2143,77,6,1.626,0,0,1,0,0
2144,203,18,0.725,0,0,0,0,1
2145,42,9,-1.525,0,0,2,0,0
2146,168,36,-0.782,0,1,2,0,0
2147,245,33,1.404,0,0,0,1,0
2148,161,33,0.496,1,0,0,1,0
2149,77,24,0.297,0,0,2,0,0
2150,217,36,1.104,1,0,1,1,0
2151,210,33,1.747,1,0,2,1,1
2152,231,6,1.554,0,0,1,0,0
2153,77,15,0.918,0,1,3,1,0
2154,140,36,-0.746,1,1,1,1,1
2155,126,12,0.998,0,0,2,1,0
2156,14,30,3.275,1,0,1,0,0
2157,168,33,-0.599,0,1,0,1,0
2158,280,18,1.633,0,0,0,0,0
2159,84,21,2.632,0,0,1,0,0
2160,154,24,1.189,1,0,1,0,1
2161,56,18,-0.201,0,1,0,1,0
2162,154,6,-0.342,0,1,1,0,0
2163,224,33,0.593,1,0,2,0,0
2164,49,12,0.768,0,0,2,1,0
2165,35,21,-0.918,1,0,1,0,0
2166,273,36,-1.77,0,0,1,0,1
2167,21,3,0.084,1,0,0,1,1
2168,231,24,-0.151,1,0,2,0,1
2169,49,27,0.102,0,0,1,1,0
2170,84,3,-0.19,1,1,2,0,0
2171,133,12,0.773,0,0,1,1,0
2172,42,21,-0.203,0,1,0,1,0
2173,273,21,1.102,1,0,1,0,1
2174,203,33,0.499,0,0,1,0,0
2175,161,21,-1.889,0,1,3,0,0
2176,35,6,1.473,0,1,1,1,0
2177,56,12,0.904,0,1,2,1,1
2178,77,6,-1.068,1,0,1,1,0
2179,42,21,-0.61,0,0,0,1,1
2180,175,12,0.396,0,0,1,0,0
2181,84,24,0.162,0,1,0,1,0
2182,77,36,0.411,1,0,1,0,0
2183,259,33,-0.226,1,0,3,1,0
2184,182,18,0.68,1,1,1,0,1
2185,280,24,0.115,1,1,2,0,0
2186,77,33,-0.33,1,0,0,1,0
2187,7,30,-2.023,1,0,1,1,0
2188,217,12,-0.176,0,0,2,0,0
2189,259,18,-0.369,0,0,0,0,1
2190,189,12,-0.151,0,0,2,1,0
2191,28,15,0.399,0,0,1,0,0
2192,70,9,-1.245,0,0,2,0,0
2193,175,21,1.753,0,0,2,0,0
2194,203,18,-0.502,1,0,1,1,0
2195,231,12,0.107,1,0,1,0,1
2196,126,21,-0.193,0,0,0,1,1
2197,56,33,1.923,0,0,0,1,1
2198,161,27,-0.652,0,1,0,1,0
2199,273,24,1.378,1,0,1,0,1
2200,21,9,0.726,0,0,0,1,0
2201,217,15,0.172,1,0,0,0,1
2202,154,21,1.196,0,0,2,1,0
2203,35,33,-0.557,0,0,0,1,0
2204,154,3,0.364,0,0,0,1,1
2205,14,9,-1.541,1,0,1,1,0
2206,49,9,0.74,0,0,1,0,0
2207,273,24,0.276,0,0,4,0,1
2208,210,33,-0.904,0,1,2,0,1
2209,35,18,-0.386,0,0,0,0,1
2210,21,21,-0.039,0,0,1,0,0
2211,77,30,-0.707,0,1,2,0,0
2212,203,15,2.071,0,0,1,0,0
2213,35,6,0.765,0,0,1,0,0
2214,119,15,-0.025,0,1,1,0,0
2215,161,6,-0.309,1,0,2,0,1
2216,56,9,-1.746,1,0,2,0,0
2217,42,27,1.103,1,0,2,0,1
2218,63,3,-0.746,0,0,2,0,0
2219,49,15,-1.438,0,1,0,1,0
2220,273,30,0.487,0,0,0,0,0
2221,175,36,-0.461,1,1,1,1,0
2222,14,12,0.483,1,0,0,0,0
2223,161,30,-0.445,1,0,2,1,0
2224,259,18,0.536,0,0,1,0,0
2225,126,3,0.318,0,0,2,1,0
2226,105,27,-0.534,1,0,0,1,0
2227,119,3,-0.251,0,0,1,1,0
2228,161,3,0.321,1,0,1,0,0
2229,154,36,-0.61,0,0,1,0,0
2230,266,18,-1.016,1,0,1,1,0
2231,210,12,0.603,0,0,3,1,0
2232,217,30,-0.932,0,0,2,0,0
2233,224,9,1.36,1,1,1,1,1
2234,63,12,0.239,0,0,0,1,1
2235,133,15,0.823,0,0,1,0,1
2236,168,3,-0.156,0,0,1,1,0
2237,175,12,-0.267,0,0,1,0,0
2238,210,12,-0.575,0,0,5,0,0
2239,231,3,1.074,1,0,0,0,0
2240,7,24,0.078,0,0,2,0,0
2241,7,3,-0.102,0,0,0,0,1
2242,175,30,1.912,0,0,2,1,1
2243,210,21,1.163,1,0,0,1,0
2244,56,27,-1.616,0,0,4,0,1
2245,203,33,0.219,0,0,1,0,1
2246,266,21,1.258,0,0,1,1,0
2247,140,12,0.945,0,0,2,1,0
2248,154,21,0.585,0,0,0,0,1
2249,203,3,-1.475,0,0,1,1,1
2250,203,33,-0.359,0,1,2,1,0
2251,196,30,-0.88,0,0,0,0,0
2252,259,18,-1.645,0,0,0,1,0
2253,49,3,1.716,0,1,2,1,1
2254,112,36,-0.201,0,1,1,1,1
2255,273,33,0.501,0,0,2,0,0
2256,266,3,0.906,0,0,1,0,0
2257,42,24,-1.422,1,0,1,1,0
2258,126,24,-0.619,0,0,2,0,0
2259,126,33,-0.823,1,0,2,1,0
2260,35,33,-1.245,0,0,2,0,0
2261,56,24,-0.891,0,0,3,0,0
2262,224,18,-1.174,1,0,1,0,0
2263,63,6,-0.786,0,0,3,1,0
2264,273,36,0.191,1,0,1,0,1
2265,63,12,1.174,0,0,0,1,0
2266,259,12,0.255,0,0,0,0,0
2267,217,6,0.476,0,0,1,0,0
2268,49,12,-0.254,0,0,0,0,0
2269,238,3,0.707,1,1,2,1,0
2270,154,27,-0.953,1,0,2,0,1
2271,154,6,-0.653,0,0,2,1,0
2272,147,12,-0.468,0,0,5,0,1
2273,168,21,0.958,0,0,1,0,1
2274,259,27,0.549,0,1,0,1,1
2275,245,18,-0.236,0,0,0,1,0
2276,203,36,0.085,0,1,0,0,0
2277,245,15,0.089,0,0,1,1,0
2278,168,12,-0.397,1,1,1,0,0
2279,35,18,-0.463,0,0,0,1,0
2280,77,30,0.435,0,0,1,0,0
2281,49,24,0.205,0,0,1,1,0
2282,14,36,0.264,1,0,0,0,0
2283,7,36,0.007,0,0,0,0,1
2284,217,9,-0.005,1,0,3,1,0
2285,238,21,1.333,0,0,0,0,0
2286,273,9,0.775,1,1,1,0,1
2287,224,36,-0.558,0,0,1,0,0
2288,203,3,-1.344,0,0,1,0,1
2289,98,6,-0.091,0,0,1,0,0
2290,49,3,-0.322,0,0,2,1,0
2291,259,21,-0.634,1,0,0,0,0
2292,168,3,-0.744,1,0,1,1,0
2293,168,27,0.412,0,1,1,1,0
2294,77,24,0.023,0,0,0,0,0
2295,175,30,0.069,0,0,2,0,1
2296,7,36,1.448,1,0,2,0,1
2297,203,3,1.465,0,0,1,1,1
2298,266,3,-1.35,1,0,2,0,0
2299,273,6,0.63,0,0,1,0,1
2300,35,9,0.606,0,0,1,0,0
2301,217,24,1.199,1,0,2,0,0
2302,168,6,0.186,0,0,2,0,0
2303,175,36,0.155,0,0,2,1,0
2304,7,33,-0.608,1,0,1,0,0
2305,140,21,1.377,1,0,3,0,0
2306,7,33,-1.301,0,0,0,0,0
2307,189,24,-0.439,0,0,1,1,0
2308,7,18,0.282,1,0,2,0,0
2309,91,30,1.305,1,0,2,0,0
2310,161,15,0.732,0,0,0,1,0
2311,77,3,1.081,0,0,0,1,1
2312,161,6,-0.512,0,1,1,0,0
2313,35,21,0.869,0,1,0,0,1
2314,161,6,-1.041,1,0,0,0,0
2315,175,15,-0.372,0,0,0,1,0
2316,161,36,0.242,1,1,0,1,0
2317,7,3,-1.131,0,0,0,0,0
2318,7,12,0.111,0,0,1,1,0
2319,35,6,-1.062,0,1,0,1,1
2320,210,9,1.185,0,0,1,1,0
2321,168,21,0.425,1,0,1,1,0
2322,203,33,1.635,0,0,3,1,0
2323,161,18,-0.7,0,0,1,0,0
2324,168,18,-0.166,0,1,0,1,0
2325,112,12,0.049,0,0,0,0,0
2326,42,15,-1.476,0,0,1,1,0
2327,224,36,-0.814,0,1,0,1,0
2328,77,33,-0.03,0,0,0,1,0
2329,217,24,0.386,1,1,2,0,1
2330,112,3,-0.401,0,1,0,0,0
2331,140,36,-0.72,1,0,1,0,0
2332,196,3,-0.722,0,1,0,0,1
2333,259,18,0.715,0,0,1,1,0
2334,161,9,-1.574,1,0,1,0,0
2335,7,18,-1.082,1,0,2,1,0
2336,154,36,1.132,1,0,2,1,0
2337,238,9,0.995,0,0,0,0,0
2338,14,15,-1.747,1,0,1,0,0
2339,56,30,1.449,0,0,2,1,1
2340,196,3,-0.809,0,0,1,0,0
2341,259,30,-0.558,0,0,1,0,0
2342,77,18,0.109,0,0,0,0,0
2343,168,18,0.189,1,0,0,1,0
2344,42,36,-0.865,0,0,1,0,0
2345,28,3,1.192,1,1,0,1,0
2346,273,18,1.042,1,0,0,1,0
2347,168,3,-0.531,0,1,2,1,0
2348,56,3,-0.118,0,0,4,1,0
2349,203,9,0.624,0,0,0,0,0
2350,266,18,0.727,1,0,2,1,1
2351,259,33,-0.612,0,0,3,1,0
2352,217,33,-1.847,0,0,2,1,1
2353,35,33,0.946,0,1,1,1,1
2354,175,6,0.571,1,0,1,1,0
2355,21,21,1.017,1,0,1,1,0
2356,133,33,0.615,1,0,0,1,0
2357,175,36,2.854,1,0,1,1,1
2358,133,3,0.774,1,0,1,0,1
2359,56,9,0.246,0,0,1,1,0
2360,7,36,-0.384,0,1,1,0,0
2361,126,3,1.444,1,0,1,0,0
2362,154,33,1.277,0,1,0,0,1
2363,42,30,-0.432,0,0,0,0,1
2364,77,21,1.298,1,0,0,0,1
2365,98,6,-0.34,1,0,2,1,0
2366,259,3,1.144,0,0,1,0,0
2367,203,3,0.374,0,1,2,1,0
2368,49,3,-0.929,0,0,1,0,0
2369,140,36,1.226,1,1,3,0,1
2370,140,30,1.955,0,1,0,1,1
2371,84,30,1.892,0,0,1,0,0
2372,154,24,0.161,0,0,2,1,0
2373,119,12,-0.911,0,1,0,1,0
2374,49,36,0.443,1,0,1,0,1
2375,42,18,2.119,0,0,0,1,1
2376,49,27,-0.615,0,0,0,0,0
2377,168,9,1.279,1,0,1,0,0
2378,259,3,0.859,0,0,0,0,0
2379,280,9,0.219,0,0,0,1,0
2380,196,33,-0.047,0,0,1,1,0
2381,84,12,-0.602,1,0,1,1,0
2382,224,6,-1.542,0,0,1,0,0
2383,168,27,0.396,0,0,1,1,0
2384,56,21,-0.959,0,1,1,1,1
2385,259,3,0.288,1,0,0,0,1
2386,112,18,0.31,1,0,1,0,1
2387,49,3,0.233,0,1,0,0,0
2388,168,6,0.795,0,0,0,1,0
2389,28,12,0.081,0,1,1,1,0
2390,77,9,-0.257,0,1,2,0,0
2391,161,9,-0.493,0,0,0,0,0
2392,112,9,-0.352,0,0,2,1,1
2393,63,33,0.687,0,0,1,0,0
2394,119,21,-0.131,0,1,2,0,0
2395,7,36,-1.169,0,0,1,0,0
2396,280,33,-0.345,1,0,1,0,0
2397,196,15,0.484,1,0,1,0,0
2398,84,3,0.684,0,0,1,0,0
2399,14,3,0.913,0,0,4,1,0
2400,154,21,-0.802,0,0,0,0,0
2401,217,18,1.158,1,1,2,0,0
2402,266,3,0.301,0,0,1,1,1
2403,175,30,0.265,1,0,0,0,0
2404,63,21,-1.203,1,1,1,0,1
2405,175,6,0.14,0,1,2,0,0
2406,70,21,0.281,0,0,0,1,1
2407,77,9,-1.862,0,0,0,1,0
2408,140,21,-1.117,0,0,3,1,0
2409,161,18,-0.131,0,0,2,1,0
2410,77,9,-1.301,1,0,2,1,0
2411,273,12,-1.789,0,0,1,0,0
2412,273,12,1.083,1,0,1,0,1
2413,168,3,0.87,0,0,2,0,1
2414,280,3,1.808,0,0,2,1,1
2415,266,24,-1.338,1,0,0,1,0
2416,35,36,-1.293,0,0,1,0,1
2417,35,33,0.968,0,0,2,0,1
2418,175,30,1.275,1,0,0,0,0
2419,140,33,0.135,1,0,1,0,0
2420,217,18,-0.636,0,0,0,1,0
2421,49,33,-0.823,0,0,2,1,1
2422,259,18,-0.097,0,0,0,1,0
2423,49,12,-0.778,1,0,1,0,0
2424,35,36,-1.617,1,0,0,0,0
2425,196,24,-0.786,0,0,1,1,1
2426,273,6,-0.401,0,0,3,0,0
2427,210,33,0.185,0,0,0,0,0
2428,49,3,1.161,0,0,0,0,0
2429,259,15,1.16,0,0,0,0,0
2430,217,3,0.573,0,0,0,0,0
2431,175,21,0.838,1,1,0,1,0
2432,35,30,-0.162,0,0,1,1,1
2433,203,12,-2.34,0,1,1,0,0
2434,35,21,-0.804,1,0,0,0,0
2435,70,18,1.907,0,0,2,1,0
2436,119,24,-0.144,0,0,1,0,0
2437,77,6,-0.084,0,0,0,1,1
2438,56,24,0.366,0,0,1,1,0
2439,238,6,-1.352,0,1,2,1,0
2440,280,15,-1.042,1,0,1,1,0
2441,210,21,-1.866,0,1,1,1,0
2442,259,3,2.084,0,0,2,1,0
2443,140,6,-0.607,1,0,5,1,0
2444,168,3,0.115,0,0,1,0,0
2445,217,33,-0.905,1,0,3,1,0
2446,161,18,-0.508,0,0,0,1,1
2447,182,3,-0.35,0,0,1,1,0
2448,77,33,-0.579,0,0,2,0,1
2449,49,24,-0.912,0,0,4,1,0
2450,196,9,0.015,0,0,0,1,1
2451,140,21,-0.118,0,1,1,1,0
2452,245,18,-0.629,1,1,0,1,0
2453,259,33,-1.048,1,0,0,0,0
2454,84,3,0.491,0,0,2,0,0
2455,189,6,-0.42,1,0,1,1,0
2456,196,15,-0.791,0,1,0,0,1
2457,147,27,0.909,0,0,2,1,0
2458,98,33,-1.477,0,0,3,0,0
2459,168,24,-0.222,0,0,0,1,0
2460,70,33,1.43,0,1,0,0,0
2461,154,30,-1.193,0,0,3,0,1
2462,28,6,2.847,0,0,0,1,0
2463,259,21,-2.972,1,0,3,0,0
2464,28,3,0.883,1,0,1,1,0
2465,7,3,1.623,0,0,4,0,1
2466,266,21,-0.744,1,0,3,0,0
2467,42,3,-1.603,0,0,1,1,0
2468,7,30,-1.376,1,0,0,1,0
2469,49,21,-1.401,0,0,2,0,1
2470,189,18,1.037,0,0,1,1,0
2471,259,21,0.923,1,0,0,0,0
2472,126,3,-0.582,0,1,0,1,0
2473,273,15,-0.371,1,0,2,0,1
2474,175,24,-1.75,0,0,0,1,1
2475,7,18,-0.034,0,1,2,1,1
2476,231,3,-1.704,0,0,0,0,0
2477,112,12,-0.381,1,0,1,0,0
2478,112,12,-0.182,0,0,4,1,0
2479,70,15,-0.388,0,0,1,1,0
2480,224,6,0.928,0,0,2,0,0
2481,49,18,1.113,0,1,0,0,0
2482,7,21,0.986,0,0,2,0,0
2483,196,12,1.339,0,0,0,1,0
2484,203,18,0.873,0,0,1,0,0
2485,259,3,1.153,0,0,2,1,0
2486,259,21,0.333,0,0,2,0,0
2487,126,21,1.358,0,1,0,1,0
2488,259,18,0.999,1,1,0,1,0
2489,217,18,0.121,1,0,1,0,0
2490,42,24,2.68,0,0,0,0,1
2491,273,9,0.013,0,0,0,0,0
2492,189,18,2.825,0,1,1,1,1
2493,7,15,-0.954,1,0,1,0,0
2494,42,30,0.865,1,0,1,1,0
2495,70,12,-1.125,1,0,2,0,0
2496,245,15,0.238,0,1,1,0,0
2497,126,12,0.048,0,0,0,1,0
2498,266,30,-2.194,0,1,2,1,0
2499,273,33,-0.17,1,1,0,1,0
2500,252,21,0.95,0,0,0,1,0
2501,161,3,-0.429,0,0,1,1,0
2502,84,21,-1.481,0,1,3,0,0
2503,175,33,0.62,0,1,3,1,0
2504,7,24,0.228,0,0,1,1,1
2505,168,3,0.163,0,0,3,1,0
2506,280,6,-0.016,0,0,0,1,0
2507,56,24,0.899,1,0,0,1,0
2508,56,33,1.05,0,0,2,0,0
2509,259,18,0.834,0,0,1,0,1
2510,14,24,-1.111,0,0,0,1,0
2511,231,6,-0.907,0,1,1,0,1
2512,77,36,-0.127,1,0,0,0,1
2513,224,12,-0.261,1,0,0,1,0
2514,238,24,0.362,0,0,3,1,0
2515,112,24,0.242,0,1,1,1,0
2516,280,3,-0.549,1,0,0,1,0
2517,77,21,0.401,0,0,1,1,0
2518,77,18,1.939,0,0,0,0,0
2519,42,9,-0.249,0,0,2,1,0
2520,259,36,0.424,1,0,0,0,1
2521,77,33,-0.493,0,0,2,0,0
2522,210,33,-1.009,1,0,1,0,1
2523,175,36,-0.743,0,0,2,1,0
2524,154,12,-0.058,0,0,0,0,0
2525,105,33,0.309,0,0,1,0,1
2526,168,21,-0.031,0,0,1,1,0
2527,273,12,-1.132,0,0,2,0,0
2528,70,18,-0.955,0,0,1,0,0
2529,112,21,-1.124,1,0,1,0,0
2530,273,3,-0.762,0,0,0,0,1
2531,231,33,-2.444,0,0,3,1,0
2532,133,12,-1.885,0,0,1,1,0
2533,56,3,0.69,0,0,0,0,0
2534,203,12,-1.25,0,0,1,1,0
2535,7,12,-0.227,1,1,0,0,0
2536,35,15,-0.649,1,1,3,0,0
2537,231,24,1.408,1,1,1,1,0
2538,217,21,0.717,1,0,3,0,0
2539,140,33,-0.789,0,0,0,1,0
2540,77,12,0.994,0,0,0,1,0
2541,245,36,-0.23,0,1,1,0,0
2542,154,12,-0.1,0,1,2,1,0
2543,112,21,-0.451,0,0,0,0,0
2544,231,3,-0.862,0,0,2,1,0
2545,84,6,0.243,0,0,3,0,0
2546,238,18,0.539,1,0,0,0,1
2547,189,6,0.204,1,0,1,1,0
2548,42,36,-0.516,0,0,2,0,0
2549,35,18,-0.106,0,0,1,1,1
2550,77,36,-0.49,0,0,1,1,1
2551,273,15,0.322,1,0,0,0,1
2552,273,36,1.356,0,0,0,0,0
2553,168,18,-1.415,0,0,2,0,0
2554,119,9,0.468,1,1,0,0,0
2555,189,27,0.75,0,0,0,1,0
2556,259,12,-0.281,0,1,4,1,0
2557,35,12,-1.696,0,0,1,1,0
2558,203,27,-1.056,0,0,1,0,0
2559,70,12,-0.423,0,0,1,0,1
2560,35,12,0.301,0,0,1,1,0
2561,56,33,-0.561,0,0,0,1,0
2562,56,9,-0.677,0,0,3,1,0
2563,168,36,-0.197,1,0,0,0,0
2564,21,6,1.292,1,0,1,1,0
2565,112,3,-0.628,0,0,0,0,0
2566,203,3,-1.428,0,0,2,1,0
2567,245,36,0.118,0,1,2,1,1
2568,77,12,-0.201,0,1,3,0,0
2569,196,15,-0.018,0,0,0,0,0
2570,280,24,1.068,0,0,2,0,0
2571,231,6,1.717,0,0,2,1,0
2572,140,33,1.976,0,0,1,0,1
2573,217,30,-0.818,0,0,4,0,1
2574,77,21,1.04,0,0,2,0,0
2575,56,24,2.261,1,0,2,1,1
2576,273,12,0.742,0,0,1,1,1
2577,259,3,-0.264,0,0,2,1,0
2578,217,12,-0.385,0,0,3,0,0
2579,168,3,0.119,1,0,1,0,0
2580,168,33,-0.428,0,0,1,0,0
2581,14,36,0.463,0,0,3,0,0
2582,84,15,2.176,0,0,0,0,0
2583,245,33,1.325,0,0,1,1,1
2584,259,24,0.819,0,0,0,0,1
2585,112,3,-1.522,1,1,0,0,0
2586,84,12,0.834,0,0,4,1,1
2587,273,9,0.26,0,0,2,1,1
2588,217,6,0.414,1,1,1,0,1
2589,91,24,0.88,0,1,1,0,0
2590,14,30,1.732,0,0,4,1,1
2591,238,33,-0.043,0,0,0,1,0
2592,56,18,1.287,0,0,1,1,0
2593,196,18,0.749,1,0,3,1,1
2594,245,6,0.288,1,0,0,1,0
2595,217,21,-0.873,0,0,0,1,0
2596,245,36,1.366,1,0,0,0,1
2597,217,24,-0.771,1,0,1,1,0
2598,161,18,0.896,0,0,0,0,0
2599,35,21,-0.266,1,0,0,1,0
2600,77,9,-0.302,1,0,1,0,0
2601,119,18,-0.986,0,0,2,0,0
2602,175,30,-0.007,0,0,3,1,0
2603,168,30,1.142,1,0,1,0,1
2604,189,9,1.064,1,1,0,1,1
2605,42,33,-0.432,0,0,1,0,0
2606,168,6,-0.344,0,0,0,0,1
2607,203,9,1.297,0,1,0,0,0
2608,21,36,1.434,0,0,3,0,1
2609,161,18,0.393,0,0,3,0,0
2610,266,15,1.065,1,0,1,0,0
2611,273,18,-1.301,0,0,0,1,0
2612,84,21,0.608,0,1,2,1,0
2613,273,21,3.171,1,0,3,1,1
2614,175,18,-1.53,1,0,1,0,0
2615,266,9,-0.127,0,0,1,1,1
2616,175,24,0.122,0,0,1,0,0
2617,70,15,-0.177,0,0,2,0,0
2618,84,3,-0.749,1,0,0,0,0
2619,70,36,-2.433,0,0,1,0,0
2620,259,9,-0.435,1,0,0,0,0
2621,84,18,-1.045,0,1,1,0,0
2622,168,36,0.964,0,0,2,0,1
2623,42,3,0.579,0,1,0,1,0
2624,266,36,0.77,0,1,2,0,1
2625,168,33,1.752,0,0,5,0,0
2626,217,3,-0.215,1,0,3,1,1
2627,182,36,0.632,0,0,0,1,0
2628,273,33,0.081,1,0,1,0,0
2629,133,21,0.65,1,0,0,0,0
2630,189,6,-0.326,0,1,2,1,1
2631,189,6,-0.425,0,1,0,0,0
2632,77,18,-1.668,1,0,1,1,0
2633,259,9,0.257,0,1,1,0,1
2634,112,33,0.119,1,0,3,0,0
2635,175,36,-0.347,0,0,0,0,0
2636,182,3,0.264,0,0,1,1,0
2637,210,18,0.26,0,0,0,1,0
