id,provider,y,n,x1,x2,x3
0,1,7,9,0.34375,0.75,1.0
1,1,5,15,-1.15625,-0.609375,0.0
2,1,7,15,-0.1875,1.859375,0.0
3,1,3,4,-0.34375,0.453125,1.0
4,1,1,1,-0.234375,-0.859375,0.0
5,1,2,5,0.59375,0.125,0.0
6,1,1,1,-1.28125,-0.75,0.0
7,1,2,3,0.96875,0.515625,0.0
8,1,8,10,-1.125,-1.25,1.0
9,1,6,17,-0.1875,0.5625,0.0
10,1,15,15,0.890625,-1.6875,1.0
11,2,1,4,-0.703125,-0.0625,0.0
12,2,6,11,0.265625,-0.328125,0.0
13,2,5,9,0.03125,0.546875,0.0
14,2,7,16,-2.15625,-0.34375,0.0
15,2,5,9,-2.671875,0.3125,1.0
16,2,6,8,-0.0625,-0.609375,1.0
17,2,6,9,0.484375,0.5,0.0
18,2,0,1,-1.515625,-0.15625,0.0
19,2,2,6,-0.328125,0.703125,0.0
20,2,3,4,-0.796875,-1.4375,1.0
21,2,9,13,-0.96875,-0.671875,1.0
22,2,8,14,-1.296875,-1.109375,0.0
23,2,10,11,1.171875,1.6875,1.0
24,2,1,1,0.015625,-0.5,0.0
25,3,3,3,1.71875,0.078125,1.0
26,3,4,6,0.03125,-1.578125,0.0
27,3,9,12,0.109375,0.828125,1.0
28,3,2,4,-0.0625,-0.890625,0.0
29,3,8,13,0.390625,-0.21875,0.0
30,3,12,13,1.71875,-0.734375,1.0
31,3,5,15,-0.953125,-0.15625,1.0
32,3,5,8,1.125,-0.046875,0.0
33,3,2,14,-2.375,0.28125,0.0
34,3,6,7,0.421875,-1.484375,0.0
35,3,1,5,-0.46875,1.3125,1.0
36,3,14,18,1.21875,-1.328125,0.0
37,3,5,9,0.75,-0.421875,0.0
38,3,8,12,0.734375,-2.953125,0.0
39,3,6,16,0.515625,0.03125,0.0
40,3,4,11,0.28125,0.703125,0.0
41,3,0,7,-2.09375,0.9375,0.0
42,4,2,8,-0.3125,-0.328125,1.0
43,4,8,19,0.3125,-0.609375,0.0
44,4,12,16,0.203125,-3.234375,0.0
45,4,15,19,1.46875,-1.5,1.0
46,4,2,5,0.34375,-0.34375,0.0
47,4,3,14,-1.078125,0.125,0.0
48,4,3,7,-0.09375,-1.375,0.0
49,4,4,7,1.578125,0.5625,0.0
50,4,13,14,1.59375,-3.421875,0.0
51,4,7,13,-0.90625,0.796875,1.0
52,4,6,13,0.5625,-1.171875,0.0
53,4,1,3,-0.578125,-0.46875,0.0
54,4,6,10,-0.375,-1.40625,1.0
55,4,5,10,-1.640625,-1.671875,0.0
56,4,1,9,-1.734375,-0.796875,1.0
57,4,3,6,-0.40625,-0.421875,0.0
58,4,15,19,0.140625,-1.609375,0.0
59,4,3,4,0.390625,0.3125,1.0
60,4,4,12,-0.984375,-0.90625,0.0
61,4,0,11,-0.34375,-0.390625,0.0
62,5,4,16,-2.171875,-1.1875,0.0
63,5,14,19,-0.453125,-1.890625,1.0
64,5,7,18,-0.3125,-0.4375,0.0
65,5,3,5,1.328125,-0.484375,0.0
66,5,0,5,-0.359375,0.578125,0.0
67,5,2,13,-1.265625,1.703125,0.0
68,5,4,20,-0.6875,0.109375,0.0
69,5,8,15,0.703125,0.5,1.0
70,5,8,16,0.46875,1.34375,1.0
71,5,0,2,0.421875,0.453125,0.0
72,5,8,17,0.5625,0.328125,0.0
73,5,4,7,-0.9375,-1.28125,1.0
74,5,6,8,0.8125,-0.75,0.0
75,5,1,2,0.234375,-1.125,0.0
76,5,4,19,-2.203125,-0.71875,1.0
77,5,3,16,-0.71875,0.6875,0.0
78,5,3,8,1.203125,0.328125,0.0
79,5,2,4,-0.65625,-0.328125,0.0
80,5,5,13,-0.484375,-2.53125,0.0
81,5,3,6,-0.0625,0.21875,0.0
82,5,2,4,0.0625,0.1875,0.0
83,5,8,9,-0.125,-1.53125,1.0
84,5,7,8,0.484375,-0.28125,0.0
85,6,7,13,-0.703125,-0.90625,1.0
86,6,6,11,0.71875,-1.265625,0.0
87,6,3,5,2.625,-0.046875,0.0
88,6,9,12,0.90625,-0.40625,1.0
89,6,12,15,2.1875,-1.390625,1.0
90,6,5,17,-0.734375,-0.84375,0.0
91,6,5,17,-0.25,-0.125,1.0
92,6,4,19,0.0,-0.203125,0.0
93,6,4,6,1.375,1.71875,1.0
94,6,6,7,2.25,-2.5,1.0
95,6,11,17,1.15625,0.734375,1.0
96,6,4,13,0.6875,0.59375,0.0
97,6,4,15,0.4375,0.3125,0.0
98,6,8,11,-0.359375,-0.890625,1.0
99,6,4,8,0.75,-0.890625,0.0
100,6,4,8,0.703125,-2.140625,0.0
101,6,5,8,0.28125,0.3125,1.0
102,6,4,8,-0.625,-0.734375,1.0
103,6,8,14,0.375,-0.734375,0.0
104,6,4,11,0.125,1.5,0.0
105,6,3,5,-0.578125,-1.125,0.0
106,6,3,10,1.4375,-0.203125,0.0
107,6,0,2,0.140625,0.5,0.0
108,6,1,3,0.859375,-0.265625,1.0
109,6,0,1,-0.921875,0.265625,0.0
110,6,1,1,-0.203125,0.109375,0.0
111,7,1,1,-1.109375,-2.109375,1.0
112,7,2,7,0.921875,0.390625,1.0
113,7,0,1,-1.28125,-0.625,0.0
114,7,7,19,1.140625,-1.015625,0.0
115,7,1,14,0.046875,-1.40625,0.0
116,7,12,18,1.921875,-0.828125,1.0
117,7,1,9,-0.5,-0.15625,0.0
118,7,3,16,-0.203125,1.078125,0.0
119,7,9,15,1.625,-2.296875,0.0
120,7,4,17,-0.578125,-0.15625,0.0
121,7,7,18,0.265625,-0.65625,0.0
122,7,11,16,-0.859375,-1.234375,1.0
123,7,5,11,1.015625,-0.625,1.0
124,7,4,10,0.078125,-0.5,1.0
125,7,1,4,-0.984375,-1.34375,0.0
126,7,0,3,0.125,-0.984375,0.0
127,7,3,20,-0.90625,-0.171875,0.0
128,7,10,17,0.796875,-0.9375,1.0
129,7,0,6,-1.0625,-0.078125,0.0
130,7,13,17,2.4375,-1.359375,1.0
131,7,7,9,2.328125,-0.21875,1.0
132,7,1,4,-1.734375,0.0,0.0
133,7,4,14,0.53125,-0.046875,0.0
134,7,0,6,-0.765625,-0.1875,1.0
135,7,2,4,-0.6875,-0.421875,0.0
136,7,3,13,-1.15625,-0.65625,0.0
137,7,1,2,1.578125,-1.109375,0.0
138,7,0,12,-1.796875,-1.078125,0.0
139,7,3,5,1.71875,-0.34375,0.0
140,8,3,9,-0.453125,0.34375,0.0
141,8,6,7,0.140625,0.703125,1.0
142,8,6,7,-0.328125,0.078125,0.0
143,8,15,20,0.140625,0.03125,1.0
144,8,1,1,-0.53125,0.078125,1.0
145,8,15,20,-0.5625,0.125,1.0
146,8,4,8,1.234375,-0.984375,0.0
147,8,4,15,-0.96875,1.875,0.0
148,8,5,6,-0.203125,-0.78125,1.0
149,8,14,18,1.046875,1.203125,1.0
150,8,8,11,2.109375,-0.609375,0.0
151,8,16,18,1.71875,1.21875,1.0
152,8,10,14,0.9375,0.375,0.0
153,8,6,10,-0.109375,0.71875,0.0
154,8,5,10,0.15625,2.140625,1.0
155,8,5,12,1.015625,0.71875,0.0
156,8,4,8,0.09375,-0.515625,0.0
157,8,6,18,-1.5625,-0.421875,0.0
158,8,1,2,0.203125,-1.421875,0.0
159,8,17,17,-0.1875,-1.140625,1.0
160,8,6,10,-2.59375,-0.734375,1.0
161,8,5,16,-0.046875,0.96875,0.0
162,8,2,8,-0.453125,-0.234375,0.0
163,8,5,8,0.453125,0.796875,0.0
164,8,4,5,0.1875,-0.578125,1.0
165,8,17,19,1.375,-0.828125,1.0
166,8,7,9,1.296875,-0.296875,0.0
167,8,6,9,-0.359375,-0.609375,0.0
168,8,0,3,-1.25,0.125,0.0
169,8,2,4,0.0625,2.265625,0.0
170,8,16,17,1.515625,0.3125,1.0
171,8,3,5,0.078125,1.09375,1.0
172,9,5,19,-1.109375,0.28125,0.0
173,9,6,15,0.921875,0.265625,0.0
174,9,11,17,1.5625,0.28125,1.0
175,9,9,19,-0.90625,-1.25,1.0
176,9,8,13,2.203125,-0.640625,0.0
177,9,0,3,0.5625,-1.515625,0.0
178,9,3,15,-1.625,-0.53125,1.0
179,9,10,18,-1.671875,-1.546875,1.0
180,9,2,3,-1.15625,-0.6875,1.0
181,9,1,1,1.140625,0.546875,0.0
182,9,1,7,-1.484375,-1.046875,0.0
183,9,3,17,-1.0625,0.546875,0.0
184,9,3,11,1.296875,0.90625,0.0
185,9,0,1,-0.453125,-1.328125,1.0
186,9,2,11,0.25,1.484375,0.0
187,9,0,2,-1.78125,0.65625,1.0
188,9,3,4,0.0625,-1.125,0.0
189,9,5,8,-1.0,-0.546875,0.0
190,9,0,7,-0.8125,-1.109375,0.0
191,9,1,3,-1.390625,-0.046875,0.0
192,9,4,7,0.3125,0.046875,1.0
193,9,2,9,-3.109375,-0.90625,0.0
194,9,3,20,0.078125,-0.484375,0.0
195,9,4,14,1.140625,-0.921875,0.0
196,9,0,2,0.859375,-2.09375,0.0
197,9,4,13,-1.78125,-1.90625,0.0
198,9,0,1,0.78125,0.234375,0.0
199,9,9,20,0.546875,-2.265625,0.0
200,9,4,15,0.890625,-0.796875,0.0
201,9,5,14,-0.59375,0.796875,1.0
202,9,5,7,1.3125,0.375,0.0
203,9,9,19,0.5,0.90625,1.0
204,9,3,13,-1.15625,-1.828125,1.0
205,9,2,10,-0.78125,0.234375,0.0
206,9,0,3,-0.3125,0.21875,0.0
207,10,0,4,-2.625,0.09375,1.0
208,10,1,7,0.359375,1.328125,0.0
209,10,10,16,-0.59375,0.40625,0.0
210,10,6,12,0.328125,-0.234375,0.0
211,10,10,19,0.90625,-0.28125,0.0
212,10,4,8,0.1875,2.078125,0.0
213,10,3,6,-1.265625,-0.9375,1.0
214,10,7,10,0.609375,-1.1875,0.0
215,10,5,11,0.125,1.15625,0.0
216,10,11,19,1.796875,0.03125,0.0
217,10,5,10,-0.8125,-1.578125,0.0
218,10,9,12,1.96875,-1.234375,0.0
219,10,3,11,-0.609375,-0.34375,0.0
220,10,9,16,-0.875,-1.34375,1.0
221,10,3,13,-2.734375,-0.28125,0.0
222,10,6,9,-0.40625,-0.375,1.0
223,10,4,9,0.71875,0.171875,0.0
224,10,8,16,-0.40625,-1.421875,0.0
225,10,8,14,-0.234375,-0.25,0.0
226,10,12,15,0.9375,0.1875,0.0
227,10,13,18,1.015625,-1.5625,0.0
228,10,5,8,-0.671875,-1.5625,1.0
229,10,6,12,0.9375,1.171875,0.0
230,10,14,15,1.03125,-0.421875,1.0
231,10,13,16,2.671875,-1.375,0.0
232,10,5,10,-0.75,0.9375,0.0
233,10,2,5,-1.75,-0.34375,1.0
234,10,10,11,0.171875,-1.78125,1.0
235,10,3,16,-1.0625,-0.578125,0.0
236,10,3,12,-1.015625,0.125,0.0
237,10,15,20,0.0625,1.15625,1.0
238,10,14,19,0.25,-1.328125,1.0
239,10,6,20,-0.171875,0.203125,0.0
240,10,5,15,0.484375,1.015625,0.0
241,10,2,2,0.515625,-2.859375,1.0
242,10,10,16,-0.328125,-0.21875,0.0
243,10,6,9,1.171875,0.5625,0.0
244,10,4,5,1.625,-0.046875,1.0
245,11,12,20,0.71875,-0.125,1.0
246,11,6,8,1.96875,0.6875,1.0
247,11,10,18,1.109375,-1.53125,1.0
248,11,3,10,-0.828125,-0.359375,0.0
249,11,7,19,-1.59375,1.015625,1.0
250,11,8,19,1.0625,0.1875,0.0
251,11,3,4,0.25,-0.671875,0.0
252,11,3,19,-2.03125,-1.609375,0.0
253,11,5,15,-1.96875,0.953125,1.0
254,11,5,11,-0.5,-0.953125,0.0
255,11,2,7,-0.953125,0.59375,0.0
256,12,4,5,0.734375,-1.96875,0.0
257,12,4,6,0.421875,-0.75,1.0
258,12,2,17,-0.3125,0.640625,0.0
259,12,3,19,0.71875,2.65625,0.0
260,12,14,20,0.890625,0.203125,1.0
261,12,5,13,-1.578125,1.203125,1.0
262,12,3,17,-0.921875,-1.109375,0.0
263,12,6,8,1.71875,-0.265625,1.0
264,12,3,12,1.140625,0.28125,0.0
265,12,1,3,-0.71875,-2.5625,0.0
266,12,12,17,-0.21875,-1.015625,1.0
267,12,1,2,0.875,0.546875,0.0
268,12,0,4,-1.953125,-0.046875,0.0
269,12,6,17,-0.296875,-1.28125,0.0
270,13,11,19,0.921875,-0.984375,0.0
271,13,2,6,-1.375,-1.71875,0.0
272,13,1,1,0.8125,0.609375,0.0
273,13,7,17,-1.3125,1.671875,0.0
274,13,14,18,0.515625,-0.3125,1.0
275,13,13,18,3.0,-0.296875,0.0
276,13,1,7,-1.359375,0.53125,0.0
277,13,3,7,0.484375,0.65625,1.0
278,13,12,13,1.875,0.59375,1.0
279,13,0,4,-1.578125,0.84375,1.0
280,13,8,15,-0.90625,-1.625,1.0
281,13,0,1,-0.90625,1.546875,0.0
282,13,6,10,0.15625,0.109375,0.0
283,13,12,18,0.703125,-0.03125,0.0
284,13,9,14,-0.34375,0.109375,0.0
285,13,15,20,0.3125,1.53125,1.0
286,13,6,20,-1.25,-0.625,0.0
287,14,5,14,0.734375,-1.25,0.0
288,14,5,11,-0.203125,-0.34375,0.0
289,14,4,14,2.015625,0.859375,0.0
290,14,3,5,1.8125,0.296875,0.0
291,14,0,2,-0.96875,0.578125,0.0
292,14,6,18,-0.6875,-0.53125,1.0
293,14,0,3,-0.859375,-2.4375,0.0
294,14,4,7,0.171875,-0.984375,0.0
295,14,4,6,0.171875,-0.90625,1.0
296,14,2,7,-0.859375,0.1875,1.0
297,14,1,2,-0.34375,-2.078125,0.0
298,14,3,8,-0.203125,-2.203125,0.0
299,14,5,8,0.453125,-1.359375,0.0
300,14,8,17,-1.265625,-0.828125,1.0
301,14,2,11,-0.125,-2.078125,0.0
302,14,1,2,-0.796875,-1.4375,0.0
303,14,1,3,1.015625,-0.0625,0.0
304,14,5,11,0.984375,0.578125,1.0
305,14,2,5,-0.390625,-0.828125,1.0
306,14,0,4,0.265625,-0.015625,1.0
307,15,1,1,-0.484375,1.9375,1.0
308,15,10,12,1.234375,-1.734375,0.0
309,15,4,16,-0.46875,1.421875,0.0
310,15,1,1,0.328125,-1.671875,0.0
311,15,1,2,0.109375,-0.171875,0.0
312,15,10,13,1.46875,-0.84375,1.0
313,15,5,13,-0.0625,-1.71875,0.0
314,15,7,12,-0.171875,0.9375,0.0
315,15,6,9,1.25,-0.375,0.0
316,15,1,4,-0.203125,-0.75,0.0
317,15,15,17,1.390625,-1.421875,1.0
318,15,3,4,-0.078125,0.0,1.0
319,15,1,1,-1.09375,0.265625,0.0
320,15,8,9,0.515625,0.296875,1.0
321,15,7,11,0.296875,-1.109375,1.0
322,15,7,12,-0.046875,-0.828125,0.0
323,15,11,19,0.15625,-0.234375,0.0
324,15,3,15,-2.015625,-0.734375,0.0
325,15,11,19,1.296875,0.234375,0.0
326,15,1,8,0.484375,0.046875,0.0
327,15,8,11,0.75,-1.015625,0.0
328,15,3,6,-0.5625,-1.890625,0.0
329,15,1,5,0.71875,0.171875,0.0
330,16,1,4,-0.265625,0.0625,0.0
331,16,6,8,-0.375,-0.59375,1.0
332,16,7,8,1.25,-0.625,0.0
333,16,4,4,-1.4375,0.578125,1.0
334,16,4,4,1.125,-1.1875,0.0
335,16,10,14,1.125,-0.421875,0.0
336,16,6,19,-1.390625,-0.34375,0.0
337,16,12,17,0.796875,1.078125,1.0
338,16,3,7,-0.171875,-0.390625,0.0
339,16,9,10,1.140625,-0.125,0.0
340,16,4,5,-0.546875,-0.609375,0.0
341,16,5,8,-1.640625,-0.609375,1.0
342,16,9,17,-0.625,-0.6875,1.0
343,16,13,15,0.8125,-0.09375,1.0
344,16,12,15,0.125,-1.875,1.0
345,16,9,19,-0.921875,-0.828125,0.0
346,16,2,8,-0.703125,-0.015625,1.0
347,16,5,14,-0.09375,-0.09375,0.0
348,16,13,19,-0.140625,-0.015625,1.0
349,16,3,5,-0.25,-0.4375,1.0
350,16,2,6,0.109375,-1.03125,0.0
351,16,10,12,0.03125,0.890625,1.0
352,16,6,10,0.421875,0.09375,0.0
353,16,13,19,0.734375,-0.84375,0.0
354,16,7,13,1.296875,0.84375,0.0
355,16,1,5,-1.1875,0.59375,0.0
356,17,1,2,-1.828125,-1.359375,1.0
357,17,7,19,-0.828125,-0.28125,1.0
358,17,4,15,0.328125,-2.359375,0.0
359,17,3,11,0.375,-2.953125,0.0
360,17,2,3,0.515625,-2.734375,0.0
361,17,3,17,-2.046875,0.1875,1.0
362,17,1,3,-0.375,0.46875,1.0
363,17,9,15,1.109375,-0.828125,1.0
364,17,0,3,-0.03125,-0.671875,1.0
365,17,4,11,0.5,-0.078125,0.0
366,17,10,16,0.46875,-2.921875,1.0
367,17,4,19,-0.296875,-1.796875,0.0
368,17,1,3,-1.1875,-1.484375,0.0
369,17,4,18,0.515625,-0.625,0.0
370,17,3,13,-0.78125,-2.359375,0.0
371,17,2,7,0.578125,1.03125,0.0
372,17,5,19,0.5625,-1.859375,0.0
373,17,1,3,-0.75,-1.71875,1.0
374,17,5,7,0.71875,-2.109375,1.0
375,17,2,5,0.40625,-0.453125,0.0
376,17,1,2,-0.1875,-0.890625,1.0
377,17,1,4,-0.4375,0.53125,0.0
378,17,1,2,-0.6875,-1.796875,0.0
379,17,6,8,0.828125,-0.296875,1.0
380,17,2,10,0.375,0.5625,0.0
381,17,3,8,-0.71875,0.46875,1.0
382,17,3,5,0.46875,-0.5,1.0
383,17,0,2,-1.15625,-1.703125,1.0
384,17,1,11,-0.984375,-1.28125,0.0
385,18,4,6,-0.078125,0.609375,1.0
386,18,1,5,-0.203125,0.109375,1.0
387,18,5,15,0.390625,-0.875,0.0
388,18,7,14,0.359375,0.609375,0.0
389,18,1,1,-1.40625,0.140625,0.0
390,18,0,1,0.96875,-0.921875,0.0
391,18,1,2,-0.4375,0.625,1.0
392,18,1,3,1.828125,0.34375,0.0
393,18,3,4,0.6875,-0.328125,1.0
394,18,3,10,-0.65625,1.90625,0.0
395,18,1,6,0.3125,-0.140625,0.0
396,18,17,20,1.203125,-0.5625,1.0
397,18,12,19,-0.34375,-1.609375,1.0
398,18,11,16,0.6875,-1.28125,1.0
399,18,15,18,-0.328125,-0.78125,1.0
400,18,7,18,0.0625,-0.046875,0.0
401,18,14,20,0.09375,1.28125,1.0
402,18,8,16,-0.515625,0.328125,1.0
403,18,4,11,0.15625,-0.6875,0.0
404,18,5,11,1.078125,-0.875,0.0
405,18,4,12,-0.21875,-0.375,0.0
406,18,6,12,-0.09375,0.265625,1.0
407,18,2,14,-1.59375,0.140625,0.0
408,18,2,6,0.578125,1.765625,0.0
409,18,2,5,-0.625,0.0625,1.0
410,18,0,2,-1.6875,-1.15625,0.0
411,18,3,10,-1.6875,-0.671875,0.0
412,18,4,19,-0.921875,0.28125,0.0
413,18,1,5,-1.4375,-0.234375,0.0
414,18,9,11,1.40625,-1.015625,0.0
415,18,3,12,1.28125,1.265625,0.0
416,18,2,4,-0.046875,-1.5,1.0
417,19,3,20,0.421875,-0.109375,0.0
418,19,4,5,-0.015625,-1.671875,0.0
419,19,4,7,0.421875,0.46875,1.0
420,19,6,20,-0.109375,0.125,0.0
421,19,4,5,1.9375,0.171875,0.0
422,19,7,7,2.078125,0.5,1.0
423,19,0,1,-1.046875,0.828125,1.0
424,19,3,3,0.25,0.25,1.0
425,19,8,18,0.265625,0.296875,0.0
426,19,7,10,-0.671875,-0.671875,1.0
427,19,10,15,0.90625,-1.125,1.0
428,19,5,13,0.140625,0.265625,0.0
429,19,9,14,-0.21875,-0.578125,1.0
430,19,3,3,0.796875,0.375,1.0
431,19,7,18,-1.15625,-3.125,0.0
432,19,9,18,-0.21875,-0.609375,1.0
433,19,9,17,-1.6875,-1.0625,1.0
434,19,6,11,0.953125,0.140625,1.0
435,19,9,17,-0.046875,0.5,1.0
436,19,2,6,0.734375,-1.03125,0.0
437,19,12,19,0.859375,-1.0625,0.0
438,19,3,19,0.28125,1.09375,0.0
439,19,1,6,-0.859375,1.109375,0.0
440,19,2,13,-0.6875,-0.21875,0.0
441,19,4,17,-0.4375,0.265625,0.0
442,19,4,4,1.03125,0.078125,0.0
443,19,10,18,0.953125,-1.921875,0.0
444,19,3,5,-0.09375,-1.203125,1.0
445,19,4,17,0.703125,0.78125,0.0
446,19,1,2,-0.3125,-0.125,1.0
447,19,5,17,-1.234375,-0.296875,0.0
448,19,7,9,0.109375,0.578125,1.0
449,19,1,13,-1.0625,0.0,0.0
450,19,4,8,0.484375,0.140625,0.0
451,19,2,5,-0.921875,-1.953125,0.0
452,20,7,9,1.171875,0.40625,1.0
453,20,14,19,0.40625,0.40625,0.0
454,20,6,8,0.203125,0.796875,1.0
455,20,15,17,1.34375,-0.09375,1.0
456,20,8,8,1.296875,-2.65625,0.0
457,20,8,16,-2.265625,-1.578125,0.0
458,20,3,4,0.515625,0.1875,0.0
459,20,11,15,-0.53125,1.390625,1.0
460,20,7,7,-0.421875,-0.40625,1.0
461,20,7,18,-1.875,1.40625,1.0
462,20,3,5,0.546875,-1.15625,0.0
463,20,3,3,1.234375,0.90625,0.0
464,20,9,18,-0.90625,0.765625,0.0
465,20,15,16,1.6875,-0.515625,1.0
466,20,8,8,0.0625,-0.796875,1.0
467,20,4,10,-0.140625,0.546875,0.0
468,20,5,7,0.296875,1.0,1.0
469,20,3,6,-0.75,-0.078125,0.0
470,20,8,9,1.234375,2.984375,1.0
471,20,8,12,0.0,-0.421875,0.0
472,20,12,18,0.390625,0.0625,0.0
473,20,7,7,1.515625,-1.078125,0.0
474,20,4,6,0.625,0.3125,0.0
475,20,10,14,0.328125,1.421875,1.0
476,20,6,7,-0.5625,0.1875,1.0
477,20,12,14,0.171875,0.453125,0.0
478,20,1,1,-0.359375,-0.46875,0.0
479,20,5,7,0.125,-0.546875,0.0
480,20,11,17,-0.109375,0.4375,0.0
481,20,11,16,0.0,1.640625,1.0
482,20,12,17,1.5,0.109375,0.0
483,20,2,2,-1.109375,1.296875,1.0
484,20,4,5,-1.625,0.1875,1.0
485,20,13,16,1.984375,-0.234375,1.0
486,20,2,2,-0.171875,-0.40625,1.0
487,20,6,7,1.0,0.328125,0.0
488,20,2,2,1.125,-0.078125,0.0
489,20,3,7,0.484375,0.65625,0.0
490,21,1,4,-0.140625,1.6875,1.0
491,21,6,17,-0.75,-0.53125,1.0
492,21,3,8,0.046875,1.140625,1.0
493,21,7,18,0.5625,-2.265625,0.0
494,21,1,4,-0.59375,1.703125,1.0
495,21,2,4,0.828125,-0.875,1.0
496,21,4,12,0.6875,-1.03125,0.0
497,21,2,14,0.109375,0.8125,0.0
498,21,6,8,1.3125,-0.40625,1.0
499,21,1,7,-0.609375,0.6875,0.0
500,21,4,17,-0.671875,1.203125,0.0
501,22,3,5,0.375,-0.328125,0.0
502,22,1,7,-0.125,-0.34375,1.0
503,22,2,10,-2.125,-0.578125,0.0
504,22,8,16,-0.71875,-0.875,0.0
505,22,2,3,0.328125,-2.53125,1.0
506,22,1,1,-0.75,-0.203125,0.0
507,22,1,15,-1.828125,-0.453125,0.0
508,22,3,17,-0.1875,-0.6875,0.0
509,22,1,7,-1.59375,-0.1875,0.0
510,22,7,18,-0.65625,-1.078125,1.0
511,22,1,6,0.703125,-0.75,0.0
512,22,10,19,0.4375,-1.953125,0.0
513,22,7,14,-0.421875,-1.125,1.0
514,22,8,11,2.296875,0.359375,1.0
515,23,10,20,-1.421875,-0.203125,1.0
516,23,7,17,-1.96875,-0.359375,0.0
517,23,5,11,1.015625,-0.09375,0.0
518,23,2,9,-0.109375,1.328125,0.0
519,23,2,3,-0.578125,1.125,1.0
520,23,2,6,-0.53125,0.203125,0.0
521,23,3,8,0.265625,1.046875,0.0
522,23,2,2,-1.25,0.296875,1.0
523,23,3,8,-0.234375,0.75,0.0
524,23,7,10,0.171875,0.296875,1.0
525,23,3,18,-0.5625,0.9375,0.0
526,23,0,2,-1.140625,-1.65625,0.0
527,23,7,7,-0.421875,0.03125,1.0
528,23,11,15,0.90625,-1.765625,0.0
529,23,7,9,1.75,0.09375,1.0
530,23,6,8,-0.28125,-0.703125,1.0
531,23,4,4,-0.609375,-1.375,0.0
532,24,3,6,1.40625,-1.203125,0.0
533,24,5,8,0.140625,-1.96875,0.0
534,24,2,14,1.203125,-0.625,0.0
535,24,0,1,1.515625,1.390625,1.0
536,24,2,4,0.75,-1.21875,0.0
537,24,7,18,-0.203125,-1.03125,1.0
538,24,3,13,-2.046875,-2.203125,0.0
539,24,8,10,0.96875,-3.078125,1.0
540,24,4,14,-1.046875,-1.515625,1.0
541,24,0,1,-2.0625,-0.875,1.0
542,24,1,11,-0.5,0.203125,1.0
543,24,1,1,2.65625,-2.484375,0.0
544,24,4,14,-0.28125,-1.171875,1.0
545,24,9,17,0.671875,0.34375,1.0
546,24,1,5,-0.640625,0.296875,1.0
547,24,7,18,1.671875,-0.375,0.0
548,24,1,3,-0.0625,-1.015625,0.0
549,24,3,18,-0.078125,1.046875,0.0
550,24,2,14,-1.5625,-1.265625,0.0
551,24,2,13,-0.796875,1.28125,0.0
552,25,13,18,0.78125,-0.359375,1.0
553,25,2,4,-1.734375,-1.546875,1.0
554,25,3,3,1.546875,-1.046875,0.0
555,25,7,9,0.3125,-0.40625,0.0
556,25,3,9,-0.328125,0.828125,0.0
557,25,4,5,0.8125,-0.515625,1.0
558,25,2,4,0.359375,-0.265625,0.0
559,25,9,18,0.265625,-0.53125,0.0
560,25,1,1,-1.40625,-0.515625,1.0
561,25,9,13,-0.359375,0.328125,1.0
562,25,6,12,1.0625,0.03125,0.0
563,25,12,18,1.171875,-1.546875,0.0
564,25,8,17,0.140625,0.734375,0.0
565,25,9,15,-0.03125,-0.203125,0.0
566,25,1,1,0.796875,-0.328125,0.0
567,25,3,8,1.15625,1.515625,0.0
568,25,1,6,0.03125,-0.578125,1.0
569,25,3,4,0.109375,0.453125,1.0
570,25,5,16,-0.484375,-1.078125,0.0
571,25,1,3,-1.0625,0.15625,1.0
572,25,1,1,-1.5,-0.515625,1.0
573,25,14,17,1.5,-0.609375,0.0
574,25,7,12,0.875,-0.265625,0.0
575,26,3,3,-0.015625,0.234375,1.0
576,26,13,20,0.265625,0.28125,1.0
577,26,6,17,1.03125,0.0625,0.0
578,26,7,19,-1.375,-0.609375,0.0
579,26,2,10,-0.21875,0.0,0.0
580,26,3,13,0.625,1.5625,1.0
581,26,5,7,0.578125,-0.03125,1.0
582,26,3,5,-0.640625,-1.0625,1.0
583,26,6,19,-1.8125,0.453125,1.0
584,26,7,19,-0.703125,0.21875,0.0
585,26,8,19,-0.890625,0.109375,0.0
586,26,1,5,-0.71875,-0.109375,1.0
587,26,3,7,1.078125,0.421875,1.0
588,26,7,15,-2.171875,-0.375,1.0
589,26,6,7,1.40625,-0.84375,0.0
590,26,8,10,0.4375,-0.578125,1.0
591,26,14,18,1.9375,0.328125,1.0
592,26,1,4,-1.15625,-0.296875,0.0
593,26,4,8,0.28125,0.890625,0.0
594,26,2,2,0.578125,0.09375,0.0
595,26,1,3,-0.140625,0.921875,0.0
596,26,10,16,-0.265625,0.1875,0.0
597,26,7,16,-0.140625,0.0,0.0
598,26,7,9,1.6875,-0.671875,1.0
599,26,7,14,1.109375,0.484375,0.0
600,26,12,19,0.40625,-0.5,1.0
601,27,8,13,0.03125,0.671875,1.0
602,27,8,16,-1.25,-0.484375,0.0
603,27,2,3,-0.1875,-0.109375,0.0
604,27,12,18,-0.125,0.078125,1.0
605,27,3,6,1.125,0.34375,0.0
606,27,6,14,0.09375,0.015625,0.0
607,27,3,3,0.71875,-2.34375,0.0
608,27,15,19,0.359375,-0.765625,0.0
609,27,4,4,-0.9375,-0.953125,1.0
610,27,5,7,2.03125,-0.265625,0.0
611,27,7,10,0.890625,0.359375,0.0
612,27,4,6,0.40625,2.375,1.0
613,27,15,17,0.5,-0.3125,1.0
614,27,12,18,-0.640625,0.421875,1.0
615,27,9,12,-0.046875,-0.265625,1.0
616,27,2,5,-0.3125,1.046875,0.0
617,27,11,13,1.984375,-0.84375,1.0
618,27,5,17,-1.484375,2.390625,0.0
619,27,8,13,0.546875,0.1875,0.0
620,27,3,5,0.703125,1.078125,1.0
621,27,10,17,0.140625,0.78125,0.0
622,27,6,15,-1.921875,1.109375,0.0
623,27,14,20,-0.578125,0.125,0.0
624,27,7,8,1.40625,-0.421875,1.0
625,27,1,1,1.78125,0.3125,1.0
626,27,4,10,-0.578125,-0.65625,0.0
627,27,8,16,-1.0,1.078125,1.0
628,27,6,8,-0.21875,1.140625,1.0
629,27,10,14,-0.640625,0.359375,1.0
630,28,0,1,-0.28125,1.046875,1.0
631,28,0,1,-0.984375,-0.640625,0.0
632,28,2,8,-3.0625,-0.984375,0.0
633,28,7,17,1.21875,-0.734375,0.0
634,28,8,10,0.578125,-0.96875,1.0
635,28,7,14,1.71875,-0.15625,0.0
636,28,2,7,-0.46875,-0.578125,0.0
637,28,1,2,0.296875,0.203125,1.0
638,28,1,4,0.828125,-2.625,0.0
639,28,2,4,0.578125,0.484375,1.0
640,28,0,3,0.109375,-0.46875,1.0
641,28,9,20,0.46875,-0.78125,1.0
642,28,5,6,-0.234375,-1.75,1.0
643,28,9,13,0.203125,-1.421875,0.0
644,28,1,3,0.28125,-1.09375,0.0
645,28,1,13,0.109375,0.25,0.0
646,28,5,18,0.484375,-0.8125,0.0
647,28,0,3,-0.34375,-0.6875,0.0
648,28,4,10,0.296875,-1.140625,1.0
649,28,7,12,-0.1875,-0.8125,1.0
650,28,2,6,1.140625,-2.015625,0.0
651,28,6,14,0.46875,-0.34375,1.0
652,28,2,15,0.234375,0.734375,0.0
653,28,0,11,-0.171875,-0.515625,0.0
654,28,2,8,-1.921875,-3.421875,0.0
655,28,0,7,-1.109375,0.09375,0.0
656,28,5,14,-0.875,0.640625,0.0
657,28,6,15,-1.171875,-0.75,1.0
658,28,1,1,-0.46875,0.734375,1.0
659,28,8,8,1.09375,-2.578125,1.0
660,28,6,15,0.9375,-1.125,0.0
661,28,4,7,0.421875,-2.609375,1.0
662,29,1,6,-1.21875,-0.796875,0.0
663,29,5,11,1.4375,-2.140625,1.0
664,29,7,17,0.828125,-1.96875,0.0
665,29,3,5,-0.640625,-1.03125,1.0
666,29,5,19,0.796875,-0.21875,0.0
667,29,1,1,-0.734375,-2.0,1.0
668,29,5,12,0.671875,0.671875,0.0
669,29,0,2,0.375,-0.921875,1.0
670,29,5,13,0.3125,-0.671875,0.0
671,29,5,7,0.828125,-0.046875,1.0
672,29,1,9,-0.171875,-0.5,0.0
673,29,6,14,0.515625,-0.375,1.0
674,29,4,11,-0.75,-1.40625,1.0
675,29,14,19,1.203125,-1.390625,0.0
676,29,0,1,-0.546875,-0.34375,1.0
677,29,1,1,-0.796875,-0.109375,0.0
678,29,2,4,0.859375,-1.734375,1.0
679,29,1,6,-2.671875,0.015625,0.0
680,29,12,14,0.65625,-2.65625,1.0
681,29,10,18,0.265625,-0.78125,0.0
682,29,4,14,0.328125,0.59375,0.0
683,29,2,12,0.25,-0.015625,0.0
684,29,8,14,0.546875,-0.265625,1.0
685,29,2,6,-0.296875,-1.0625,0.0
686,29,4,18,-0.609375,-0.328125,0.0
687,29,2,13,-1.078125,-0.484375,0.0
688,29,1,7,-2.296875,-1.5625,0.0
689,29,3,14,0.890625,0.96875,0.0
690,29,1,8,0.296875,-0.390625,0.0
691,29,1,6,-0.84375,-1.21875,0.0
692,29,4,8,-0.859375,-1.859375,0.0
693,29,17,20,2.65625,-0.15625,1.0
694,29,2,3,0.609375,-1.78125,1.0
695,29,5,10,2.046875,0.59375,0.0
696,29,0,1,-1.75,-1.359375,0.0
697,30,2,3,-0.40625,-0.921875,0.0
698,30,8,10,-1.0625,-1.84375,0.0
699,30,5,7,1.15625,-1.015625,1.0
700,30,13,18,-0.03125,0.46875,1.0
701,30,6,9,1.34375,0.125,1.0
702,30,8,15,-1.234375,-0.59375,1.0
703,30,6,7,0.796875,-0.625,0.0
704,30,6,8,-1.015625,0.21875,1.0
705,30,6,17,-0.5,0.234375,0.0
706,30,4,17,-0.5625,0.609375,0.0
707,30,7,9,-0.921875,-1.390625,1.0
708,30,1,4,-0.59375,0.296875,1.0
709,30,3,4,0.46875,-1.609375,1.0
710,30,1,1,-0.640625,0.25,0.0
711,30,13,18,1.796875,-0.546875,0.0
712,30,10,15,-0.28125,-0.3125,0.0
713,30,5,13,0.296875,-0.734375,0.0
714,30,8,20,0.4375,0.078125,0.0
715,30,4,15,-0.90625,0.796875,1.0
716,30,6,9,-2.5,0.15625,1.0
717,30,2,4,-0.53125,-0.234375,1.0
718,30,0,2,-0.75,1.953125,0.0
719,30,13,15,-0.265625,0.453125,1.0
720,30,10,14,1.375,-1.71875,0.0
721,30,7,20,0.546875,0.90625,0.0
722,30,11,16,1.609375,-0.984375,0.0
723,30,7,12,-0.15625,1.046875,1.0
724,30,1,6,0.265625,0.359375,0.0
725,30,0,1,1.0625,-0.171875,0.0
726,30,1,6,-0.515625,-0.328125,0.0
727,30,16,19,-0.046875,-1.6875,1.0
728,30,0,1,-0.609375,-1.28125,0.0
729,30,0,7,-3.0,0.421875,0.0
730,30,3,8,0.4375,-0.078125,0.0
731,30,4,14,-0.453125,0.984375,0.0
732,30,8,15,0.34375,-1.3125,0.0
733,30,8,13,0.953125,-0.40625,0.0
734,30,0,1,-1.59375,-0.84375,0.0
