id,provider,y,x1,x2,x3
0,1,0.5244140625,0.265625,0.515625,0.0
1,2,-0.45703125,0.78125,1.21875,0.0
2,2,1.4375,0.265625,-0.875,0.0
3,3,-1.3759765625,-1.75,-0.140625,0.0
4,3,-0.4052734375,0.59375,-0.484375,0.0
5,3,-1.3544921875,-0.578125,-0.3125,0.0
6,4,0.84375,0.859375,0.75,1.0
7,4,-1.6279296875,0.625,0.609375,0.0
8,4,-1.0048828125,-0.609375,-0.796875,1.0
9,4,-1.505859375,-0.703125,0.09375,0.0
10,4,0.1865234375,-0.828125,-0.734375,0.0
11,4,0.2724609375,0.140625,-0.0625,0.0
12,4,1.7607421875,0.9375,-1.203125,1.0
13,4,0.3818359375,0.015625,-0.140625,1.0
14,4,1.4267578125,0.6875,-0.828125,0.0
15,4,1.083984375,0.3125,-0.125,0.0
16,4,1.138671875,1.5,-0.734375,1.0
17,4,-2.611328125,-2.0,-0.90625,1.0
18,4,-1.2216796875,-2.125,0.03125,0.0
19,4,-0.333984375,-0.203125,-0.421875,0.0
20,4,0.4189453125,0.640625,-0.0625,0.0
21,4,-0.1220703125,-0.40625,-0.5,1.0
22,4,-1.2138671875,0.421875,0.53125,0.0
23,4,-2.1689453125,-1.171875,-0.90625,0.0
24,4,-0.5654296875,-1.265625,0.6875,0.0
25,4,-0.2802734375,-0.71875,1.25,0.0
26,5,0.8544921875,0.203125,-0.890625,0.0
27,5,-0.150390625,0.265625,2.015625,0.0
28,5,0.568359375,-0.421875,1.671875,1.0
29,5,1.69140625,0.0625,0.078125,0.0
30,5,0.82421875,-0.40625,-0.109375,0.0
31,5,-2.220703125,-0.546875,1.65625,0.0
32,5,1.080078125,0.203125,0.484375,0.0
33,5,1.67578125,1.703125,-0.296875,0.0
34,5,-1.005859375,-1.890625,2.0625,0.0
35,5,0.5419921875,0.59375,0.40625,0.0
36,5,2.1474609375,0.671875,0.5625,0.0
37,5,0.171875,-1.21875,0.265625,1.0
38,5,0.7470703125,0.3125,-0.0625,0.0
39,5,0.966796875,0.109375,0.359375,1.0
40,5,-1.302734375,-0.46875,-0.140625,1.0
41,5,0.2724609375,-0.5,0.734375,0.0
42,5,-1.185546875,-1.40625,1.28125,0.0
43,5,0.0751953125,1.703125,1.3125,0.0
44,5,2.3369140625,2.34375,1.421875,1.0
45,5,1.1923828125,1.59375,1.734375,0.0
46,5,0.0986328125,-0.28125,1.0,0.0
47,5,1.0625,0.28125,-0.375,1.0
48,5,0.9599609375,0.375,1.1875,0.0
49,5,1.328125,-0.8125,-1.421875,0.0
50,5,0.888671875,-0.265625,-0.484375,1.0
51,5,0.8720703125,0.53125,0.515625,1.0
52,5,0.4013671875,-0.421875,-1.453125,0.0
53,5,-2.3935546875,-1.765625,1.703125,0.0
54,5,0.455078125,-1.265625,-0.78125,0.0
55,5,0.7529296875,0.25,-1.265625,0.0
56,5,-0.9560546875,-0.34375,-0.53125,0.0
57,5,0.7392578125,-0.296875,-0.53125,0.0
58,5,2.859375,1.359375,0.203125,1.0
59,5,0.2158203125,0.078125,0.078125,0.0
60,5,0.42578125,-0.71875,1.265625,1.0
61,5,0.8662109375,-0.0625,0.0625,0.0
62,5,0.9794921875,2.15625,0.40625,0.0
63,6,2.0888671875,-0.109375,-0.671875,0.0
64,6,1.52734375,0.6875,-0.515625,1.0
65,6,-2.3544921875,-2.78125,-0.5,0.0
66,6,-1.740234375,0.828125,0.6875,1.0
67,6,-4.0234375,0.734375,2.375,0.0
68,6,-0.3642578125,-0.921875,0.0625,1.0
69,6,0.0439453125,1.0625,2.03125,0.0
70,6,1.98046875,-0.15625,-0.890625,1.0
71,6,1.3408203125,0.1875,-0.484375,1.0
72,6,0.5888671875,0.859375,0.640625,1.0
73,6,2.1669921875,1.34375,0.734375,0.0
74,6,1.6044921875,0.171875,0.875,0.0
75,6,-0.47265625,0.6875,1.703125,1.0
76,6,1.5078125,0.453125,-0.078125,0.0
77,6,0.4951171875,-0.71875,1.203125,1.0
78,6,0.54296875,1.640625,0.375,0.0
79,6,3.0205078125,0.78125,-2.703125,1.0
80,6,0.7099609375,0.15625,-0.875,0.0
81,6,2.4169921875,1.078125,-0.40625,0.0
82,6,1.6044921875,0.546875,0.234375,0.0
83,6,-2.4033203125,-0.546875,0.65625,1.0
84,6,1.1357421875,1.015625,-0.140625,1.0
85,6,1.1923828125,0.078125,1.4375,1.0
86,6,1.6220703125,0.640625,-0.84375,0.0
87,6,-0.126953125,0.96875,0.109375,0.0
88,6,0.25,0.96875,1.046875,1.0
89,6,1.1337890625,1.90625,-1.0,0.0
90,6,-0.0078125,0.21875,1.375,0.0
91,6,-1.4736328125,-0.140625,1.078125,1.0
92,6,0.8505859375,-0.703125,-0.03125,0.0
93,6,0.474609375,-0.609375,0.125,0.0
94,6,2.3837890625,0.6875,0.046875,0.0
95,6,1.5390625,0.453125,0.15625,0.0
96,6,-0.150390625,-0.828125,1.375,0.0
97,6,0.615234375,-0.578125,0.640625,1.0
98,6,1.05859375,-0.40625,-1.25,0.0
99,6,0.537109375,1.59375,-1.40625,1.0
100,6,-0.3349609375,-0.890625,0.734375,0.0
101,6,0.9716796875,0.390625,-2.5,0.0
102,6,-2.7451171875,-1.59375,-1.453125,0.0
103,6,1.8603515625,-0.1875,-0.484375,0.0
104,6,1.578125,1.421875,0.09375,1.0
105,6,-2.8251953125,-1.203125,1.46875,1.0
106,6,1.3017578125,1.1875,0.296875,0.0
107,6,-2.359375,-1.84375,3.625,1.0
108,6,0.2998046875,0.09375,0.328125,0.0
109,6,0.6318359375,-1.0625,0.96875,1.0
110,6,-1.1650390625,0.015625,1.125,1.0
111,6,0.9228515625,-0.203125,0.015625,0.0
112,6,-0.3369140625,0.84375,1.0625,1.0
113,6,0.8642578125,0.3125,0.703125,1.0
114,6,1.1337890625,0.203125,0.34375,1.0
115,6,-0.4306640625,-0.5,-0.515625,0.0
116,6,3.2587890625,0.484375,-0.3125,0.0
117,7,-1.9482421875,-1.453125,0.390625,0.0
118,7,-0.5927734375,-0.4375,-1.171875,1.0
119,7,-0.5966796875,-0.859375,-0.796875,1.0
120,7,-2.6552734375,1.171875,0.0625,0.0
121,7,-1.66796875,-0.546875,0.578125,1.0
122,7,1.1591796875,1.359375,-1.21875,1.0
123,7,0.3505859375,-0.40625,-1.078125,1.0
124,7,0.8701171875,0.84375,-1.4375,0.0
125,7,-0.1201171875,0.828125,-0.03125,1.0
126,7,2.3134765625,0.140625,-1.15625,0.0
127,7,-0.232421875,0.75,1.890625,0.0
128,7,-0.1533203125,0.375,0.40625,0.0
129,7,1.08203125,2.140625,0.75,1.0
130,7,1.7314453125,2.40625,0.171875,1.0
131,7,-1.421875,-0.3125,-1.03125,0.0
132,7,0.0322265625,0.53125,-3.0,0.0
133,7,0.0966796875,1.1875,1.03125,1.0
134,7,-1.9111328125,0.609375,-0.125,0.0
135,7,2.7978515625,2.0,-2.34375,1.0
136,7,-0.3232421875,2.671875,2.40625,0.0
137,7,-1.8671875,-1.9375,0.3125,0.0
138,7,-1.7490234375,-0.515625,1.171875,0.0
139,7,0.046875,1.375,-0.6875,1.0
140,7,-0.0146484375,0.5625,-2.21875,0.0
141,7,-1.2099609375,-0.671875,-1.21875,0.0
142,7,0.091796875,-0.203125,0.359375,0.0
143,7,2.2265625,0.171875,-2.5625,1.0
144,7,0.7890625,1.703125,-0.96875,0.0
145,7,-1.5205078125,-0.90625,0.71875,1.0
146,7,-1.4873046875,0.25,0.640625,1.0
147,7,1.947265625,1.53125,-0.359375,0.0
148,7,2.0556640625,1.09375,-3.015625,1.0
149,7,-1.23828125,-0.09375,-0.703125,0.0
150,7,-2.49609375,-0.234375,0.859375,1.0
151,7,-1.6708984375,-1.75,0.4375,1.0
152,7,0.0791015625,-1.671875,-0.828125,0.0
153,7,-1.1318359375,-0.84375,-0.046875,1.0
154,7,-1.13671875,0.875,0.140625,0.0
155,7,-0.6396484375,0.859375,-0.828125,0.0
156,7,0.2177734375,1.34375,-1.171875,0.0
157,7,-1.814453125,0.953125,-1.140625,0.0
158,7,1.6005859375,0.796875,-1.28125,1.0
159,7,-1.02734375,0.203125,-0.515625,0.0
160,7,-3.0869140625,-0.765625,-0.46875,0.0
161,7,-2.892578125,1.25,0.15625,0.0
162,7,-0.595703125,-0.34375,0.15625,1.0
163,7,-1.5166015625,-1.78125,-0.5625,1.0
164,7,2.5146484375,0.484375,-2.578125,1.0
165,7,0.1484375,0.125,0.125,0.0
166,7,1.3427734375,2.46875,-1.328125,0.0
167,7,-3.4501953125,-0.234375,1.3125,0.0
168,7,-0.0126953125,0.375,-0.734375,0.0
169,7,-3.2763671875,-1.125,1.828125,0.0
170,7,-0.349609375,0.703125,0.21875,0.0
171,7,-2.8759765625,0.28125,1.25,0.0
172,7,-1.7080078125,-0.796875,-0.234375,0.0
173,7,-0.94921875,0.265625,0.09375,0.0
174,7,-2.7607421875,-1.265625,-0.84375,0.0
175,7,-1.7119140625,0.59375,-0.90625,0.0
176,7,-2.7041015625,-0.4375,-0.90625,1.0
177,7,-0.6787109375,0.375,0.328125,0.0
178,7,0.3818359375,-0.890625,-1.5625,0.0
179,7,-1.8369140625,-0.765625,0.59375,0.0
180,7,-3.2490234375,-0.15625,-0.6875,0.0
181,7,-0.365234375,0.84375,0.203125,0.0
182,7,-1.4521484375,0.140625,-1.40625,1.0
183,7,-2.0712890625,-2.375,-0.359375,1.0
184,7,2.447265625,0.671875,-2.140625,0.0
185,7,-0.08984375,-0.109375,-1.078125,0.0
186,7,-2.654296875,0.640625,-0.625,0.0
187,7,1.8076171875,1.15625,-1.453125,0.0
188,8,2.2978515625,1.875,-0.140625,1.0
189,8,1.3828125,0.5,0.09375,0.0
190,8,1.4111328125,0.6875,-1.796875,0.0
191,8,-1.1015625,-1.796875,-0.28125,1.0
192,8,0.4365234375,1.421875,0.34375,1.0
193,8,0.3681640625,-1.25,0.296875,0.0
194,8,-0.0537109375,-2.015625,-1.328125,0.0
195,8,1.3369140625,0.5,-0.59375,1.0
196,8,1.6044921875,0.734375,-1.375,0.0
197,8,1.498046875,1.4375,0.9375,1.0
198,8,1.271484375,1.15625,0.359375,1.0
199,8,0.07421875,0.359375,2.6875,0.0
200,8,0.86328125,0.328125,-0.515625,0.0
201,8,0.7998046875,0.859375,1.609375,0.0
202,8,0.7548828125,0.359375,0.109375,1.0
203,8,-0.1396484375,0.453125,0.171875,0.0
204,8,-0.5927734375,-2.03125,1.140625,1.0
205,8,2.1728515625,-0.109375,-1.859375,0.0
206,8,1.9580078125,-0.375,-1.109375,0.0
207,8,-0.65625,0.515625,1.609375,0.0
208,8,-1.353515625,-0.796875,1.09375,1.0
209,8,-1.923828125,0.9375,1.953125,0.0
210,8,0.5,0.75,0.640625,0.0
211,8,-1.3671875,-1.125,-0.390625,0.0
212,8,0.9208984375,0.03125,0.9375,0.0
213,8,-0.3818359375,0.546875,-0.359375,0.0
214,8,0.2509765625,-1.078125,0.015625,0.0
215,8,-2.6865234375,-2.421875,-0.046875,1.0
216,8,0.537109375,-0.25,-0.78125,1.0
217,8,0.8330078125,0.25,2.203125,1.0
218,8,-0.4013671875,0.015625,0.8125,1.0
219,8,1.3076171875,1.078125,0.21875,0.0
220,8,0.861328125,0.296875,0.484375,0.0
221,8,0.34375,1.609375,-0.484375,0.0
222,8,2.1103515625,-0.578125,-0.296875,0.0
223,8,0.3349609375,1.65625,0.203125,1.0
224,8,-0.275390625,-0.296875,0.40625,1.0
225,8,2.1103515625,0.5,-2.09375,1.0
226,8,-1.328125,-1.875,1.40625,1.0
227,8,1.529296875,-0.78125,-1.96875,0.0
228,8,3.052734375,1.1875,-0.890625,1.0
229,8,-0.1708984375,0.0625,-1.3125,1.0
230,8,-0.0859375,0.015625,0.1875,0.0
231,8,-2.0341796875,-1.203125,-1.6875,0.0
232,8,0.837890625,0.796875,1.078125,1.0
233,8,-1.390625,-1.0,0.765625,1.0
234,8,1.48046875,1.46875,1.015625,1.0
235,8,-1.4990234375,0.609375,0.875,0.0
236,8,-1.2900390625,-0.5625,-0.25,0.0
237,8,0.1455078125,-0.8125,0.328125,1.0
238,8,0.9052734375,-0.53125,-0.890625,0.0
239,8,0.318359375,0.375,-0.359375,0.0
240,8,-0.0517578125,0.25,0.515625,1.0
241,8,-0.8046875,-1.625,-1.1875,1.0
242,8,-0.041015625,0.34375,-0.21875,0.0
243,8,-0.7958984375,-1.078125,-0.421875,1.0
244,8,4.0205078125,1.84375,0.96875,1.0
245,8,-0.9404296875,-1.890625,0.609375,0.0
246,8,-0.5087890625,0.9375,-0.359375,0.0
247,8,-1.669921875,-1.203125,0.875,0.0
248,8,-1.255859375,0.390625,2.015625,1.0
249,8,0.6865234375,1.1875,1.171875,0.0
250,8,2.58984375,0.46875,0.171875,0.0
251,8,0.3671875,-1.171875,0.203125,0.0
252,8,-0.4833984375,-1.546875,-0.890625,0.0
253,8,2.2861328125,1.484375,-0.46875,1.0
254,8,-0.791015625,-0.8125,0.359375,0.0
255,8,-0.4482421875,0.78125,0.453125,0.0
256,8,1.201171875,1.203125,-1.34375,0.0
257,8,0.5361328125,-1.65625,-1.171875,0.0
258,8,0.7509765625,1.984375,-1.15625,0.0
259,8,1.87890625,-0.125,-1.078125,0.0
260,8,2.6240234375,-0.203125,-0.5625,0.0
261,8,-0.5048828125,-0.984375,-0.09375,0.0
262,8,2.0439453125,0.234375,-1.109375,0.0
263,8,1.357421875,0.484375,-0.625,1.0
264,8,1.69140625,1.0625,-1.90625,0.0
265,8,-0.9501953125,1.046875,-0.171875,0.0
266,8,0.1123046875,1.03125,0.296875,0.0
267,8,1.8857421875,-0.109375,-0.5,0.0
268,8,1.2353515625,-0.09375,-1.515625,1.0
269,8,-1.2724609375,0.125,2.453125,0.0
270,8,2.2880859375,0.1875,-0.78125,0.0
271,8,1.19140625,1.28125,0.46875,1.0
272,8,0.01171875,0.921875,-2.140625,0.0
273,8,-0.138671875,-0.15625,-0.703125,0.0
274,8,0.86328125,-0.921875,0.171875,0.0
275,8,-0.189453125,-1.921875,-0.046875,0.0
276,9,0.6162109375,0.84375,1.328125,0.0
277,9,-1.0205078125,-0.09375,-0.109375,1.0
278,9,0.03125,2.484375,-0.28125,1.0
279,9,1.259765625,0.765625,-0.125,0.0
280,9,-0.630859375,1.234375,1.0625,0.0
281,9,0.6875,0.53125,1.203125,0.0
282,9,1.34375,1.140625,0.25,0.0
283,9,1.408203125,0.75,-1.09375,1.0
284,9,0.279296875,0.171875,0.796875,0.0
285,9,1.0341796875,-0.375,-0.84375,1.0
286,9,-0.1015625,-0.265625,-0.984375,1.0
287,9,-0.6630859375,-0.046875,-0.640625,0.0
288,9,-0.2294921875,0.859375,-1.140625,0.0
289,9,0.408203125,0.75,-0.796875,0.0
290,9,-0.578125,1.484375,1.671875,0.0
291,9,-0.8125,-0.078125,-1.0625,0.0
292,9,-0.615234375,0.28125,-0.15625,0.0
293,9,1.615234375,-2.015625,-1.59375,0.0
294,9,0.4462890625,-0.625,-0.90625,0.0
295,9,-1.8095703125,-0.578125,-0.453125,0.0
296,9,1.55859375,0.0625,0.03125,0.0
297,9,-1.87109375,0.203125,0.03125,0.0
298,9,-0.5537109375,-0.421875,-0.15625,0.0
299,9,-0.5185546875,0.453125,-0.796875,0.0
300,9,-1.994140625,-0.40625,1.40625,1.0
301,9,-0.984375,0.03125,0.640625,0.0
302,9,0.4658203125,-0.578125,-0.625,1.0
303,9,1.634765625,0.234375,-0.3125,1.0
304,9,-1.927734375,-0.546875,-0.53125,1.0
305,9,-0.427734375,-0.1875,-0.109375,1.0
306,9,-1.0068359375,-0.765625,-0.71875,1.0
307,9,-1.0107421875,-1.3125,0.65625,0.0
308,9,1.576171875,1.3125,0.859375,1.0
309,9,-1.9677734375,-0.734375,-0.203125,0.0
310,9,-0.2939453125,1.09375,0.28125,0.0
311,9,-0.912109375,-0.3125,-0.65625,0.0
312,9,-0.0361328125,-0.015625,1.1875,0.0
313,9,-0.3447265625,0.09375,-0.46875,0.0
314,9,-1.619140625,-0.859375,0.421875,1.0
315,9,-2.388671875,-1.6875,0.296875,0.0
316,9,0.478515625,0.78125,-1.015625,1.0
317,9,1.0341796875,0.21875,-1.890625,0.0
318,9,1.037109375,-1.640625,-0.84375,1.0
319,9,-1.9794921875,-0.71875,-1.140625,0.0
320,9,-1.0771484375,-0.640625,-0.734375,0.0
321,9,1.1630859375,1.09375,-0.171875,0.0
322,9,-1.6806640625,0.515625,-0.171875,1.0
323,9,0.8115234375,-0.015625,-0.625,1.0
324,9,0.271484375,1.109375,1.65625,0.0
325,9,1.119140625,0.40625,-1.3125,1.0
326,9,-2.302734375,-0.734375,0.875,1.0
327,9,0.19921875,-1.390625,0.65625,0.0
328,9,1.2392578125,0.96875,-0.90625,0.0
329,9,-2.48828125,-1.71875,1.921875,1.0
330,9,1.6123046875,1.1875,1.25,1.0
331,9,-3.333984375,-1.796875,0.25,0.0
332,9,-1.7333984375,-0.671875,0.40625,0.0
333,9,-1.1572265625,1.21875,0.0,0.0
334,9,0.0224609375,0.875,0.5625,0.0
335,9,1.12890625,1.15625,-0.578125,0.0
336,9,-1.9755859375,-1.5,1.09375,1.0
337,9,-0.875,-0.3125,0.953125,1.0
338,9,0.958984375,-0.078125,-0.453125,1.0
339,9,-0.146484375,-0.421875,-1.5625,1.0
340,9,-1.53515625,-0.609375,1.078125,0.0
341,9,-1.3623046875,0.28125,0.125,0.0
342,9,0.859375,-0.015625,-0.953125,0.0
343,9,-1.9970703125,-0.984375,1.390625,0.0
344,9,0.9296875,-0.59375,0.140625,0.0
345,9,-0.220703125,-0.28125,-1.59375,0.0
346,9,-0.1259765625,-0.046875,0.875,0.0
347,9,0.8828125,-0.28125,-1.25,1.0
348,9,-1.7353515625,-1.546875,-1.984375,0.0
349,9,1.3388671875,0.0625,-0.828125,1.0
350,9,0.845703125,0.484375,-0.296875,0.0
351,9,3.3427734375,1.546875,-1.96875,1.0
352,9,-0.826171875,-0.53125,2.28125,0.0
353,9,0.4287109375,0.890625,0.21875,1.0
354,9,1.2138671875,-0.5625,0.125,1.0
355,9,1.685546875,1.25,-0.28125,1.0
356,9,0.7080078125,-0.140625,0.21875,1.0
357,9,-1.701171875,0.109375,-0.90625,0.0
358,9,-1.8466796875,-0.203125,-0.359375,1.0
359,9,-2.095703125,0.15625,1.09375,1.0
360,9,0.3603515625,0.1875,-0.359375,1.0
361,9,-1.349609375,-1.375,0.140625,0.0
362,9,1.4208984375,0.671875,-0.296875,1.0
363,9,-1.5107421875,-1.0,1.84375,1.0
364,9,-2.2861328125,-0.171875,1.15625,1.0
365,9,-0.05859375,0.953125,0.359375,0.0
366,9,1.0849609375,-0.203125,0.71875,1.0
367,9,0.275390625,-0.640625,0.296875,0.0
368,9,-0.5234375,1.703125,0.25,0.0
369,9,-0.408203125,1.421875,2.71875,1.0
370,9,0.9638671875,1.4375,-2.3125,1.0
371,9,1.2041015625,1.078125,-0.21875,0.0
372,9,1.5908203125,0.515625,-0.015625,1.0
373,9,0.396484375,0.234375,0.90625,0.0
374,9,-1.6025390625,-1.421875,-1.59375,0.0
375,9,-1.0537109375,-0.90625,-0.71875,0.0
376,9,-1.154296875,-0.828125,0.34375,0.0
377,9,3.4931640625,1.109375,-2.015625,0.0
378,9,1.8427734375,2.4375,0.5,0.0
379,9,-0.4619140625,0.828125,2.15625,0.0
380,9,0.650390625,-0.171875,-1.03125,1.0
381,10,-1.23828125,-0.859375,0.75,1.0
382,10,-1.2890625,-1.140625,0.078125,1.0
383,10,-0.75390625,-0.546875,0.828125,1.0
384,10,-0.5224609375,-0.3125,-0.6875,0.0
385,10,0.708984375,-0.65625,-2.453125,0.0
386,11,-0.90234375,-0.515625,0.75,1.0
387,11,1.9013671875,0.921875,-1.0625,1.0
388,11,-1.5068359375,0.234375,1.15625,0.0
389,11,-0.5615234375,-0.203125,1.796875,0.0
390,11,-2.1728515625,-1.4375,0.75,0.0
391,11,0.2724609375,-0.890625,-0.875,1.0
392,11,-0.2333984375,-0.640625,-0.46875,1.0
393,11,-1.6875,0.40625,1.359375,0.0
394,11,-2.2412109375,-1.671875,1.375,1.0
395,11,-0.9638671875,0.21875,0.53125,0.0
396,11,-0.07421875,1.375,0.109375,0.0
397,11,-1.720703125,0.203125,1.46875,0.0
398,11,-3.7998046875,-1.40625,0.4375,0.0
399,11,0.3359375,0.984375,0.234375,1.0
400,11,-0.85546875,0.015625,0.78125,0.0
401,11,-1.0029296875,0.640625,0.265625,0.0
402,11,-1.7060546875,0.953125,1.078125,0.0
403,11,0.4423828125,0.65625,1.40625,1.0
404,11,-0.28125,-0.140625,0.390625,0.0
405,11,1.31640625,-0.890625,-2.484375,0.0
406,11,2.576171875,2.234375,-0.09375,0.0
407,11,-1.37890625,-0.828125,-0.578125,1.0
408,12,0.8681640625,-0.140625,0.40625,0.0
409,12,3.8349609375,0.875,-0.25,1.0
410,12,-2.2001953125,-0.96875,1.734375,0.0
411,12,0.2060546875,-0.921875,-0.890625,0.0
412,12,0.123046875,1.25,0.84375,0.0
413,12,-0.53515625,-1.09375,0.40625,0.0
414,12,0.4931640625,0.109375,-0.375,0.0
415,12,0.1279296875,0.171875,-1.046875,0.0
416,12,-2.32421875,-1.484375,-0.75,0.0
417,12,-2.2841796875,-0.703125,0.859375,1.0
418,12,1.3671875,-0.859375,-1.4375,0.0
419,12,-0.208984375,-0.53125,-0.265625,0.0
420,12,-0.4111328125,-1.078125,-0.828125,0.0
421,12,1.63671875,0.921875,0.015625,1.0
422,12,0.0712890625,-0.328125,-0.75,0.0
423,12,3.1279296875,0.9375,-0.484375,0.0
424,12,1.8203125,0.84375,-1.359375,1.0
425,12,-0.421875,-1.734375,0.15625,0.0
426,12,1.6328125,0.84375,-0.859375,1.0
427,12,-1.869140625,-0.546875,0.015625,0.0
428,12,2.044921875,0.703125,-1.796875,0.0
429,12,1.73828125,0.984375,-1.28125,0.0
430,12,0.814453125,1.296875,-0.40625,0.0
431,12,2.5888671875,0.984375,-0.796875,0.0
432,12,1.0146484375,-0.125,-0.25,1.0
433,12,0.69921875,-0.59375,-0.65625,0.0
434,12,-1.4306640625,0.109375,0.671875,0.0
435,12,-0.4677734375,0.25,0.46875,0.0
436,12,-2.1181640625,0.0625,1.046875,0.0
437,12,0.4541015625,-0.203125,0.625,1.0
438,12,1.3115234375,0.59375,1.125,1.0
439,12,-1.4345703125,-0.390625,1.125,0.0
440,12,2.4189453125,0.28125,0.3125,0.0
441,12,-0.689453125,0.171875,-0.453125,0.0
442,12,1.517578125,1.125,-0.078125,1.0
443,12,-2.318359375,-0.578125,0.140625,1.0
444,12,-2.0703125,-0.59375,-0.765625,0.0
445,12,0.2109375,-0.859375,-0.421875,1.0
446,12,0.2822265625,0.796875,1.015625,0.0
447,13,1.6767578125,0.265625,0.046875,1.0
448,13,1.8984375,1.359375,0.09375,0.0
449,13,0.54296875,-0.734375,0.453125,1.0
450,13,1.2060546875,0.65625,0.046875,0.0
451,13,2.5244140625,1.4375,0.34375,0.0
452,13,2.4853515625,0.125,0.359375,0.0
453,13,1.5439453125,1.4375,0.28125,1.0
454,13,1.4794921875,1.140625,1.046875,1.0
455,13,0.15625,0.3125,-0.671875,0.0
456,13,0.0732421875,-1.0,-0.359375,0.0
457,13,0.58984375,-0.578125,-0.09375,0.0
458,13,0.580078125,-1.625,-0.34375,1.0
459,13,0.38671875,1.015625,0.984375,1.0
460,13,1.48828125,1.5625,0.75,1.0
461,13,1.0830078125,0.34375,0.453125,0.0
462,13,4.4638671875,0.453125,0.234375,1.0
463,13,-0.9013671875,-1.9375,1.046875,0.0
464,13,1.6806640625,1.140625,1.34375,1.0
465,13,-1.453125,-1.328125,1.390625,0.0
466,13,0.080078125,-0.515625,0.28125,0.0
467,13,-0.0771484375,2.03125,0.578125,0.0
468,13,1.296875,0.515625,-1.171875,0.0
469,13,-0.162109375,-0.703125,0.265625,1.0
470,13,-1.326171875,-0.8125,2.640625,0.0
471,13,0.9189453125,0.3125,-0.203125,0.0
472,13,3.3134765625,1.1875,1.4375,0.0
473,13,1.9228515625,0.265625,1.125,1.0
474,13,1.5498046875,0.15625,-0.453125,1.0
475,13,0.1728515625,0.53125,-1.296875,0.0
476,13,3.4873046875,0.75,-0.296875,0.0
477,13,-1.359375,-1.5,1.78125,1.0
478,13,-2.0703125,-1.78125,1.546875,0.0
479,13,1.6640625,1.34375,1.140625,1.0
480,13,0.537109375,-0.703125,0.09375,1.0
481,13,0.12109375,-2.109375,1.1875,0.0
482,13,1.02734375,-0.46875,-0.625,0.0
483,13,0.6572265625,-0.15625,1.375,0.0
484,13,1.1796875,-0.328125,0.9375,1.0
485,13,3.1787109375,1.21875,1.21875,1.0
486,13,-0.9619140625,-1.09375,3.546875,0.0
487,13,-0.8271484375,-0.046875,3.3125,0.0
488,13,-0.083984375,-1.4375,-0.328125,1.0
489,13,1.2099609375,2.09375,0.75,1.0
490,13,-1.1640625,-1.171875,0.5,0.0
491,13,-3.7548828125,-1.640625,0.84375,0.0
492,13,1.4873046875,0.71875,2.890625,1.0
493,13,1.0302734375,0.21875,-0.609375,1.0
494,13,-0.7900390625,-1.265625,0.4375,0.0
495,13,1.2490234375,0.578125,1.875,0.0
496,13,1.298828125,0.765625,-0.0625,0.0
497,13,0.134765625,-0.4375,2.15625,1.0
498,13,0.466796875,0.546875,0.640625,0.0
499,13,1.5234375,0.9375,0.453125,1.0
500,13,1.0009765625,0.6875,1.15625,0.0
501,13,2.0908203125,-0.46875,0.296875,0.0
502,13,-1.123046875,-0.0625,1.53125,1.0
503,14,-0.044921875,0.328125,-1.25,0.0
504,14,2.0869140625,0.578125,0.265625,1.0
505,14,-0.8291015625,-0.34375,-0.046875,1.0
506,14,-0.82421875,-0.046875,-0.421875,0.0
507,14,1.4345703125,-0.125,-0.828125,0.0
508,14,-0.197265625,0.6875,0.15625,0.0
509,14,0.0322265625,-1.484375,-1.734375,1.0
510,14,1.826171875,-0.15625,-0.5,0.0
511,14,-0.9130859375,1.328125,0.125,0.0
512,14,-1.3173828125,1.0,1.03125,0.0
513,14,-1.4638671875,-0.65625,1.03125,1.0
514,14,0.57421875,0.421875,-0.953125,0.0
515,14,-0.453125,-1.09375,-1.515625,0.0
516,14,0.6025390625,0.484375,-0.265625,0.0
517,14,-1.369140625,0.390625,0.09375,0.0
518,14,0.330078125,0.0,-1.765625,1.0
519,14,-0.5107421875,0.34375,-1.8125,0.0
520,14,0.02734375,-0.234375,-0.984375,1.0
521,14,1.4609375,1.09375,-0.421875,1.0
522,14,0.845703125,0.875,0.0,0.0
523,14,0.853515625,0.671875,-0.453125,1.0
524,14,1.7314453125,1.125,-0.34375,0.0
525,14,-1.2685546875,1.15625,0.640625,0.0
526,14,-0.103515625,0.140625,-0.59375,0.0
527,14,0.751953125,0.625,-0.640625,0.0
528,14,-1.1220703125,-0.046875,-1.828125,0.0
529,14,1.001953125,-1.703125,0.03125,0.0
530,14,-0.1904296875,1.203125,0.734375,1.0
531,14,0.2646484375,-0.140625,0.359375,0.0
532,14,0.0537109375,-0.078125,-1.125,1.0
533,14,1.0712890625,2.015625,0.84375,1.0
534,14,-0.3232421875,-0.15625,-0.5625,0.0
535,14,0.2626953125,-0.328125,1.5,0.0
536,14,-1.9072265625,-1.796875,0.0,0.0
537,14,0.0869140625,0.328125,0.9375,0.0
538,14,0.75,0.140625,-0.03125,1.0
539,14,-0.0634765625,-0.625,-0.109375,1.0
540,14,2.033203125,1.09375,-1.03125,1.0
541,14,-1.1005859375,-0.4375,-0.984375,0.0
542,14,-3.689453125,-1.296875,0.859375,0.0
543,14,-0.4013671875,-0.65625,-1.21875,1.0
544,14,-1.8515625,-0.25,1.34375,1.0
545,14,-1.5009765625,-0.21875,-2.015625,1.0
546,14,0.986328125,0.0,-0.3125,0.0
547,14,-2.8154296875,-1.140625,-0.78125,0.0
548,14,-0.201171875,-0.96875,1.46875,0.0
549,14,-3.0263671875,-1.890625,-0.75,0.0
550,14,-1.0576171875,-0.1875,-0.71875,0.0
551,14,2.3232421875,1.46875,-1.078125,1.0
552,14,1.05078125,0.984375,0.421875,1.0
553,14,-0.19140625,-1.46875,-0.46875,0.0
554,14,-0.662109375,-0.625,-0.3125,0.0
555,14,1.16796875,1.203125,-1.8125,0.0
556,14,-2.8359375,-0.453125,-0.59375,1.0
557,14,0.1591796875,-0.484375,-0.578125,1.0
558,14,-1.013671875,-1.40625,-0.9375,1.0
559,14,0.435546875,1.75,1.46875,1.0
560,14,0.1083984375,1.015625,2.15625,1.0
561,14,0.6220703125,-1.09375,-0.34375,1.0
562,14,-0.1640625,0.921875,-0.765625,0.0
563,14,-1.357421875,-0.96875,0.4375,1.0
564,14,-0.9794921875,0.078125,0.53125,0.0
565,14,-0.7470703125,1.1875,-1.171875,0.0
566,14,-0.3310546875,-0.921875,0.328125,0.0
567,14,-0.8427734375,-0.921875,-0.796875,1.0
568,14,-2.84765625,-1.078125,-0.671875,0.0
569,14,-0.0693359375,-0.09375,-0.421875,0.0
570,14,0.1201171875,0.796875,0.640625,1.0
571,14,0.7216796875,0.796875,-0.109375,1.0
572,14,-0.3583984375,1.609375,0.125,1.0
573,14,-0.2734375,1.8125,-0.078125,0.0
574,14,1.0498046875,0.625,-2.03125,0.0
575,14,-1.478515625,-1.546875,1.09375,0.0
576,15,-0.7373046875,0.0,0.109375,0.0
577,15,-1.009765625,-0.359375,0.84375,1.0
578,15,0.9677734375,0.234375,-0.015625,0.0
579,15,0.916015625,0.796875,-0.671875,0.0
580,15,0.6796875,0.640625,-0.6875,1.0
581,15,-0.0869140625,1.234375,-0.328125,0.0
582,15,1.9208984375,1.859375,0.515625,0.0
583,15,-1.6767578125,-0.609375,-0.671875,0.0
584,15,1.7763671875,1.234375,-0.046875,0.0
585,15,-1.5419921875,-0.359375,0.3125,0.0
586,15,0.7841796875,-0.171875,1.984375,0.0
587,15,-0.763671875,-0.5625,0.203125,0.0
588,15,0.0,0.53125,0.8125,1.0
589,15,-1.6748046875,-1.59375,-0.421875,0.0
590,15,-1.1630859375,-1.3125,-0.703125,0.0
591,15,-0.22265625,-0.8125,0.609375,1.0
592,15,-1.1552734375,-1.203125,-1.078125,1.0
593,15,-1.7685546875,-1.890625,-1.0,1.0
594,15,-1.7197265625,0.046875,0.765625,1.0
595,15,0.357421875,-0.390625,-0.53125,1.0
596,15,-2.2861328125,-1.0,-0.046875,0.0
597,15,-0.177734375,0.4375,-1.265625,1.0
598,15,2.4931640625,1.5,-0.578125,0.0
599,15,-3.12890625,-1.15625,-0.859375,0.0
600,15,-1.29296875,1.03125,-1.015625,0.0
601,15,-1.697265625,-0.90625,0.265625,0.0
602,15,0.8408203125,1.078125,-0.828125,0.0
603,15,1.841796875,0.859375,-1.140625,0.0
604,15,-0.572265625,-1.09375,-0.859375,0.0
605,15,1.3740234375,1.96875,-0.609375,0.0
606,15,-1.0419921875,-0.96875,1.296875,0.0
607,15,-2.7490234375,-1.609375,-1.09375,0.0
608,15,-2.142578125,-0.75,-0.453125,0.0
609,15,-0.5556640625,0.25,0.515625,0.0
610,15,2.177734375,-0.71875,-1.765625,0.0
611,15,-1.6513671875,-1.125,-0.375,0.0
612,15,0.4443359375,0.953125,-0.03125,1.0
613,15,-0.7958984375,0.546875,0.390625,0.0
614,15,-1.521484375,-0.5,-0.34375,1.0
615,15,-0.2294921875,1.96875,-0.5,1.0
616,15,-0.8515625,-1.671875,-0.25,1.0
617,15,-0.310546875,-0.703125,-1.015625,0.0
618,15,-1.345703125,-1.125,-1.21875,0.0
619,15,-1.40625,-0.4375,1.109375,0.0
620,15,0.271484375,0.0,-0.578125,0.0
621,15,0.076171875,0.703125,-1.375,0.0
622,15,-2.0703125,-0.59375,0.484375,0.0
623,15,-1.046875,0.4375,-1.515625,0.0
624,15,-0.8427734375,-0.453125,-1.328125,0.0
625,15,2.822265625,1.734375,-1.03125,1.0
626,15,-3.19921875,-1.421875,1.1875,0.0
627,15,-0.7998046875,-0.34375,-0.15625,1.0
628,15,0.0166015625,0.609375,1.0,0.0
629,15,0.96875,1.0625,-0.171875,1.0
630,15,0.447265625,0.421875,-0.3125,0.0
631,15,0.7548828125,0.28125,-0.890625,0.0
632,15,1.7412109375,1.75,-0.234375,0.0
633,15,-0.484375,0.046875,0.671875,1.0
634,15,-0.4482421875,0.15625,0.359375,0.0
635,15,1.396484375,-0.703125,-0.78125,1.0
636,15,0.8857421875,1.015625,-0.703125,1.0
637,15,-0.0078125,0.078125,0.390625,0.0
638,15,-2.02734375,-1.703125,-0.671875,1.0
639,15,-0.7119140625,-1.640625,-0.5,0.0
640,15,-0.1005859375,-2.3125,-1.703125,1.0
641,15,0.6826171875,0.234375,-1.03125,1.0
642,15,-0.091796875,0.296875,0.34375,0.0
643,15,-0.3681640625,1.140625,0.328125,0.0
644,15,-1.6162109375,-0.671875,-0.03125,0.0
645,15,-2.724609375,-2.6875,0.5625,0.0
646,15,1.974609375,0.140625,-1.546875,0.0
647,15,-1.0810546875,-0.28125,-0.46875,0.0
648,15,1.431640625,-0.375,-0.828125,0.0
649,15,1.208984375,0.53125,-0.359375,1.0
650,15,-2.4599609375,-1.28125,2.046875,0.0
651,15,-1.3173828125,-0.125,0.375,1.0
652,15,1.958984375,-0.265625,-1.953125,0.0
653,15,0.3203125,0.359375,-0.171875,0.0
654,15,0.7421875,1.5,0.984375,0.0
655,15,-0.5634765625,-1.15625,1.6875,1.0
656,15,-0.556640625,0.375,0.5,0.0
657,15,-2.0087890625,0.046875,0.34375,0.0
658,15,1.5634765625,0.15625,-0.953125,1.0
659,15,-0.38671875,1.453125,-1.21875,0.0
660,15,0.0302734375,1.5625,-0.265625,1.0
661,15,-1.40234375,-0.640625,-0.0625,0.0
662,15,0.01171875,0.546875,1.375,0.0
663,15,-1.7607421875,-0.015625,1.640625,0.0
664,15,-0.03515625,-0.875,0.8125,0.0
665,15,-0.30078125,0.703125,-0.8125,1.0
666,16,1.46875,0.96875,0.640625,1.0
667,16,0.4453125,-0.40625,0.1875,0.0
668,16,1.8857421875,-0.90625,-1.0625,0.0
669,16,0.21484375,-0.5625,-0.0625,1.0
670,16,1.1787109375,-0.921875,-0.8125,1.0
671,16,2.0751953125,1.546875,1.171875,0.0
672,16,0.2099609375,-0.390625,0.40625,0.0
673,16,-0.083984375,-0.84375,-0.71875,0.0
674,16,2.6044921875,0.515625,2.015625,0.0
675,16,0.83203125,-0.8125,-1.171875,0.0
676,16,-0.2890625,-1.84375,-0.28125,0.0
677,16,0.75390625,0.140625,2.46875,0.0
678,16,-0.935546875,-0.609375,-1.09375,0.0
679,16,2.474609375,1.1875,-1.359375,0.0
680,16,3.4736328125,1.734375,0.046875,0.0
681,16,2.224609375,0.34375,-0.109375,1.0
682,16,-0.572265625,-0.25,-1.359375,0.0
683,16,1.4091796875,0.953125,2.25,1.0
684,16,1.1435546875,0.203125,1.9375,0.0
685,16,-2.4462890625,-1.734375,0.53125,0.0
686,16,1.193359375,-0.296875,-1.296875,1.0
687,16,-0.9287109375,-0.96875,-0.5625,0.0
688,16,-1.017578125,-0.09375,3.09375,0.0
689,16,0.2138671875,-1.75,1.0625,0.0
690,16,2.12890625,2.03125,0.84375,1.0
691,16,0.68359375,-0.25,-0.765625,0.0
692,16,0.6357421875,0.109375,1.109375,1.0
693,16,-1.234375,-0.578125,1.546875,0.0
694,16,1.8603515625,1.0625,0.0,1.0
695,16,-0.583984375,-0.28125,-0.578125,0.0
696,16,-1.732421875,-0.90625,0.8125,0.0
697,16,1.328125,-1.84375,-1.28125,1.0
698,16,3.5,1.3125,-0.40625,0.0
699,16,1.80078125,-1.1875,2.046875,1.0
700,16,0.9130859375,1.359375,1.296875,1.0
701,16,2.15625,1.890625,0.875,0.0
702,16,-0.6376953125,-0.40625,1.171875,0.0
703,16,2.0390625,-0.921875,-0.84375,1.0
704,16,0.990234375,1.59375,1.390625,1.0
705,16,-3.2490234375,-0.703125,2.28125,0.0
706,16,-0.2109375,0.40625,2.59375,0.0
707,16,-3.4111328125,-2.90625,0.453125,0.0
708,16,0.064453125,-1.3125,0.625,0.0
709,16,2.2919921875,0.453125,-0.21875,1.0
710,16,0.6044921875,1.296875,1.359375,0.0
711,16,0.1328125,-0.609375,1.5625,1.0
712,16,1.8857421875,1.265625,1.3125,1.0
713,16,1.1533203125,1.3125,0.03125,1.0
714,16,1.1259765625,0.25,-0.203125,0.0
715,16,2.1396484375,1.203125,2.578125,1.0
716,16,-0.068359375,-1.0625,0.9375,0.0
717,16,-1.4228515625,0.328125,1.59375,1.0
718,16,0.955078125,1.875,0.0625,1.0
719,16,-0.693359375,-1.578125,-1.015625,0.0
720,16,0.3251953125,0.671875,0.921875,1.0
721,16,2.3251953125,0.375,1.21875,0.0
722,16,0.1767578125,-0.765625,-1.140625,1.0
723,16,-0.0986328125,-1.53125,-0.84375,0.0
724,16,-0.7021484375,-1.4375,0.1875,1.0
725,16,-1.6318359375,-1.15625,1.0625,1.0
726,16,-0.8095703125,-0.703125,0.15625,1.0
727,16,0.1689453125,-0.296875,0.015625,1.0
728,16,-0.021484375,0.234375,-1.171875,0.0
729,16,0.6923828125,1.140625,-0.84375,0.0
730,16,-0.7197265625,0.125,0.3125,1.0
731,16,-0.33984375,-0.3125,0.28125,0.0
732,16,-0.423828125,-1.828125,-0.0625,0.0
733,16,1.41015625,-0.21875,-0.15625,1.0
734,16,-0.4580078125,-1.640625,0.25,1.0
735,16,1.3154296875,-0.03125,-1.15625,0.0
736,16,-0.1025390625,-0.234375,1.671875,0.0
737,16,1.146484375,0.65625,1.703125,0.0
738,16,2.068359375,-0.921875,-0.328125,0.0
739,16,-1.0517578125,-0.71875,-0.5625,0.0
740,16,0.4736328125,-0.75,-0.296875,1.0
741,16,-0.1884765625,-0.28125,0.53125,1.0
742,16,-0.333984375,-0.84375,-0.890625,1.0
743,16,2.9345703125,1.296875,0.421875,0.0
744,16,-0.078125,-0.75,0.4375,0.0
745,16,2.001953125,1.4375,0.734375,0.0
746,16,0.150390625,-1.359375,1.296875,0.0
747,16,1.4296875,0.203125,0.203125,0.0
748,16,-1.50390625,-1.625,-0.609375,1.0
749,16,0.736328125,0.796875,2.296875,0.0
750,16,1.05078125,0.265625,1.203125,0.0
751,16,3.0361328125,0.875,0.1875,1.0
752,16,2.306640625,1.8125,0.578125,1.0
753,16,2.6865234375,1.375,-1.5,1.0
754,16,2.125,0.484375,-0.703125,0.0
755,16,3.0810546875,0.65625,-0.03125,1.0
756,16,0.9716796875,-0.125,0.265625,0.0
757,16,0.662109375,0.90625,0.359375,0.0
758,16,-1.9287109375,-1.640625,0.671875,0.0
759,16,3.1767578125,0.78125,-0.203125,1.0
760,16,0.7890625,-1.671875,-2.46875,0.0
761,16,0.0869140625,-0.53125,0.109375,0.0
762,16,0.810546875,1.109375,0.609375,0.0
763,16,0.1064453125,-0.359375,-0.71875,0.0
764,16,2.03515625,-0.234375,0.09375,0.0
765,16,1.9130859375,-0.453125,1.421875,1.0
766,16,1.3310546875,0.421875,0.296875,0.0
767,16,-1.15625,-1.40625,0.5625,1.0
768,16,1.4853515625,0.171875,-2.0,0.0
769,16,1.0673828125,1.546875,0.921875,0.0
770,16,0.142578125,-0.34375,-0.9375,0.0
771,16,-0.173828125,0.234375,1.609375,0.0
772,16,-0.1025390625,0.359375,-1.390625,1.0
773,17,-1.4169921875,-1.8125,0.78125,0.0
774,17,-0.1201171875,-0.453125,0.359375,0.0
775,17,0.609375,1.140625,-1.640625,1.0
776,17,1.2734375,1.046875,0.8125,0.0
777,17,3.228515625,0.71875,-2.5625,0.0
778,17,0.6142578125,-0.09375,0.75,1.0
779,17,0.1162109375,1.265625,1.609375,1.0
780,18,-0.4794921875,-0.390625,-1.0625,1.0
781,18,0.7744140625,-0.859375,-1.28125,0.0
782,18,-0.521484375,-1.484375,-0.078125,1.0
783,18,-1.2099609375,0.546875,1.828125,0.0
784,18,-3.3046875,0.265625,1.015625,0.0
785,18,-0.576171875,-0.390625,0.265625,1.0
786,18,0.8740234375,1.171875,-1.375,0.0
787,18,-2.337890625,-1.0625,0.8125,0.0
788,18,-1.130859375,-0.578125,-0.078125,0.0
789,18,-1.142578125,-0.03125,-1.828125,0.0
790,18,1.376953125,2.109375,-1.78125,0.0
791,18,-1.9091796875,-0.890625,0.09375,0.0
792,18,-0.4091796875,0.8125,-0.171875,0.0
793,18,0.4443359375,1.046875,0.015625,0.0
794,18,-0.2021484375,-0.109375,-0.265625,0.0
795,18,-2.0546875,-0.75,-0.03125,0.0
796,18,0.2919921875,-0.421875,-1.484375,0.0
797,18,-0.490234375,0.46875,-0.0625,0.0
798,18,-3.8427734375,-2.6875,0.3125,1.0
799,18,0.572265625,1.625,1.0,0.0
800,18,0.6884765625,0.109375,0.390625,0.0
801,18,0.216796875,1.0,0.125,1.0
802,18,-0.556640625,-0.8125,-0.1875,0.0
803,18,0.0654296875,1.265625,0.296875,1.0
804,19,-0.4375,-0.296875,1.5625,0.0
805,19,-2.107421875,-2.578125,-0.578125,1.0
806,19,0.4658203125,-0.09375,-1.1875,1.0
807,19,-1.1318359375,-0.25,-0.015625,1.0
808,19,0.2041015625,0.125,-0.015625,1.0
809,19,-1.7802734375,0.6875,-0.59375,0.0
810,19,-1.64453125,-0.078125,-0.21875,1.0
811,19,0.8193359375,2.4375,-0.171875,0.0
812,19,-3.5595703125,-1.375,-0.015625,1.0
813,19,-0.91796875,1.015625,2.59375,1.0
814,19,-1.6845703125,-1.09375,-1.0,1.0
815,19,-1.3544921875,-0.515625,-0.21875,1.0
816,19,0.759765625,0.625,-1.9375,0.0
817,19,1.052734375,1.015625,-0.09375,1.0
818,19,-1.853515625,-0.265625,1.3125,1.0
819,19,-0.947265625,0.75,1.765625,1.0
820,19,-1.1943359375,-2.046875,0.1875,0.0
821,19,-1.478515625,0.4375,-0.734375,0.0
822,19,-2.3818359375,-1.71875,-0.328125,1.0
823,19,0.3974609375,-0.625,0.3125,0.0
824,19,-2.1259765625,-0.296875,0.875,0.0
825,19,-1.1123046875,-0.53125,-0.328125,0.0
826,19,-0.88671875,0.65625,-0.828125,0.0
827,19,0.615234375,0.765625,-0.546875,1.0
828,19,1.6923828125,1.296875,-2.8125,1.0
829,19,1.7890625,0.953125,-1.90625,0.0
830,19,-1.771484375,0.15625,0.46875,1.0
831,19,-0.5849609375,-1.84375,1.03125,1.0
832,19,-0.9228515625,0.28125,0.96875,0.0
833,19,-1.017578125,-0.375,0.46875,0.0
834,19,0.1787109375,-1.59375,-1.125,0.0
835,19,2.4072265625,2.296875,-1.21875,1.0
836,19,2.9091796875,0.15625,-0.9375,1.0
837,19,-2.3193359375,-1.46875,-0.9375,0.0
838,19,-1.759765625,-1.75,-0.875,0.0
839,19,-0.9677734375,-1.09375,-0.421875,0.0
840,19,0.7255859375,-0.640625,-1.0625,0.0
841,19,-1.513671875,-0.125,-0.046875,0.0
842,19,-0.56640625,-1.28125,-1.125,0.0
843,19,0.4375,-0.109375,0.15625,1.0
844,19,1.625,-0.03125,-1.96875,0.0
845,20,-0.009765625,0.203125,0.21875,0.0
846,20,-0.130859375,0.5625,-0.046875,1.0
847,20,2.50390625,-0.296875,-1.671875,1.0
848,20,1.96875,2.1875,-0.875,0.0
849,20,-1.5078125,-0.921875,1.328125,0.0
850,20,1.1962890625,0.46875,0.625,1.0
851,20,1.5361328125,0.5,0.328125,1.0
852,20,0.7939453125,-0.6875,-0.546875,1.0
853,20,-1.369140625,-2.484375,-0.09375,0.0
854,20,-0.3037109375,-0.125,0.3125,1.0
855,20,2.9091796875,0.34375,-1.09375,1.0
856,20,-0.25,-0.578125,0.71875,0.0
857,20,-0.0966796875,0.8125,1.53125,0.0
858,20,-0.0830078125,-0.234375,0.71875,0.0
859,20,-0.0107421875,-0.890625,-0.140625,0.0
860,20,0.7841796875,0.21875,2.078125,0.0
861,20,2.05859375,1.46875,1.96875,0.0
862,20,2.482421875,0.546875,-3.703125,1.0
863,20,-2.4599609375,-0.859375,-0.84375,0.0
864,20,0.8828125,0.78125,0.015625,0.0
865,20,-1.3701171875,0.203125,1.9375,1.0
866,20,0.5849609375,0.671875,0.78125,1.0
867,20,1.271484375,-0.3125,0.9375,1.0
868,20,0.91796875,-0.21875,0.171875,0.0
869,20,-0.8798828125,-0.15625,-1.515625,0.0
870,20,-1.4677734375,0.328125,1.484375,0.0
871,20,-0.3251953125,0.0,0.84375,1.0
872,20,-0.283203125,0.03125,0.0,1.0
873,20,-1.9140625,-0.796875,1.0625,0.0
874,20,0.10546875,1.03125,0.609375,1.0
875,20,-0.615234375,0.625,-1.609375,0.0
876,20,2.9150390625,1.34375,0.1875,0.0
877,20,-0.7724609375,-0.390625,0.265625,0.0
878,20,1.939453125,1.484375,-1.03125,0.0
879,20,-0.1826171875,-0.75,-0.390625,1.0
880,20,2.412109375,0.625,-0.421875,1.0
881,20,0.888671875,-1.53125,0.296875,0.0
882,20,0.2470703125,-0.21875,0.125,0.0
883,20,-0.1513671875,-0.640625,0.25,1.0
884,20,0.0625,-0.84375,0.015625,1.0
885,20,-1.826171875,-0.140625,-0.265625,1.0
886,20,-0.4794921875,0.265625,-1.15625,0.0
887,20,-2.2890625,-0.5625,1.109375,1.0
888,20,3.1943359375,0.203125,-1.0625,1.0
889,20,0.8916015625,0.25,1.0,1.0
890,20,0.7294921875,-0.71875,0.4375,0.0
891,20,2.5107421875,-0.640625,-2.78125,1.0
892,20,1.974609375,0.8125,0.28125,1.0
893,20,-1.021484375,0.59375,0.171875,0.0
894,20,0.337890625,0.015625,0.890625,1.0
895,20,1.1708984375,0.21875,-0.40625,0.0
896,20,0.056640625,-0.0625,0.328125,0.0
897,20,0.8662109375,-0.90625,-0.125,1.0
898,20,-0.123046875,-1.921875,1.171875,1.0
899,20,-0.0185546875,0.203125,1.46875,1.0
900,20,0.216796875,1.421875,1.078125,0.0
901,20,2.0537109375,0.875,0.65625,1.0
902,20,0.4228515625,1.671875,0.390625,0.0
903,21,1.7177734375,1.15625,0.421875,1.0
904,21,1.14453125,-0.15625,1.515625,1.0
905,21,1.4248046875,-0.046875,-1.796875,0.0
906,21,-0.5439453125,0.6875,-0.0625,0.0
907,21,-0.525390625,0.625,1.046875,0.0
908,21,1.8984375,3.84375,0.609375,1.0
909,21,-0.310546875,-0.015625,1.328125,0.0
910,21,2.431640625,0.78125,-2.796875,1.0
911,21,-2.1943359375,-1.953125,0.390625,0.0
912,21,-1.1142578125,0.328125,-0.96875,0.0
913,21,1.16015625,-0.234375,-0.421875,0.0
914,21,1.6962890625,1.21875,-0.390625,0.0
915,21,-2.0380859375,-1.875,1.734375,0.0
916,21,1.3671875,2.234375,0.3125,0.0
917,21,0.9873046875,-1.265625,-1.03125,1.0
918,21,0.658203125,1.328125,0.3125,1.0
919,21,0.8251953125,-0.53125,-0.46875,1.0
920,21,-0.388671875,-0.34375,1.484375,1.0
921,21,0.5986328125,0.8125,-0.515625,1.0
922,21,-0.822265625,-1.125,0.875,0.0
923,21,-1.578125,-0.234375,0.421875,0.0
924,21,-0.2666015625,-1.25,-0.078125,1.0
925,21,-0.599609375,-1.28125,-0.84375,1.0
926,21,1.9248046875,0.1875,-2.21875,0.0
927,21,1.2314453125,1.03125,0.390625,0.0
928,21,-0.2998046875,-0.6875,-0.390625,0.0
929,21,-0.0205078125,-0.8125,0.75,0.0
930,21,-1.2353515625,-0.109375,0.765625,1.0
931,21,-2.646484375,-2.53125,-0.09375,0.0
932,21,0.4208984375,-0.8125,0.328125,1.0
933,21,-1.021484375,1.375,0.21875,1.0
934,21,0.5859375,0.21875,-0.828125,0.0
935,21,-0.51171875,-1.125,-1.5625,1.0
936,21,0.498046875,0.640625,-0.03125,0.0
937,21,-0.2763671875,0.96875,-0.40625,0.0
938,21,0.7421875,-0.421875,-0.28125,0.0
939,21,0.568359375,0.34375,-2.125,0.0
940,21,3.1552734375,2.421875,0.328125,0.0
941,21,0.5703125,0.421875,-0.171875,1.0
942,21,-0.400390625,-0.71875,-0.484375,0.0
943,21,-3.7275390625,-1.25,0.578125,0.0
944,21,2.3564453125,0.765625,-0.953125,1.0
945,21,0.6767578125,2.0,0.40625,0.0
946,21,-1.9189453125,0.4375,2.34375,0.0
947,21,-1.20703125,1.890625,0.65625,0.0
948,21,-4.173828125,-1.625,1.625,0.0
949,21,1.744140625,0.546875,-1.1875,0.0
950,21,0.9345703125,0.390625,0.0,0.0
951,21,-0.6416015625,0.9375,1.96875,0.0
952,21,2.654296875,1.421875,-1.25,0.0
953,21,-1.251953125,-0.765625,-0.921875,1.0
954,21,-2.244140625,-1.015625,1.875,1.0
955,21,-2.048828125,0.234375,1.46875,1.0
956,21,1.076171875,-0.015625,-2.046875,1.0
957,21,-1.4970703125,-1.9375,0.640625,0.0
958,21,0.638671875,-1.09375,-2.515625,0.0
959,21,0.078125,1.25,0.5,0.0
960,21,0.0693359375,0.421875,1.296875,0.0
961,21,-0.35546875,-0.453125,0.4375,0.0
962,21,-1.392578125,-0.078125,1.0,1.0
963,21,0.28125,0.75,-0.4375,0.0
964,21,-0.51953125,0.859375,1.796875,0.0
965,21,-2.08984375,-1.125,0.296875,0.0
966,21,-2.361328125,-0.140625,0.015625,0.0
967,21,2.5009765625,2.765625,-0.9375,0.0
968,21,-0.13671875,-0.03125,-0.5,0.0
969,21,-0.599609375,-0.046875,-0.5625,1.0
970,21,-1.9208984375,-2.515625,0.328125,1.0
971,21,0.935546875,-0.234375,-1.0625,1.0
972,21,-2.609375,-2.515625,0.71875,0.0
973,21,-0.591796875,0.078125,1.125,0.0
974,21,0.4208984375,-0.671875,-2.59375,1.0
975,21,-1.76171875,-0.1875,0.140625,0.0
976,21,-0.201171875,-0.71875,0.234375,0.0
977,21,-0.734375,0.46875,-0.875,0.0
978,22,-1.5498046875,-0.765625,0.140625,1.0
979,22,-0.1103515625,-1.296875,0.453125,1.0
980,22,2.072265625,1.90625,-1.53125,1.0
981,22,0.2109375,-0.171875,1.234375,1.0
982,22,0.2978515625,-1.078125,-1.28125,0.0
983,22,-2.1337890625,-1.90625,0.46875,0.0
984,22,-0.19921875,-0.4375,0.96875,0.0
985,22,-0.263671875,0.96875,0.265625,0.0
986,22,3.4814453125,0.65625,-1.5,1.0
987,22,-0.287109375,-0.296875,0.71875,0.0
988,22,-0.416015625,-0.4375,2.140625,1.0
989,22,-1.1728515625,-0.609375,-0.109375,0.0
990,22,-1.103515625,0.265625,0.921875,0.0
991,22,-1.97265625,-0.46875,0.640625,0.0
992,22,-0.0966796875,-0.78125,-0.578125,1.0
993,22,1.083984375,-1.421875,-1.171875,1.0
994,22,1.4228515625,1.875,0.828125,0.0
995,22,-1.6435546875,-1.6875,0.15625,1.0
996,22,0.5322265625,0.390625,-0.828125,0.0
997,22,1.173828125,0.75,1.5625,1.0
998,22,0.421875,0.53125,-0.53125,1.0
999,22,1.4482421875,0.921875,0.296875,0.0
1000,22,1.8173828125,0.734375,-0.6875,1.0
1001,22,0.0517578125,-0.3125,1.046875,0.0
1002,22,2.56640625,0.796875,-0.15625,1.0
1003,22,-0.33984375,0.078125,-0.28125,0.0
1004,22,-1.8388671875,-0.21875,0.234375,1.0
1005,22,0.6201171875,-2.0,-0.453125,1.0
1006,22,-1.6455078125,-1.625,1.390625,1.0
1007,22,-1.8857421875,-1.078125,0.6875,1.0
1008,22,1.4267578125,0.59375,1.53125,0.0
1009,22,2.068359375,1.28125,1.875,0.0
1010,22,4.220703125,0.96875,-1.625,1.0
1011,22,1.6845703125,0.046875,-0.34375,0.0
1012,22,0.1689453125,-0.375,-1.34375,1.0
1013,22,-0.2998046875,-0.046875,0.40625,0.0
1014,22,0.248046875,-0.078125,1.3125,0.0
1015,22,1.376953125,-0.28125,0.96875,0.0
1016,22,-2.0595703125,-1.015625,1.078125,0.0
1017,22,-0.138671875,-0.546875,1.03125,1.0
1018,22,-0.0283203125,0.1875,-0.921875,0.0
1019,22,-0.4912109375,0.578125,1.046875,0.0
1020,22,2.1376953125,1.03125,-1.21875,0.0
1021,22,1.595703125,-0.265625,-0.828125,1.0
1022,22,-0.59375,-0.6875,2.125,0.0
1023,22,1.056640625,-0.640625,-0.109375,0.0
1024,22,2.3701171875,0.515625,-0.765625,0.0
1025,22,0.2587890625,-0.5625,-0.78125,0.0
1026,22,-0.1806640625,-0.78125,-0.3125,0.0
1027,22,2.7470703125,0.359375,-0.890625,1.0
1028,22,2.2109375,1.328125,-1.625,0.0
1029,22,2.962890625,1.40625,-0.390625,1.0
1030,22,1.2255859375,-0.046875,-0.203125,1.0
1031,22,1.8896484375,0.3125,-0.390625,1.0
1032,22,-1.068359375,-0.921875,1.328125,0.0
1033,22,1.8515625,-1.546875,-1.375,0.0
1034,22,4.0322265625,1.8125,1.265625,0.0
1035,22,1.07421875,0.390625,-0.5625,0.0
1036,22,-0.5224609375,-0.890625,-0.609375,0.0
1037,22,0.5634765625,-0.109375,-0.5625,0.0
1038,22,-0.564453125,-1.015625,0.46875,1.0
1039,22,-0.14453125,-0.375,1.671875,0.0
1040,22,-0.744140625,0.171875,0.359375,0.0
1041,22,1.185546875,-0.5,0.21875,0.0
1042,22,-1.6298828125,0.34375,0.8125,0.0
1043,22,-1.4912109375,0.28125,0.640625,0.0
1044,22,1.53125,1.53125,-0.3125,0.0
1045,22,-2.236328125,-1.796875,0.484375,0.0
1046,22,0.8232421875,-0.59375,-0.34375,1.0
1047,22,-0.4755859375,-1.359375,-0.015625,1.0
1048,22,1.24609375,-0.359375,-0.890625,1.0
1049,22,0.9873046875,0.53125,0.453125,0.0
1050,22,1.7958984375,1.53125,0.171875,1.0
1051,22,1.0654296875,-0.125,-0.640625,0.0
1052,22,1.017578125,1.109375,0.03125,1.0
1053,22,-0.1884765625,-0.15625,-0.90625,0.0
1054,22,0.4658203125,-1.296875,-0.484375,0.0
1055,22,-0.01953125,0.703125,1.453125,1.0
1056,22,2.1650390625,0.109375,-0.40625,0.0
1057,22,-1.9619140625,-1.390625,1.4375,0.0
1058,22,0.4921875,1.0,-0.484375,0.0
1059,22,1.4228515625,1.921875,0.0,0.0
1060,22,1.015625,0.296875,-1.5625,0.0
1061,22,1.7568359375,1.859375,0.671875,0.0
1062,22,-2.279296875,-1.375,1.953125,0.0
1063,22,2.0185546875,-0.40625,-0.609375,1.0
1064,22,-1.625,-0.203125,0.953125,1.0
1065,22,-0.318359375,-0.34375,0.578125,1.0
1066,22,0.021484375,0.515625,-0.59375,0.0
1067,22,-1.05078125,-0.109375,1.3125,0.0
1068,22,-0.408203125,0.421875,-0.59375,1.0
1069,22,0.98046875,-0.3125,-0.5625,0.0
1070,23,0.3388671875,0.078125,0.390625,0.0
1071,23,-0.9072265625,-0.03125,0.421875,0.0
1072,23,0.7412109375,0.609375,-0.546875,1.0
1073,23,0.8154296875,1.265625,-1.015625,0.0
1074,23,1.4296875,2.671875,0.328125,0.0
1075,23,0.1171875,-1.15625,-1.59375,0.0
1076,23,-2.7802734375,0.203125,0.6875,0.0
1077,23,2.333984375,1.078125,-0.046875,0.0
1078,23,-1.0126953125,-1.359375,1.078125,0.0
1079,23,-0.5244140625,-0.4375,0.015625,1.0
1080,23,1.560546875,-0.5625,1.28125,1.0
1081,23,-0.3544921875,0.28125,0.3125,0.0
1082,23,-0.5126953125,-1.40625,-0.421875,1.0
1083,23,1.0927734375,-0.453125,1.078125,0.0
1084,23,2.451171875,0.171875,-0.828125,0.0
1085,23,-0.9033203125,-0.65625,-0.75,0.0
1086,23,1.6806640625,0.265625,-1.40625,1.0
1087,23,2.134765625,2.328125,-0.625,1.0
1088,23,0.966796875,-0.28125,0.046875,0.0
1089,23,-0.265625,0.859375,0.46875,1.0
1090,23,1.84765625,-0.078125,-1.171875,1.0
1091,23,0.30078125,0.515625,0.390625,0.0
1092,23,-0.25390625,-0.46875,-1.390625,1.0
1093,23,0.74609375,0.078125,-1.015625,1.0
1094,23,-2.28515625,-1.375,0.5625,0.0
1095,23,-1.576171875,-1.140625,-0.46875,0.0
1096,23,1.244140625,1.359375,-1.046875,1.0
1097,23,1.662109375,0.46875,-0.046875,1.0
1098,23,0.20703125,-0.375,-0.53125,0.0
1099,23,-0.5966796875,-1.78125,-0.515625,1.0
1100,23,0.41796875,0.75,1.265625,1.0
1101,23,1.966796875,1.375,-0.296875,0.0
1102,23,2.337890625,1.265625,-0.65625,1.0
1103,23,0.916015625,-0.421875,-0.453125,1.0
1104,23,-0.794921875,-1.15625,1.015625,0.0
1105,23,1.9248046875,0.75,-0.6875,1.0
1106,23,-0.7236328125,-1.234375,-0.546875,0.0
1107,23,3.2099609375,1.765625,-0.65625,0.0
1108,23,0.8046875,0.828125,1.078125,0.0
1109,23,-2.9501953125,-1.359375,1.03125,1.0
1110,23,2.2412109375,1.046875,0.78125,0.0
1111,23,-0.875,-0.921875,1.203125,0.0
1112,23,0.8837890625,-0.0625,0.15625,1.0
1113,23,-1.82421875,-0.15625,2.640625,0.0
1114,23,-0.2001953125,-0.734375,-0.828125,1.0
1115,23,0.0234375,-0.1875,-0.34375,1.0
1116,23,-0.6787109375,-0.25,0.546875,0.0
1117,23,0.3076171875,0.03125,-1.015625,0.0
1118,23,-0.4599609375,0.96875,0.25,0.0
1119,23,-0.3798828125,-0.40625,0.15625,1.0
1120,23,-1.39453125,-1.59375,-0.015625,0.0
1121,23,-2.244140625,-0.015625,1.34375,0.0
1122,23,-0.8408203125,-1.1875,0.390625,0.0
1123,23,-1.0556640625,-1.390625,0.390625,1.0
1124,23,1.271484375,0.4375,-1.359375,0.0
1125,23,-2.0732421875,-0.015625,2.5625,1.0
1126,23,-0.322265625,-0.4375,1.578125,0.0
1127,23,3.3525390625,1.578125,-1.75,0.0
1128,23,-0.1845703125,-0.4375,1.296875,1.0
1129,23,1.9013671875,-0.28125,-1.046875,0.0
1130,23,0.1943359375,0.359375,-1.4375,1.0
1131,23,1.642578125,1.90625,-0.65625,0.0
1132,23,0.751953125,0.65625,-0.234375,0.0
1133,23,-0.212890625,-0.25,0.171875,1.0
1134,23,-0.060546875,-0.453125,-0.03125,1.0
1135,23,-2.8603515625,-1.390625,-0.828125,0.0
1136,23,-0.2587890625,0.3125,1.171875,1.0
1137,23,3.564453125,1.234375,-1.5625,1.0
1138,23,-2.2041015625,-2.140625,-0.03125,1.0
1139,23,0.1025390625,0.625,1.03125,0.0
1140,23,-1.7275390625,-0.78125,2.046875,1.0
1141,23,0.0,-1.25,-0.140625,1.0
1142,23,0.875,-1.03125,-0.109375,0.0
1143,23,-0.11328125,-0.875,0.015625,1.0
1144,23,1.548828125,0.875,-0.5,1.0
1145,23,-1.6484375,-0.234375,0.671875,0.0
1146,23,0.1357421875,0.671875,-0.140625,0.0
1147,23,-2.890625,-1.546875,2.140625,1.0
1148,23,0.9501953125,0.0625,-0.1875,0.0
1149,23,1.4775390625,-0.359375,-1.171875,1.0
1150,23,0.482421875,-1.265625,-1.5,1.0
1151,23,-2.623046875,-1.015625,1.453125,0.0
1152,23,0.7705078125,0.078125,-0.046875,1.0
1153,23,0.5419921875,-0.890625,-1.59375,0.0
1154,23,-1.19921875,0.0625,-0.4375,1.0
1155,23,1.2900390625,0.25,-1.15625,1.0
1156,23,0.1904296875,-0.203125,-0.5625,1.0
1157,23,0.0087890625,0.21875,-1.515625,0.0
1158,23,2.365234375,0.46875,-0.484375,0.0
1159,23,1.376953125,0.984375,-1.625,1.0
1160,23,-1.03515625,0.109375,1.6875,0.0
1161,23,-2.0166015625,0.53125,0.265625,0.0
1162,23,0.123046875,0.90625,0.0,1.0
1163,23,1.9296875,1.765625,0.0625,1.0
1164,23,-0.9609375,0.0625,0.46875,0.0
1165,23,0.005859375,-1.21875,-0.671875,0.0
1166,23,2.712890625,0.3125,-1.34375,1.0
1167,23,1.9580078125,0.5,-1.375,0.0
1168,23,0.4013671875,0.21875,-0.453125,1.0
1169,23,-1.1787109375,0.828125,-0.578125,0.0
1170,23,-1.517578125,-0.890625,2.359375,0.0
1171,23,-2.408203125,-0.96875,2.15625,1.0
1172,23,-2.626953125,-0.609375,1.40625,0.0
1173,23,-0.404296875,-1.59375,0.15625,1.0
1174,23,-0.4892578125,-1.0625,1.140625,1.0
1175,23,-0.1357421875,-1.15625,-0.0625,1.0
1176,23,1.830078125,0.921875,-0.0625,0.0
1177,23,0.169921875,-0.78125,0.9375,0.0
1178,23,-1.3603515625,-1.953125,-0.90625,0.0
1179,24,0.431640625,1.4375,-1.4375,0.0
1180,24,-1.3935546875,-0.296875,1.8125,1.0
1181,24,-0.28515625,-0.6875,-1.515625,0.0
1182,24,-3.5458984375,-1.5,0.90625,0.0
1183,24,-2.2265625,-2.171875,-0.3125,1.0
1184,24,0.234375,0.109375,-1.015625,1.0
1185,24,1.1884765625,0.671875,-1.75,0.0
1186,24,-1.0498046875,-0.578125,-0.71875,1.0
1187,24,-2.7587890625,-1.328125,-0.921875,0.0
1188,25,-2.162109375,0.140625,0.265625,0.0
1189,25,1.3115234375,-0.4375,-0.34375,1.0
1190,25,-1.291015625,0.359375,0.8125,0.0
1191,25,-0.8837890625,-1.1875,0.703125,0.0
1192,25,-0.4990234375,-0.28125,0.5,1.0
1193,25,-2.2666015625,-2.359375,0.078125,1.0
1194,25,-1.1513671875,0.265625,-0.078125,0.0
1195,25,3.3779296875,1.03125,-0.015625,0.0
1196,25,-0.001953125,-1.140625,-0.90625,0.0
1197,25,1.7236328125,1.984375,-0.265625,0.0
1198,25,0.8369140625,0.921875,0.25,0.0
1199,25,0.7783203125,0.25,0.0625,1.0
1200,25,-0.4697265625,-1.09375,2.09375,0.0
1201,25,0.42578125,1.1875,1.140625,0.0
1202,25,1.4248046875,-0.046875,0.015625,0.0
1203,25,1.7158203125,0.5625,-0.40625,1.0
1204,25,0.365234375,1.078125,-0.09375,0.0
1205,25,1.37890625,-0.046875,-1.015625,0.0
1206,25,-0.791015625,-0.546875,0.0,0.0
1207,25,0.7412109375,-0.234375,0.984375,0.0
1208,25,-1.3564453125,-1.234375,0.0625,1.0
1209,25,-1.9296875,-0.53125,2.015625,1.0
1210,25,2.501953125,0.734375,-0.046875,1.0
1211,25,-0.3916015625,-0.765625,0.40625,1.0
1212,25,-0.99609375,-0.734375,0.71875,0.0
1213,25,0.4462890625,0.0625,0.53125,1.0
1214,26,0.904296875,1.4375,-1.328125,0.0
1215,26,-1.228515625,0.53125,-0.203125,0.0
1216,26,0.7626953125,-0.4375,-0.46875,0.0
1217,26,-0.99609375,-0.578125,0.5625,0.0
1218,26,-1.578125,0.046875,0.546875,0.0
1219,26,0.8759765625,2.171875,1.21875,0.0
1220,26,3.60546875,0.4375,-2.203125,0.0
1221,26,-0.5341796875,-0.78125,0.65625,0.0
1222,26,-0.2314453125,-1.3125,-1.28125,1.0
1223,26,2.140625,-0.28125,-0.4375,1.0
1224,26,-0.26171875,-0.34375,0.375,0.0
1225,26,1.748046875,0.609375,-0.734375,0.0
1226,26,-0.3212890625,0.53125,-0.28125,0.0
1227,26,0.3046875,0.421875,0.828125,0.0
1228,26,-0.1728515625,-1.015625,1.15625,1.0
1229,26,0.7421875,0.3125,0.015625,0.0
1230,26,-0.546875,-0.265625,2.5,0.0
1231,26,0.697265625,0.4375,0.171875,0.0
1232,26,-2.337890625,-0.59375,0.4375,0.0
1233,26,0.0654296875,-0.15625,-0.0625,0.0
1234,26,-0.708984375,0.046875,1.78125,1.0
1235,26,-0.841796875,1.171875,2.171875,1.0
1236,26,-0.2822265625,-0.796875,-0.140625,1.0
1237,26,0.166015625,0.015625,-0.34375,1.0
1238,26,2.5419921875,1.078125,-2.375,1.0
1239,26,1.0810546875,0.890625,-1.25,1.0
1240,26,1.19921875,1.265625,1.3125,0.0
1241,26,-0.4208984375,-1.78125,1.8125,1.0
1242,26,-0.794921875,-1.046875,-0.0625,0.0
1243,26,-0.0361328125,0.953125,-0.328125,0.0
1244,26,-0.494140625,-0.953125,2.296875,1.0
1245,26,-1.3603515625,-1.125,0.359375,1.0
1246,26,-1.9677734375,-0.625,0.3125,0.0
1247,26,-0.234375,1.203125,2.359375,1.0
1248,26,-1.615234375,-1.90625,0.4375,1.0
1249,26,0.37890625,-0.0625,1.5,0.0
1250,26,2.44140625,1.859375,-1.34375,1.0
1251,26,-1.9248046875,-0.953125,1.8125,1.0
1252,26,1.408203125,0.8125,-1.0625,1.0
1253,26,-1.890625,-0.96875,-0.5625,1.0
1254,26,1.2041015625,-0.4375,-0.453125,0.0
1255,26,-0.951171875,-1.90625,-1.546875,0.0
1256,26,1.0634765625,-0.359375,-1.265625,0.0
1257,27,0.6064453125,0.71875,1.625,0.0
1258,27,-4.609375,-3.453125,1.640625,0.0
1259,27,-1.67578125,-0.9375,2.46875,0.0
1260,27,-1.662109375,-1.078125,2.578125,1.0
1261,27,0.5458984375,0.375,0.09375,1.0
1262,27,0.4580078125,-0.5625,-1.6875,0.0
1263,27,-0.0478515625,0.203125,-0.046875,0.0
1264,27,0.404296875,-0.640625,0.5,0.0
1265,27,1.4619140625,1.4375,0.4375,1.0
1266,27,1.3212890625,0.328125,-0.4375,0.0
1267,27,2.263671875,0.9375,-0.9375,1.0
1268,27,1.384765625,-0.109375,0.625,0.0
1269,27,0.0361328125,-1.296875,0.0,0.0
1270,27,1.1376953125,0.03125,-0.234375,1.0
1271,27,0.5400390625,0.203125,0.640625,0.0
1272,27,-0.4609375,0.546875,1.109375,1.0
1273,27,-2.0087890625,-0.4375,0.46875,1.0
1274,27,-0.341796875,1.5,-0.984375,1.0
1275,27,-1.091796875,0.21875,1.90625,0.0
1276,27,-0.28125,0.515625,0.96875,0.0
1277,27,0.791015625,-0.296875,1.140625,1.0
1278,27,-1.9404296875,-2.71875,-0.90625,0.0
1279,27,-0.02734375,-0.171875,-1.359375,0.0
1280,27,0.4697265625,1.9375,0.78125,0.0
1281,27,0.923828125,-0.21875,0.5,0.0
1282,27,-0.5,-0.734375,1.15625,0.0
1283,27,-3.603515625,-1.625,0.375,0.0
1284,27,1.1376953125,0.65625,2.765625,0.0
1285,27,-1.568359375,-0.265625,1.71875,1.0
1286,27,1.515625,1.0625,-1.359375,0.0
1287,27,1.1025390625,-0.59375,0.296875,0.0
1288,27,-1.220703125,-0.6875,-1.1875,1.0
1289,27,-0.3994140625,-0.796875,0.78125,0.0
1290,27,1.107421875,1.1875,-0.21875,0.0
1291,27,0.1083984375,-1.265625,-0.53125,1.0
1292,27,-1.650390625,0.015625,1.53125,0.0
1293,27,-1.328125,-1.171875,0.90625,0.0
1294,27,-1.1533203125,-1.21875,-0.140625,1.0
1295,27,-0.017578125,-1.109375,-1.46875,1.0
1296,27,-0.3642578125,0.140625,0.421875,1.0
1297,27,1.6806640625,0.28125,-0.5,0.0
1298,27,1.4521484375,0.625,0.421875,0.0
1299,27,2.19140625,1.28125,-0.78125,1.0
1300,27,0.90234375,0.234375,-0.15625,0.0
1301,27,-1.029296875,-0.890625,-0.53125,0.0
1302,27,3.0751953125,1.4375,-1.09375,1.0
1303,27,3.037109375,1.359375,0.140625,1.0
1304,27,-0.1025390625,-0.65625,2.234375,0.0
1305,27,1.474609375,0.203125,1.5625,1.0
1306,27,-0.3505859375,-0.40625,-0.171875,0.0
1307,27,0.013671875,-0.375,0.5,0.0
1308,27,1.15625,0.84375,-0.71875,0.0
1309,27,0.9853515625,0.265625,0.125,1.0
1310,27,0.25390625,0.640625,1.96875,1.0
1311,27,1.5673828125,-0.234375,-0.734375,1.0
1312,27,0.962890625,1.8125,0.65625,0.0
1313,27,-1.5498046875,0.0625,0.90625,1.0
1314,27,0.525390625,-0.15625,-0.734375,1.0
1315,27,3.84375,0.90625,-0.53125,1.0
1316,27,0.8515625,0.28125,-0.078125,0.0
1317,28,-0.4580078125,0.65625,2.046875,1.0
1318,28,0.716796875,1.25,-0.25,1.0
1319,28,-1.3447265625,-1.25,-1.40625,1.0
1320,28,-0.0771484375,-0.421875,0.125,1.0
1321,28,-1.6962890625,-2.5,-1.96875,1.0
1322,28,0.1396484375,0.0625,-1.0625,0.0
1323,28,2.3515625,1.015625,-1.46875,0.0
1324,28,-0.0419921875,0.34375,-0.59375,0.0
1325,28,-0.005859375,-0.09375,-1.375,0.0
1326,28,-1.9873046875,-1.53125,0.6875,0.0
1327,28,-2.0400390625,-1.34375,-0.625,0.0
1328,28,0.4482421875,0.625,-0.296875,0.0
1329,28,0.994140625,-0.046875,1.71875,1.0
1330,28,1.294921875,0.0625,-1.515625,0.0
1331,28,-1.7978515625,0.125,-0.796875,0.0
1332,28,-0.974609375,0.21875,0.203125,0.0
1333,28,1.9619140625,0.484375,-0.140625,1.0
1334,28,-1.3251953125,1.109375,1.65625,0.0
1335,28,-1.3994140625,-0.515625,-1.5,0.0
1336,28,-0.0,1.8125,-0.4375,0.0
1337,28,0.4072265625,0.84375,0.0625,0.0
1338,28,0.5556640625,0.390625,-3.171875,1.0
1339,28,-1.583984375,-1.0,1.3125,1.0
1340,28,-0.51171875,-0.375,0.03125,1.0
1341,28,-0.6015625,-1.21875,-0.109375,0.0
1342,28,-1.2919921875,-1.46875,0.171875,0.0
1343,28,-0.794921875,-0.734375,-1.53125,1.0
1344,28,-0.173828125,0.0625,0.484375,0.0
1345,28,1.751953125,1.015625,-0.625,0.0
1346,28,-1.5068359375,-1.171875,-0.734375,1.0
1347,28,-1.4716796875,-0.375,-1.046875,0.0
1348,28,-0.2255859375,-0.09375,-1.671875,1.0
1349,28,-0.314453125,0.453125,0.703125,0.0
1350,28,0.67578125,0.234375,0.53125,1.0
1351,28,-0.57421875,-0.203125,-0.28125,0.0
1352,28,-1.5107421875,-0.953125,0.5,0.0
1353,28,0.767578125,0.21875,-0.21875,0.0
1354,28,0.611328125,-0.734375,0.171875,0.0
1355,28,-1.0732421875,0.078125,-0.59375,0.0
1356,28,1.138671875,-0.0625,-1.015625,0.0
1357,28,-0.7783203125,-1.421875,-0.515625,0.0
1358,28,3.041015625,0.5,-2.984375,1.0
1359,28,-2.5400390625,-0.90625,1.28125,0.0
1360,28,0.7255859375,1.265625,-0.125,0.0
1361,28,-1.673828125,-0.546875,0.90625,1.0
1362,28,0.2294921875,0.65625,-1.484375,0.0
1363,28,0.2060546875,1.1875,1.28125,0.0
1364,28,-1.4716796875,-0.1875,1.078125,1.0
1365,28,-0.2822265625,0.40625,-0.015625,0.0
1366,28,1.7841796875,0.46875,-0.328125,0.0
1367,28,-0.994140625,0.296875,0.625,0.0
1368,28,0.0068359375,0.1875,-0.09375,1.0
1369,28,-0.775390625,-0.59375,0.5625,0.0
1370,28,-2.955078125,-0.890625,0.859375,1.0
1371,28,1.263671875,1.140625,-1.3125,1.0
1372,28,0.376953125,0.1875,0.40625,0.0
1373,28,-1.6669921875,-0.5625,0.234375,0.0
1374,28,-0.5009765625,-0.078125,0.828125,0.0
1375,28,0.185546875,0.15625,1.0,0.0
1376,28,-1.4609375,-0.15625,0.640625,0.0
1377,28,0.0517578125,-0.734375,-2.0625,0.0
1378,28,-2.1591796875,0.203125,1.484375,1.0
1379,28,-0.0830078125,-0.203125,-0.609375,0.0
1380,28,-1.662109375,-0.203125,-1.609375,0.0
1381,28,3.3876953125,1.75,0.484375,0.0
1382,28,-0.7353515625,-0.5,-0.3125,1.0
1383,28,2.787109375,0.5625,0.484375,0.0
1384,28,-0.3662109375,0.390625,-0.546875,0.0
1385,28,-0.705078125,0.359375,-0.234375,0.0
1386,28,-0.8203125,-2.328125,0.140625,0.0
1387,28,0.3046875,1.84375,1.171875,0.0
1388,28,-0.9755859375,-1.15625,0.046875,1.0
1389,28,0.666015625,0.203125,0.546875,0.0
1390,28,-0.7392578125,-1.78125,-0.15625,1.0
1391,28,-2.1533203125,-1.1875,0.40625,1.0
1392,28,-0.3173828125,-0.3125,1.078125,1.0
1393,28,3.943359375,1.484375,-1.78125,1.0
1394,29,-0.31640625,0.109375,-0.515625,0.0
1395,29,-2.4375,-0.953125,-0.703125,0.0
1396,29,-0.908203125,-0.59375,0.875,0.0
1397,29,1.96875,0.28125,-2.453125,1.0
1398,29,0.27734375,2.484375,1.484375,0.0
1399,29,-1.521484375,-0.234375,-0.4375,0.0
1400,29,-0.5380859375,-0.59375,-0.203125,0.0
1401,29,-0.798828125,0.359375,0.265625,0.0
1402,29,0.322265625,0.25,-0.609375,0.0
1403,29,2.072265625,1.78125,-0.75,1.0
1404,29,-1.5458984375,-0.4375,0.484375,0.0
1405,29,-1.1181640625,-0.84375,-1.125,0.0
1406,29,-1.5947265625,0.4375,1.125,0.0
1407,29,-1.6220703125,-1.96875,2.375,1.0
1408,29,-0.3681640625,0.34375,-0.375,0.0
1409,29,-1.611328125,0.09375,-1.765625,1.0
1410,29,-1.6884765625,0.15625,1.40625,0.0
1411,29,-0.828125,-0.375,-0.953125,0.0
1412,29,0.103515625,-1.546875,-1.96875,1.0
1413,29,-2.8779296875,-1.1875,0.40625,0.0
1414,29,-0.5517578125,-0.421875,-0.03125,1.0
1415,29,0.7451171875,0.953125,-0.75,0.0
1416,29,-3.375,0.484375,0.515625,0.0
1417,29,-2.0341796875,-1.640625,1.46875,1.0
1418,29,1.1064453125,1.6875,0.140625,0.0
1419,29,0.9453125,-0.765625,-1.328125,1.0
1420,29,-0.0390625,-0.46875,-1.40625,0.0
1421,29,-1.14453125,-0.109375,-1.40625,0.0
1422,29,-1.8232421875,1.109375,1.734375,1.0
1423,29,-3.3916015625,-1.25,0.59375,0.0
1424,29,-1.9970703125,-1.40625,0.328125,0.0
1425,29,0.724609375,1.953125,-0.71875,0.0
1426,29,-2.30859375,-0.21875,0.8125,1.0
1427,29,-1.453125,-1.046875,0.5,1.0
1428,29,-0.2734375,-1.1875,1.125,0.0
1429,29,0.6064453125,0.546875,0.546875,1.0
1430,29,2.859375,1.421875,0.25,0.0
1431,29,2.6728515625,0.6875,-0.796875,1.0
1432,29,-0.9755859375,-0.875,0.21875,1.0
1433,29,-1.5498046875,-1.484375,-1.734375,0.0
1434,29,1.44921875,2.328125,0.0,0.0
1435,29,-2.6787109375,-1.265625,0.65625,0.0
1436,29,-0.6435546875,-0.53125,-1.046875,1.0
1437,29,1.390625,-0.296875,-1.796875,0.0
1438,29,-1.015625,-1.703125,1.453125,1.0
1439,29,1.197265625,0.625,-0.765625,1.0
1440,29,-0.900390625,0.3125,0.5625,0.0
1441,29,0.279296875,-0.546875,1.03125,1.0
1442,29,1.1220703125,0.0625,-0.796875,0.0
1443,29,-2.2666015625,-0.9375,0.109375,0.0
1444,29,2.265625,0.5,-1.1875,1.0
1445,29,-0.4296875,0.890625,0.515625,0.0
1446,29,0.0341796875,0.15625,0.171875,0.0
1447,29,0.3193359375,-0.328125,-0.171875,1.0
1448,29,-1.41015625,0.3125,-0.015625,0.0
1449,29,0.203125,0.171875,0.96875,1.0
1450,29,-1.1953125,-0.171875,1.5625,0.0
1451,29,-2.50390625,-0.96875,0.546875,0.0
1452,29,-1.2578125,-0.71875,-0.28125,0.0
1453,29,-0.5830078125,0.390625,1.796875,0.0
1454,29,2.0390625,1.9375,-0.171875,1.0
1455,29,1.1455078125,0.625,-1.125,1.0
1456,29,-0.3740234375,0.28125,-0.515625,1.0
1457,29,0.13671875,-1.09375,-0.5,0.0
1458,29,-2.3359375,-1.171875,-1.375,0.0
1459,29,-0.03125,-2.046875,-2.25,1.0
1460,29,-1.0625,0.203125,-0.078125,1.0
1461,29,-2.783203125,0.671875,-0.140625,1.0
1462,29,0.3974609375,0.3125,-1.0,0.0
1463,29,1.6142578125,1.953125,-1.3125,0.0
1464,29,0.7197265625,0.046875,-0.875,1.0
1465,29,-0.6865234375,0.125,-1.28125,0.0
1466,29,0.4716796875,0.28125,-1.203125,0.0
1467,29,0.12890625,0.546875,-0.671875,1.0
1468,29,1.34765625,0.234375,-1.265625,0.0
1469,29,0.408203125,0.5625,0.53125,0.0
1470,29,1.9033203125,0.21875,-1.6875,0.0
1471,29,-0.69140625,0.828125,-1.578125,0.0
1472,29,-1.6044921875,-1.59375,-2.296875,0.0
1473,29,-0.2060546875,-0.015625,-0.234375,1.0
1474,29,-1.84375,-1.203125,1.1875,0.0
1475,29,-0.5419921875,-0.953125,1.828125,0.0
1476,29,0.9404296875,0.9375,-0.796875,1.0
1477,29,-2.1669921875,-0.5,0.34375,0.0
1478,29,2.302734375,1.765625,-0.109375,1.0
1479,29,-1.564453125,-1.15625,-0.140625,0.0
1480,29,-1.1201171875,0.375,-1.265625,1.0
1481,29,3.189453125,1.65625,-1.515625,1.0
1482,29,-2.982421875,-1.0625,0.4375,1.0
1483,29,0.0966796875,-0.03125,-1.421875,0.0
1484,29,-1.3388671875,-0.84375,0.375,1.0
1485,29,0.015625,-0.34375,-1.515625,0.0
1486,29,0.4990234375,0.65625,-1.546875,0.0
1487,29,1.294921875,1.21875,-1.359375,1.0
1488,30,1.58203125,1.015625,-1.234375,0.0
1489,30,0.9931640625,0.140625,-0.796875,0.0
1490,30,-0.7958984375,-2.28125,-0.0625,1.0
1491,30,-0.99609375,-1.359375,-1.15625,0.0
1492,30,-0.7841796875,-0.921875,-1.375,0.0
1493,30,-0.4453125,0.515625,0.546875,1.0
1494,30,-0.923828125,-0.140625,-1.9375,0.0
1495,30,1.0615234375,-0.03125,-0.78125,0.0
1496,30,0.0341796875,-0.765625,-0.125,0.0
1497,30,0.4638671875,0.015625,-1.65625,1.0
1498,30,-0.2958984375,0.546875,1.265625,1.0
1499,30,-1.890625,-1.78125,-0.265625,0.0
1500,30,-1.0048828125,0.1875,2.0625,0.0
1501,30,0.1435546875,0.578125,1.078125,1.0
1502,30,-1.4228515625,-0.359375,-0.5625,0.0
1503,30,2.013671875,0.484375,-1.5,1.0
1504,30,-0.607421875,-1.390625,-1.15625,1.0
1505,30,1.5361328125,-0.4375,-0.78125,0.0
1506,30,-2.130859375,-1.03125,-0.265625,0.0
1507,30,-0.2392578125,-0.15625,0.4375,0.0
1508,30,0.9326171875,0.234375,1.09375,0.0
1509,30,-1.1328125,-1.640625,-2.28125,0.0
1510,30,-2.6943359375,-1.265625,1.578125,0.0
1511,30,-0.365234375,0.734375,0.953125,1.0
1512,30,0.8681640625,0.59375,-0.765625,0.0
1513,30,0.6630859375,-0.140625,0.34375,0.0
1514,30,-1.029296875,-0.703125,0.109375,0.0
1515,30,-0.623046875,-1.171875,-1.265625,1.0
1516,30,2.126953125,2.578125,-1.015625,0.0
1517,30,1.14453125,0.4375,0.71875,1.0
1518,30,1.5341796875,0.390625,-0.46875,0.0
1519,30,0.755859375,1.375,-0.046875,1.0
1520,30,0.1943359375,0.359375,-1.890625,1.0
1521,30,1.076171875,-0.515625,-1.40625,1.0
1522,30,-0.154296875,-0.328125,-0.90625,0.0
1523,30,0.5703125,-0.140625,-0.453125,0.0
1524,30,0.4267578125,-0.296875,-0.203125,1.0
1525,30,-1.416015625,-1.203125,-0.359375,0.0
1526,30,-0.97265625,-0.234375,1.34375,0.0
1527,30,0.77734375,0.0625,-1.6875,1.0
1528,30,0.888671875,0.8125,0.015625,0.0
1529,30,-1.3623046875,-0.234375,0.90625,1.0
1530,30,-1.8251953125,-0.578125,-0.21875,0.0
1531,30,-1.84765625,-1.28125,0.1875,1.0
1532,30,1.431640625,0.5625,0.015625,0.0
1533,30,0.65625,0.734375,0.40625,1.0
1534,30,-0.5224609375,-0.59375,-0.0625,0.0
1535,30,-0.1611328125,-0.5625,-0.4375,0.0
1536,30,1.0966796875,2.28125,1.28125,0.0
1537,30,-1.4970703125,0.0625,2.1875,0.0
1538,30,-0.388671875,0.1875,1.265625,0.0
1539,30,0.1357421875,0.484375,1.328125,0.0
1540,30,0.435546875,0.0,-1.375,0.0
1541,30,-2.8408203125,-2.765625,0.296875,1.0
1542,30,-0.8525390625,-0.375,0.25,0.0
1543,30,-1.9580078125,0.8125,0.53125,0.0
1544,30,2.0078125,2.046875,0.921875,0.0
1545,30,0.2822265625,0.34375,-0.953125,0.0
1546,30,-0.5810546875,-0.640625,-1.1875,0.0
1547,30,2.9794921875,2.921875,-1.796875,1.0
1548,30,-1.2490234375,0.65625,0.75,0.0
1549,30,1.009765625,0.6875,-3.484375,0.0
1550,30,-1.828125,-1.703125,-0.515625,0.0
1551,30,0.8486328125,0.03125,-0.625,1.0
1552,30,-0.7490234375,-0.921875,-0.859375,0.0
1553,30,-0.392578125,0.15625,0.6875,0.0
1554,30,0.919921875,0.484375,-0.390625,1.0
1555,30,3.41796875,0.53125,-1.140625,0.0
1556,30,-2.349609375,-1.4375,-0.03125,1.0
1557,30,-1.4140625,-0.1875,1.046875,1.0
1558,30,0.171875,0.609375,-0.15625,1.0
1559,30,2.556640625,1.296875,-1.046875,1.0
1560,30,0.1298828125,0.09375,0.15625,0.0
1561,30,-1.3759765625,-0.734375,0.03125,0.0
1562,30,1.892578125,1.0625,0.453125,1.0
1563,30,-2.2685546875,-1.625,2.90625,1.0
1564,30,-1.1845703125,-1.0,-0.359375,1.0
1565,30,-0.9755859375,-0.75,0.09375,0.0
1566,30,-0.2978515625,-0.140625,0.921875,1.0
1567,30,0.935546875,-0.578125,-1.015625,0.0
1568,30,0.7353515625,-0.75,-1.421875,1.0
1569,30,1.5,-0.625,-1.109375,0.0
1570,30,-0.9580078125,-1.59375,0.5,1.0
1571,30,-2.4658203125,-1.140625,0.953125,0.0
1572,30,-1.5927734375,-1.359375,-0.203125,0.0
1573,30,1.048828125,-0.265625,-0.59375,0.0
1574,30,-0.36328125,0.140625,0.03125,1.0
1575,30,1.212890625,0.390625,0.296875,1.0
1576,30,-3.12109375,-1.703125,-1.015625,1.0
1577,30,-4.2900390625,-2.1875,0.671875,0.0
1578,30,-1.4296875,-0.609375,-0.6875,0.0
1579,30,-1.5244140625,0.53125,1.703125,0.0
1580,30,1.2822265625,0.3125,-0.46875,1.0
1581,30,1.763671875,-0.15625,-0.375,0.0
1582,30,-3.0087890625,-0.984375,0.71875,0.0
1583,30,2.4833984375,0.84375,-0.125,0.0
1584,30,-2.0419921875,-0.75,-0.5625,0.0
1585,30,0.0712890625,2.140625,0.203125,0.0
1586,30,2.0947265625,0.296875,0.453125,0.0
1587,30,0.8671875,1.84375,1.265625,1.0
1588,30,0.4560546875,-0.53125,-0.15625,0.0
1589,30,2.87109375,-0.046875,-1.109375,1.0
1590,30,1.86328125,0.40625,0.546875,1.0
1591,30,-3.458984375,-0.59375,0.890625,1.0
1592,30,1.146484375,-0.03125,-0.984375,0.0
1593,30,1.8349609375,1.75,0.6875,1.0
1594,30,0.0556640625,0.546875,-1.109375,1.0
1595,30,-1.4580078125,0.015625,2.234375,0.0
1596,30,-3.408203125,-0.53125,1.375,0.0
1597,30,-0.2314453125,0.203125,-0.09375,0.0
1598,30,-0.7578125,-1.109375,1.6875,1.0
1599,31,0.328125,1.21875,-1.34375,0.0
1600,31,0.146484375,0.6875,-1.234375,0.0
1601,31,-0.486328125,-0.6875,0.03125,1.0
1602,31,0.220703125,-0.390625,-0.46875,0.0
1603,31,0.8212890625,0.0625,0.515625,1.0
1604,31,0.841796875,1.75,-0.25,0.0
1605,31,0.7158203125,0.5,-1.5,0.0
1606,31,2.6591796875,0.875,-3.671875,0.0
1607,31,0.984375,-0.765625,-1.40625,1.0
1608,31,1.0185546875,2.1875,-1.65625,1.0
1609,31,-0.501953125,-1.625,-1.640625,1.0
1610,32,-0.8203125,-1.03125,1.28125,0.0
1611,32,1.376953125,1.5,-1.828125,0.0
1612,32,-1.06640625,-1.890625,0.609375,1.0
1613,32,-1.18359375,0.125,0.8125,0.0
1614,32,-0.2099609375,-2.28125,2.109375,1.0
1615,32,-0.302734375,-1.03125,-1.421875,1.0
1616,32,-0.2021484375,-1.265625,-0.875,1.0
1617,32,-1.0341796875,-0.53125,-1.703125,1.0
1618,32,1.845703125,0.484375,0.828125,1.0
1619,32,0.0146484375,0.4375,1.15625,0.0
1620,32,-0.7197265625,0.171875,0.59375,0.0
1621,32,1.240234375,1.359375,-1.171875,0.0
1622,32,0.078125,0.0625,0.921875,0.0
1623,32,-2.0966796875,0.234375,0.5625,1.0
1624,32,0.443359375,-0.5625,-0.109375,0.0
1625,32,-0.5654296875,0.265625,0.109375,1.0
1626,32,-1.578125,-0.359375,-0.09375,0.0
1627,32,-0.8349609375,-0.921875,0.546875,0.0
1628,32,0.8349609375,1.578125,0.828125,0.0
1629,32,-0.46875,0.546875,-0.375,0.0
1630,32,0.3076171875,-0.640625,-0.65625,1.0
1631,32,-1.6630859375,-2.484375,-0.328125,1.0
1632,32,0.19921875,-0.90625,-0.28125,1.0
1633,32,2.3525390625,0.984375,-0.40625,0.0
1634,32,-3.3037109375,-1.8125,1.953125,1.0
1635,32,0.126953125,1.421875,0.125,1.0
1636,32,-0.279296875,-0.046875,1.546875,0.0
1637,32,0.076171875,-0.78125,-1.421875,0.0
1638,33,0.6318359375,-0.359375,-0.890625,1.0
1639,33,1.552734375,1.46875,-0.71875,0.0
1640,33,1.6923828125,0.921875,-0.609375,0.0
1641,33,-1.8955078125,-1.171875,-0.28125,1.0
1642,33,2.869140625,1.296875,-1.359375,1.0
1643,33,2.193359375,0.625,-2.65625,0.0
1644,33,-0.6259765625,-1.609375,-0.578125,1.0
1645,33,-1.0498046875,-0.203125,-0.21875,0.0
1646,33,-0.533203125,1.53125,0.34375,0.0
1647,33,-2.1240234375,1.078125,-0.0625,1.0
1648,33,-1.326171875,0.390625,-1.84375,1.0
1649,33,1.0537109375,0.8125,0.671875,0.0
1650,33,0.4755859375,0.9375,-0.125,0.0
1651,33,-1.103515625,-0.984375,-0.640625,1.0
1652,33,-2.6845703125,-1.71875,-0.9375,0.0
1653,33,-1.490234375,-0.734375,-0.65625,0.0
1654,33,-0.7607421875,-0.15625,1.265625,0.0
1655,33,-0.6005859375,0.546875,-0.15625,0.0
1656,33,0.33984375,-0.09375,0.328125,1.0
1657,33,0.623046875,0.34375,-1.140625,0.0
1658,33,-1.3916015625,-0.859375,1.40625,0.0
1659,33,0.4072265625,0.421875,-0.5625,0.0
1660,33,-2.4248046875,-2.703125,0.140625,0.0
1661,33,-2.263671875,-0.828125,1.078125,0.0
1662,33,-0.4775390625,-1.546875,-0.203125,0.0
1663,33,2.224609375,1.3125,-1.125,1.0
1664,33,-1.4853515625,0.109375,-0.171875,0.0
1665,33,-0.046875,-1.0625,0.140625,0.0
1666,33,0.3095703125,0.71875,1.890625,1.0
1667,33,-0.1748046875,0.09375,-0.375,1.0
1668,33,0.86328125,0.625,0.859375,1.0
1669,33,2.4580078125,1.015625,-1.015625,0.0
1670,33,-0.3134765625,0.46875,0.9375,1.0
1671,33,0.2685546875,-0.578125,-1.5,1.0
1672,33,-0.5693359375,0.171875,-0.375,0.0
1673,33,-1.345703125,-0.96875,0.5,0.0
1674,33,0.990234375,1.5,-0.03125,1.0
1675,33,2.6806640625,1.671875,0.265625,1.0
1676,33,-0.12890625,-0.21875,-0.65625,1.0
1677,33,-0.8037109375,1.015625,-0.171875,0.0
1678,33,-0.3759765625,0.578125,0.15625,0.0
1679,33,-2.056640625,-0.375,1.09375,0.0
1680,33,-1.8515625,-1.328125,-2.0625,0.0
1681,33,-1.103515625,-0.59375,-0.984375,0.0
1682,33,-0.4560546875,-1.484375,-0.171875,1.0
1683,34,-1.57421875,-2.390625,-0.578125,0.0
1684,34,-0.287109375,0.640625,1.4375,1.0
1685,34,-0.09375,-0.65625,0.921875,0.0
1686,34,-0.912109375,-1.671875,-0.296875,0.0
1687,34,-1.80078125,-2.96875,-0.25,1.0
1688,34,1.2021484375,0.84375,0.984375,1.0
1689,34,-3.814453125,-0.875,2.046875,0.0
1690,34,1.630859375,1.609375,0.046875,0.0
1691,34,1.6806640625,1.3125,-1.375,0.0
1692,34,2.4921875,0.78125,-0.75,0.0
1693,34,-0.15625,-0.578125,-0.25,0.0
1694,34,1.3876953125,0.859375,-0.84375,0.0
1695,34,1.2509765625,-0.296875,1.09375,1.0
1696,34,0.1337890625,0.734375,-0.90625,0.0
1697,34,0.6025390625,-1.28125,-0.28125,0.0
1698,34,-0.181640625,0.03125,1.71875,1.0
1699,34,-2.419921875,-0.375,0.890625,1.0
1700,34,-3.3642578125,-2.03125,1.828125,0.0
1701,34,0.650390625,1.34375,0.46875,0.0
1702,34,-1.1875,-0.25,0.21875,1.0
1703,34,-1.4931640625,0.90625,1.46875,0.0
1704,34,1.21875,0.390625,0.09375,1.0
1705,34,-0.1181640625,-0.03125,0.109375,1.0
1706,34,-1.619140625,-1.390625,1.203125,0.0
1707,34,1.0048828125,1.015625,0.890625,0.0
1708,34,-2.314453125,-0.15625,-0.296875,0.0
1709,34,0.0986328125,-0.734375,-1.296875,0.0
1710,34,-2.197265625,0.328125,-1.046875,0.0
1711,34,-1.248046875,-1.078125,0.171875,0.0
1712,34,-1.44921875,-0.640625,-0.625,0.0
1713,34,-1.849609375,-0.59375,-0.171875,0.0
1714,34,-1.013671875,0.484375,-0.796875,0.0
1715,34,-0.8740234375,-1.296875,-0.625,0.0
1716,34,0.65234375,0.65625,0.90625,0.0
1717,34,-0.59375,0.625,0.4375,0.0
1718,34,-0.7685546875,-0.296875,-1.671875,0.0
1719,34,2.482421875,0.90625,-0.90625,1.0
1720,34,2.171875,0.6875,-1.390625,0.0
1721,34,0.7802734375,-0.5625,-0.171875,0.0
1722,34,1.201171875,0.890625,0.953125,0.0
1723,34,-0.8798828125,-0.875,0.6875,1.0
1724,34,0.779296875,0.40625,0.84375,0.0
1725,34,2.501953125,1.6875,0.109375,0.0
1726,34,-0.4453125,0.53125,-0.03125,0.0
1727,34,-2.75390625,-0.75,2.609375,0.0
1728,34,1.3662109375,1.53125,0.359375,0.0
1729,34,-0.0849609375,0.546875,1.53125,0.0
1730,34,0.359375,0.296875,-1.140625,1.0
1731,34,1.373046875,0.53125,-0.59375,0.0
1732,34,-0.8525390625,0.9375,-0.078125,1.0
1733,34,-0.9033203125,-0.421875,0.84375,0.0
1734,34,0.15234375,-1.046875,-0.953125,1.0
1735,34,1.24609375,1.40625,-1.078125,1.0
1736,34,-0.6552734375,-0.46875,-1.109375,0.0
1737,34,-1.279296875,-1.046875,0.75,0.0
1738,34,-0.1611328125,0.03125,-0.578125,0.0
1739,34,1.6572265625,1.4375,0.578125,0.0
1740,34,-1.765625,-0.0625,-0.328125,0.0
1741,34,0.3173828125,0.0625,0.6875,0.0
1742,34,-1.7734375,-0.203125,1.390625,0.0
1743,34,0.3583984375,-0.125,-1.1875,0.0
1744,34,0.7802734375,1.703125,-0.328125,0.0
1745,35,-0.251953125,1.046875,2.703125,0.0
1746,35,0.9033203125,0.15625,-0.40625,1.0
1747,35,-0.75390625,0.015625,1.765625,0.0
1748,35,1.001953125,0.1875,-1.421875,0.0
1749,35,-1.5126953125,-0.1875,0.421875,0.0
1750,35,1.42578125,0.75,0.375,0.0
1751,35,0.998046875,0.203125,0.203125,1.0
1752,35,1.2412109375,1.78125,0.640625,1.0
1753,35,1.9970703125,0.515625,-1.859375,0.0
1754,35,-0.978515625,1.515625,1.875,1.0
1755,35,0.7919921875,0.0,-0.703125,1.0
1756,35,-1.171875,0.25,0.796875,0.0
1757,35,2.8291015625,1.890625,-2.125,0.0
1758,35,2.0166015625,0.203125,-0.625,1.0
1759,35,2.677734375,2.234375,0.328125,0.0
1760,35,-0.4013671875,-0.21875,1.703125,0.0
1761,35,0.7724609375,1.359375,-0.46875,0.0
1762,35,0.8232421875,1.28125,1.53125,1.0
1763,35,1.083984375,1.15625,1.0625,0.0
1764,35,-2.6162109375,-1.546875,2.921875,0.0
1765,35,-0.375,0.125,1.5,1.0
1766,35,-1.580078125,0.34375,2.0,0.0
1767,35,-0.7412109375,-1.265625,0.796875,0.0
1768,35,1.5244140625,-0.15625,-0.328125,1.0
1769,35,1.673828125,0.46875,-0.140625,1.0
1770,35,1.908203125,1.109375,0.78125,1.0
1771,35,2.9580078125,0.96875,-0.25,0.0
1772,35,1.9228515625,-0.0625,-1.09375,0.0
1773,35,-0.236328125,0.015625,0.65625,0.0
1774,35,-0.68359375,-0.4375,0.75,1.0
1775,35,-0.2314453125,-0.671875,0.1875,0.0
1776,35,3.4794921875,3.28125,-0.96875,0.0
1777,35,0.0419921875,0.765625,0.46875,0.0
1778,35,-0.0546875,-1.953125,-0.84375,0.0
1779,35,0.896484375,-0.9375,0.453125,0.0
1780,35,-0.3447265625,-0.96875,0.578125,0.0
1781,35,-1.5439453125,-1.171875,1.625,1.0
1782,35,-0.6337890625,0.734375,1.625,1.0
1783,35,0.802734375,-0.234375,0.890625,1.0
1784,35,-0.1474609375,-0.234375,0.921875,0.0
1785,35,2.275390625,0.140625,1.046875,0.0
1786,35,0.462890625,0.3125,-0.15625,0.0
1787,35,1.80078125,0.484375,-0.734375,1.0
1788,35,-0.908203125,-0.890625,2.0625,0.0
1789,35,0.685546875,1.21875,2.25,0.0
1790,35,2.3759765625,1.46875,0.375,1.0
1791,35,0.3603515625,-0.265625,-0.421875,1.0
1792,35,2.5126953125,0.390625,0.15625,0.0
1793,35,-0.064453125,0.5,0.96875,0.0
1794,35,0.1455078125,0.65625,0.53125,0.0
1795,35,0.810546875,0.90625,1.734375,0.0
1796,35,-0.11328125,-0.484375,0.5625,0.0
1797,35,0.873046875,1.203125,-1.125,0.0
1798,35,-0.125,2.234375,0.515625,1.0
1799,35,-0.212890625,-0.25,0.25,1.0
1800,35,-1.341796875,0.0625,-0.3125,1.0
1801,35,-1.0576171875,0.546875,1.796875,0.0
1802,35,0.033203125,0.5625,-0.0625,0.0
1803,35,1.5078125,0.984375,-0.375,1.0
1804,35,-0.8193359375,-0.5625,-0.375,1.0
1805,35,-0.103515625,-1.078125,-0.84375,0.0
1806,35,-1.712890625,0.171875,1.40625,0.0
1807,35,0.2861328125,0.125,-0.40625,0.0
1808,35,-2.4375,-1.75,2.5,1.0
1809,35,0.0693359375,-0.28125,1.890625,0.0
1810,35,-0.6376953125,-1.046875,-0.015625,1.0
1811,35,0.87109375,0.71875,1.28125,0.0
1812,35,0.3095703125,0.8125,0.203125,0.0
1813,35,-0.6513671875,0.921875,1.96875,1.0
1814,35,-0.978515625,-1.71875,-1.25,0.0
1815,35,1.7177734375,0.8125,0.140625,0.0
1816,35,0.4853515625,-0.0625,-0.125,0.0
1817,35,1.09765625,0.640625,-0.828125,0.0
1818,35,1.294921875,0.765625,-0.0625,1.0
1819,35,-0.21484375,-1.546875,-1.421875,0.0
1820,35,-0.275390625,1.4375,1.125,0.0
1821,35,0.392578125,-0.140625,-0.078125,1.0
1822,35,1.69921875,0.46875,-0.265625,1.0
1823,35,1.1171875,0.90625,-0.234375,0.0
1824,36,-0.830078125,-1.234375,-0.09375,0.0
1825,36,1.1044921875,0.265625,-0.828125,0.0
1826,36,0.8740234375,0.046875,-0.765625,0.0
1827,36,-4.0283203125,-2.625,1.015625,0.0
1828,36,-0.63671875,0.8125,0.0625,1.0
1829,36,0.2314453125,0.03125,0.1875,1.0
1830,36,0.1123046875,1.046875,-0.1875,0.0
1831,36,0.5419921875,0.375,-1.015625,1.0
1832,36,-1.0498046875,-1.03125,-0.75,1.0
1833,36,1.365234375,0.890625,0.265625,0.0
1834,36,1.9931640625,0.234375,-1.046875,1.0
1835,36,-1.0185546875,-0.5625,-2.109375,1.0
1836,36,-1.5810546875,0.046875,-0.609375,1.0
1837,36,1.9326171875,0.484375,-1.65625,0.0
1838,36,0.876953125,0.609375,-0.953125,0.0
1839,36,1.59375,-0.9375,-0.796875,1.0
1840,36,-1.828125,-0.734375,0.171875,0.0
1841,36,-0.0712890625,0.34375,-0.1875,0.0
1842,36,1.2353515625,0.34375,-0.421875,1.0
1843,36,-1.392578125,-1.046875,-2.078125,0.0
1844,36,0.4892578125,0.296875,1.078125,1.0
1845,36,-0.322265625,1.125,0.609375,0.0
1846,36,-2.0048828125,-0.828125,-0.25,1.0
1847,36,-1.8759765625,0.203125,-0.484375,1.0
1848,36,0.4794921875,0.40625,-1.0,0.0
1849,36,0.640625,0.71875,-0.140625,0.0
1850,36,0.068359375,0.9375,1.109375,0.0
1851,36,0.7470703125,0.171875,-2.03125,0.0
1852,36,-0.177734375,-0.46875,0.46875,1.0
1853,36,1.912109375,0.09375,-0.28125,1.0
1854,36,0.0869140625,-0.046875,1.921875,0.0
1855,36,0.044921875,0.484375,0.609375,1.0
1856,36,0.828125,-0.328125,0.953125,1.0
1857,36,1.0263671875,-0.484375,-1.71875,1.0
1858,36,-0.0400390625,0.65625,-1.0625,0.0
1859,36,1.0986328125,0.671875,-0.1875,1.0
1860,36,1.5625,1.6875,0.453125,0.0
1861,36,-0.2021484375,-1.15625,0.921875,1.0
1862,36,-1.80078125,0.203125,1.015625,0.0
1863,36,-2.5205078125,-0.75,0.53125,0.0
1864,36,1.103515625,1.265625,0.78125,1.0
1865,36,0.896484375,0.28125,-1.15625,0.0
1866,36,1.19921875,1.03125,-2.046875,0.0
1867,36,0.494140625,-0.0625,-1.078125,1.0
1868,36,-0.875,-1.09375,-0.953125,0.0
1869,36,-2.02734375,-2.328125,-1.078125,1.0
1870,36,0.25390625,0.40625,0.109375,0.0
1871,36,-0.2099609375,0.484375,-0.921875,1.0
1872,36,-0.001953125,-0.3125,0.421875,0.0
1873,36,1.5234375,1.703125,1.078125,1.0
1874,36,-1.447265625,-0.765625,-0.984375,1.0
1875,36,0.083984375,-0.328125,-1.28125,1.0
1876,36,0.076171875,0.34375,1.765625,1.0
1877,36,-0.1572265625,0.484375,0.9375,0.0
1878,36,-1.2958984375,-0.109375,-1.375,0.0
1879,36,-2.3173828125,-0.578125,1.65625,0.0
1880,36,-1.037109375,-0.578125,0.6875,0.0
1881,36,-1.3134765625,-0.6875,1.109375,0.0
1882,36,-0.478515625,-0.46875,-1.015625,0.0
1883,36,1.212890625,1.109375,1.328125,1.0
1884,36,1.7841796875,-0.046875,-2.484375,0.0
1885,36,1.962890625,1.96875,-0.375,1.0
1886,36,2.0927734375,1.59375,-0.453125,0.0
1887,36,-0.689453125,0.65625,1.3125,0.0
1888,36,-1.345703125,0.203125,1.4375,1.0
1889,36,1.009765625,0.71875,0.40625,1.0
1890,36,-0.9111328125,-0.25,2.0625,1.0
1891,36,-0.162109375,-0.734375,0.671875,0.0
1892,36,-0.81640625,-0.359375,0.59375,0.0
1893,36,-2.90625,-2.734375,-0.65625,0.0
1894,36,-2.4482421875,0.140625,-1.09375,0.0
1895,36,-2.904296875,-1.171875,0.796875,0.0
1896,36,-1.294921875,-0.109375,0.75,0.0
1897,36,0.3544921875,0.625,-1.421875,1.0
1898,36,-0.5,-0.328125,-1.203125,0.0
1899,36,-1.359375,-1.5,0.09375,0.0
1900,36,2.05859375,-0.171875,-0.875,0.0
1901,36,-2.369140625,-3.125,-1.828125,0.0
1902,36,1.505859375,-0.125,-1.859375,1.0
1903,36,-1.1513671875,-0.09375,0.125,1.0
1904,36,-0.7919921875,-0.65625,0.28125,0.0
1905,36,0.3544921875,0.0,-0.109375,0.0
1906,36,0.5966796875,-0.09375,-2.0,0.0
1907,36,1.54296875,1.34375,-1.5625,1.0
1908,36,1.525390625,0.296875,0.71875,1.0
1909,36,-1.181640625,-1.078125,-0.921875,0.0
1910,36,1.8505859375,0.796875,0.484375,0.0
1911,36,-1.9931640625,-0.15625,0.796875,0.0
1912,36,0.59765625,-0.359375,-1.78125,1.0
1913,36,-2.2998046875,-0.03125,1.203125,0.0
1914,36,-0.7451171875,-0.265625,0.609375,0.0
1915,36,0.9404296875,1.953125,-0.875,1.0
1916,36,-1.603515625,-1.640625,0.15625,1.0
1917,36,-0.5517578125,1.765625,-0.484375,0.0
1918,36,-0.98046875,0.1875,0.78125,1.0
1919,36,1.0751953125,0.9375,-0.9375,1.0
1920,37,0.841796875,0.171875,-2.15625,1.0
1921,37,2.51171875,1.109375,-2.375,1.0
1922,37,-1.2822265625,1.171875,2.28125,0.0
1923,37,-1.04296875,-1.578125,-0.3125,0.0
1924,37,-2.0576171875,-0.296875,0.234375,1.0
1925,37,-0.7841796875,1.296875,1.0,1.0
1926,37,-0.3232421875,0.796875,-0.765625,0.0
1927,37,0.8603515625,2.03125,-2.21875,1.0
1928,37,-0.9833984375,-1.859375,-0.796875,0.0
1929,37,-3.2626953125,-2.28125,-0.171875,1.0
1930,37,-1.3583984375,0.125,-0.4375,0.0
1931,37,0.7666015625,0.75,-1.875,0.0
1932,37,1.65234375,0.453125,-0.828125,0.0
1933,37,0.1220703125,-0.109375,-0.421875,0.0
1934,37,0.544921875,3.25,-0.09375,0.0
1935,37,-0.779296875,0.203125,-1.234375,1.0
1936,37,-2.0625,0.28125,2.03125,0.0
1937,37,-0.044921875,-0.359375,-0.4375,0.0
1938,37,0.0625,0.375,-0.09375,0.0
1939,37,-0.177734375,1.015625,0.03125,1.0
1940,37,-1.1728515625,0.40625,-1.59375,0.0
1941,37,-0.7470703125,0.546875,-0.96875,0.0
1942,37,-2.35546875,-1.046875,0.6875,1.0
1943,37,-1.193359375,1.671875,-0.640625,0.0
1944,37,-0.369140625,1.0,0.53125,0.0
1945,37,-2.5244140625,-0.34375,-2.3125,0.0
1946,37,-1.5185546875,-1.453125,1.9375,0.0
1947,37,1.6982421875,1.96875,-0.171875,1.0
1948,37,-0.8271484375,-0.484375,-1.359375,0.0
1949,37,-0.421875,0.78125,0.078125,0.0
1950,37,-0.3583984375,-1.328125,-1.3125,0.0
1951,37,-2.9814453125,-2.25,-1.0625,1.0
1952,37,2.7158203125,1.15625,-1.765625,1.0
1953,37,0.125,0.9375,0.796875,0.0
1954,37,-0.41796875,0.171875,-1.125,0.0
1955,37,-0.927734375,0.390625,1.421875,1.0
1956,37,0.1083984375,-1.15625,-0.1875,0.0
1957,37,1.3173828125,1.125,-1.921875,0.0
1958,37,-1.373046875,0.578125,-0.140625,1.0
1959,37,0.1650390625,-0.71875,-0.234375,1.0
1960,37,-1.7900390625,-0.96875,0.046875,0.0
1961,37,0.984375,0.859375,-0.875,1.0
1962,37,-0.87109375,0.859375,0.65625,0.0
1963,37,2.611328125,0.59375,-2.609375,1.0
1964,37,-2.21484375,-0.484375,0.65625,0.0
1965,37,3.3681640625,2.859375,-1.53125,1.0
1966,37,1.0205078125,0.90625,0.09375,0.0
1967,37,-0.2939453125,1.328125,0.578125,0.0
1968,37,1.4462890625,0.484375,-0.0625,1.0
1969,37,-1.6376953125,0.671875,0.40625,0.0
1970,37,-0.05078125,0.453125,0.6875,0.0
1971,37,-1.1806640625,-0.765625,-0.34375,0.0
1972,37,-1.28515625,0.796875,0.921875,0.0
1973,37,0.4951171875,1.046875,-0.6875,1.0
1974,37,-0.5517578125,1.25,-2.09375,0.0
1975,37,0.763671875,2.046875,-0.640625,0.0
1976,37,-0.7578125,-1.359375,-0.90625,1.0
1977,37,0.333984375,-0.0625,-0.6875,1.0
1978,37,-0.6923828125,-0.53125,0.390625,0.0
1979,37,-1.587890625,-0.46875,0.359375,0.0
1980,37,0.5185546875,0.640625,-0.140625,0.0
1981,37,1.615234375,1.859375,0.390625,1.0
1982,37,-0.5537109375,-1.328125,-2.15625,0.0
1983,37,0.640625,0.875,-0.765625,0.0
1984,37,0.943359375,0.859375,-1.234375,0.0
1985,37,0.3740234375,0.140625,-0.8125,1.0
1986,37,0.025390625,1.578125,-1.0625,1.0
1987,37,0.583984375,-1.03125,-0.78125,0.0
1988,37,0.95703125,-0.296875,-1.703125,1.0
1989,37,-1.19921875,0.0625,1.234375,0.0
1990,37,1.513671875,-0.0625,-1.109375,1.0
1991,37,-0.609375,-0.65625,1.1875,0.0
1992,37,2.150390625,1.28125,-2.734375,0.0
1993,37,-1.4482421875,-0.359375,0.28125,0.0
1994,37,-0.822265625,-1.0625,-1.03125,1.0
1995,37,0.3603515625,-0.421875,-2.03125,1.0
1996,37,0.7138671875,1.390625,-2.484375,1.0
1997,37,1.021484375,-0.109375,-0.328125,1.0
1998,37,-3.46875,-0.53125,0.578125,0.0
1999,37,-2.044921875,-0.671875,-1.296875,1.0
2000,37,-2.1484375,-1.171875,-0.59375,1.0
2001,37,-2.1669921875,-0.296875,0.75,0.0
2002,37,-1.25390625,1.140625,0.125,1.0
2003,37,-1.7939453125,0.859375,1.46875,0.0
2004,37,-1.09375,0.09375,0.703125,0.0
2005,37,-1.505859375,0.109375,0.40625,0.0
2006,37,-0.9794921875,-0.765625,1.203125,1.0
2007,37,-0.087890625,-0.703125,-1.3125,0.0
2008,37,-2.107421875,-0.546875,0.046875,0.0
2009,37,-0.8134765625,0.828125,-0.25,1.0
2010,37,0.595703125,0.984375,0.34375,0.0
2011,37,-0.2138671875,0.453125,-1.953125,1.0
2012,37,-0.5771484375,0.59375,-0.578125,0.0
2013,37,0.16015625,1.515625,0.375,1.0
2014,37,0.478515625,-0.203125,0.515625,0.0
2015,37,-2.966796875,-1.09375,1.0625,0.0
2016,37,-0.98828125,0.640625,0.296875,0.0
2017,37,-1.1875,0.796875,-1.640625,0.0
2018,37,1.193359375,1.171875,-1.28125,1.0
2019,37,-2.0322265625,-0.375,0.640625,0.0
2020,37,-1.3974609375,0.046875,-1.390625,0.0
2021,37,0.7763671875,-0.015625,-0.625,1.0
2022,37,1.0927734375,1.640625,-0.703125,1.0
2023,37,-2.4501953125,-0.578125,1.671875,1.0
2024,37,-1.3173828125,0.265625,-0.515625,0.0
2025,37,0.951171875,0.921875,-0.59375,0.0
2026,37,-1.3662109375,-0.140625,0.421875,0.0
2027,37,-2.9482421875,-0.890625,0.046875,1.0
2028,37,-1.6826171875,-2.640625,-0.59375,0.0
2029,37,2.0546875,0.484375,-2.125,1.0
2030,37,-0.693359375,-0.90625,0.28125,0.0
2031,37,-1.1845703125,-1.0,-0.46875,0.0
2032,37,1.5009765625,-0.75,-1.828125,1.0
2033,38,1.0400390625,0.15625,-0.15625,0.0
2034,38,1.083984375,1.328125,0.796875,0.0
2035,38,2.98046875,2.390625,-0.875,1.0
2036,38,0.1748046875,0.390625,2.234375,0.0
2037,38,1.8193359375,1.34375,-0.140625,0.0
2038,38,-2.431640625,-1.484375,0.625,0.0
2039,38,0.55078125,0.15625,-0.53125,0.0
2040,38,-2.650390625,-0.265625,0.703125,0.0
2041,38,0.314453125,0.09375,-1.28125,0.0
2042,38,-1.8447265625,-2.125,0.5625,1.0
2043,38,0.0830078125,-1.046875,-0.6875,1.0
2044,38,-1.1787109375,-0.15625,0.8125,0.0
2045,38,1.119140625,-1.40625,-0.71875,1.0
2046,39,-1.3271484375,-0.75,0.015625,1.0
2047,39,-0.2431640625,-0.71875,0.5,1.0
2048,39,2.0126953125,0.875,-0.359375,0.0
2049,39,-1.1767578125,-0.15625,-2.265625,0.0
2050,39,-1.6572265625,-1.859375,0.34375,1.0
2051,39,-1.37109375,-0.671875,0.734375,0.0
2052,39,-1.6484375,-0.390625,-0.5,0.0
2053,39,-3.462890625,-1.390625,-0.78125,1.0
2054,39,0.6083984375,0.3125,-0.28125,0.0
2055,39,1.5595703125,0.546875,0.421875,1.0
2056,39,0.1279296875,-0.40625,-0.59375,0.0
2057,39,-0.08984375,-0.453125,0.265625,1.0
2058,39,1.16015625,0.4375,1.671875,0.0
2059,39,2.80078125,2.5,-1.5,1.0
2060,39,0.791015625,-0.828125,0.015625,1.0
2061,39,-0.2421875,0.609375,-0.015625,1.0
2062,39,-2.2861328125,-1.828125,0.859375,0.0
2063,39,-1.6171875,-0.6875,0.046875,0.0
2064,39,1.9814453125,0.890625,0.453125,1.0
2065,39,-0.0986328125,0.625,0.234375,0.0
2066,39,0.5595703125,0.078125,-0.859375,0.0
2067,39,1.392578125,0.78125,0.234375,0.0
2068,39,0.771484375,0.28125,-0.828125,0.0
2069,39,0.205078125,-0.078125,-0.765625,0.0
2070,39,-0.763671875,-1.859375,-1.203125,1.0
2071,39,2.2236328125,1.234375,0.203125,0.0
2072,39,-2.0927734375,-0.78125,0.0625,0.0
2073,39,0.1376953125,0.71875,0.359375,1.0
2074,39,0.7998046875,-0.203125,-0.65625,0.0
2075,39,0.291015625,1.609375,0.109375,0.0
2076,40,-2.0673828125,-1.25,0.546875,1.0
2077,40,-0.5087890625,-0.65625,0.953125,0.0
2078,40,2.01953125,1.109375,0.046875,0.0
2079,40,-1.8134765625,-1.78125,0.625,0.0
2080,40,-0.6943359375,-1.140625,1.203125,0.0
2081,40,0.2822265625,-0.1875,-0.1875,1.0
2082,40,-0.5595703125,0.25,-0.265625,1.0
2083,40,-0.896484375,-0.875,0.484375,0.0
2084,40,-0.490234375,-2.125,-0.75,0.0
2085,40,0.4599609375,-0.84375,-1.5,0.0
2086,40,2.033203125,0.390625,-0.84375,0.0
2087,40,-2.037109375,-1.015625,2.6875,0.0
2088,40,1.693359375,0.140625,0.546875,1.0
2089,40,0.1962890625,1.359375,1.078125,0.0
2090,40,0.3212890625,-0.75,2.078125,1.0
2091,40,1.3916015625,0.578125,1.0,1.0
2092,40,0.4208984375,0.53125,-0.046875,1.0
2093,40,0.2529296875,-0.078125,1.0625,1.0
2094,40,2.2568359375,0.265625,-0.546875,1.0
2095,40,-1.6181640625,0.109375,1.71875,0.0
2096,40,0.2841796875,0.46875,0.328125,1.0
2097,40,0.9248046875,-0.5625,-0.34375,0.0
2098,40,-0.1015625,-0.140625,0.765625,0.0
2099,40,1.5302734375,-1.484375,-0.59375,0.0
2100,40,-1.08984375,1.1875,2.03125,0.0
2101,40,-2.29296875,-0.25,1.09375,0.0
2102,40,1.6494140625,-0.84375,0.171875,1.0
2103,40,1.126953125,-0.75,-0.171875,1.0
2104,40,-0.82421875,-0.625,-0.796875,0.0
2105,40,-1.9921875,-1.578125,0.34375,0.0
2106,40,2.091796875,1.96875,1.515625,1.0
2107,40,0.921875,-0.84375,-0.15625,1.0
2108,40,3.8828125,1.875,0.046875,1.0
2109,40,-0.9619140625,-0.28125,-1.765625,1.0
2110,40,-0.0087890625,0.109375,1.390625,0.0
2111,40,0.8154296875,-0.0625,-0.125,1.0
2112,40,0.154296875,0.828125,0.8125,1.0
2113,40,3.36328125,-0.328125,-3.28125,0.0
2114,40,-0.408203125,-0.140625,0.015625,0.0
2115,40,1.5654296875,0.046875,-1.234375,0.0
2116,40,1.9306640625,0.40625,0.265625,1.0
2117,40,0.2109375,0.875,-0.03125,1.0
2118,40,0.046875,-0.984375,0.09375,0.0
2119,40,-0.314453125,-0.75,1.25,0.0
2120,40,4.2548828125,2.46875,-1.40625,0.0
2121,40,-1.625,-2.015625,0.40625,0.0
2122,40,-0.234375,-1.140625,0.359375,1.0
